game_id,season,game_type,date,home_team,away_team,h_games,a_games,h_rest,a_rest,h_b2b,a_b2b,h_3in4,a_3in4,h_km,a_km,h_tz,a_tz,g_h_top,g_a_top,g_h_conf,g_a_conf,g_h_id,g_a_id,g_h_status,g_a_status,g_h_backup,g_a_backup,goalies_pending,thin_data,m_lh,m_la,commence_time,home_dec,away_dec,mkt_p_home,n_ml,total_line,over_dec,under_dec,mkt_p_over,n_total,pl_home,pl_home_dec,pl_away_dec,mkt_p_pl_home,n_pl,p_home_win,p_away_win,p_reg_home,p_ot,p_reg_away,exp_margin,exp_total,spread_side,spread_team,spread_line,spread_pick,spread_p_win,spread_p_push,spread_mkt_p,spread_edge_pp,spread_dec,spread_price,spread_ev,spread_strength,spread_stake,p_home_cover,pl_home_used,total_side,total_line_used,total_pick,total_p_win,total_p_push,total_mkt_p,total_edge_pp,total_dec,total_price,total_ev,total_strength,total_stake,puck_drop,puck_drop_utc,lam_home,lam_away,raw_lam_home,raw_lam_away,model,prediction_date,model_trained_at,first_seen_at,first_spread_line,first_spread_dec,first_spread_mkt_p,first_total_line_used,first_total_dec,first_total_mkt_p,first_m_lh,first_m_la
2026020001,2026,R,2026-09-29,CAR,FLA,0,0,7.0,7.0,0,0,0,0,0.0,0.0,0.0,0.0,Brandon Bussi,Jacob Markstrom,1.0,0.5,8483548,8474593,confirmed,projected,1,1,True,True,2.9354461230555424,2.722228880319121,2026-09-29T21:10:47+00:00,1.77,2.1,0.5407950002017516,9.0,6.5,2.05,1.8,0.4679166671101865,6.0,-1.5,2.86,1.43,0.3339400562862293,9.0,0.5649,0.4351,0.4454,0.2208,0.3338,0.391,6.415,home,CAR,-1.5,CAR -1.5,0.3492,0.0,0.3339,1.53,2.86,186,-0.0012,pass,0.0,0.3492,-1.5,over,6.5,Over 6.5,0.4872,0.0,0.4679,1.93,2.05,105,-0.0013,pass,0.0,"Tue Sep 29, 5:10 PM",2026-09-29T21:10:47+00:00,3.064,2.714,3.316,2.742,market,2026-09-29,2026-09-23T20:38:44+00:00,2026-09-28,-1.5,2.95,0.3263,6.5,2.0,0.4746,2.92274459211814,2.7741456745005806
2026020002,2026,R,2026-09-29,TOR,MTL,0,0,7.0,7.0,0,0,0,0,0.0,0.0,0.0,0.0,Sergei Bobrovsky,Jakub Dobes,1.0,1.0,8475683,8482487,confirmed,confirmed,0,0,False,True,2.892950230087037,2.9010288318474005,2026-09-29T23:10:00+00:00,1.91,1.91,0.5002877797956595,9.0,6.5,1.95,1.88,0.4908408774320513,9.0,1.5,1.36,3.24,0.7017084027250101,6.0,0.49,0.51,0.379,0.2211,0.3998,-0.069,6.556,away,MTL,-1.5,MTL -1.5,0.3083,0.0,0.2983,1.0,3.24,224,-0.0012,pass,0.0,0.6917,1.5,over,6.5,Over 6.5,0.5106,0.0,0.4908,1.98,1.95,-105,-0.0042,pass,0.0,"Tue Sep 29, 7:10 PM",2026-09-29T23:10:00+00:00,2.925,2.991,3.02,3.179,market,2026-09-29,2026-09-23T20:38:44+00:00,2026-09-28,1.5,1.38,0.6952,6.5,2.04,0.4707,2.83909244745252,2.83290887849024
2026020003,2026,R,2026-09-29,BOS,NYR,0,0,7.0,7.0,0,0,0,0,0.0,0.0,0.0,0.0,Jeremy Swayman,Igor Shesterkin,1.0,0.9365286062299444,8480280,8478048,confirmed,likely,0,0,False,True,2.724621311878558,2.744278318781288,2026-09-30T00:10:00+00:00,1.92,1.91,0.498108220765598,9.0,5.5,1.77,2.115,0.5420166839926642,6.0,-1.5,3.22,1.37,0.2974746559510741,6.0,0.5094,0.4906,0.3938,0.2257,0.3805,0.049,6.21,home,BOS,-1.5,BOS -1.5,0.3011,0.0,0.2975,0.37,3.22,222,-0.0303,pass,0.0,0.3011,-1.5,over,5.5,Over 5.5,0.5582,0.0,0.542,1.62,1.77,-130,-0.0119,pass,0.0,"Tue Sep 29, 8:10 PM",2026-09-30T00:10:00+00:00,2.804,2.763,2.966,2.828,market,2026-09-29,2026-09-23T20:38:44+00:00,2026-09-28,-1.5,3.15,0.3037,5.5,1.77,0.5414,2.752310342126851,2.7129484284574543
2026020004,2026,R,2026-09-29,EDM,VAN,0,0,7.0,7.0,0,0,0,0,0.0,0.0,0.0,0.0,Tristan Jarry,Kevin Lankinen,1.0,0.9349327493005098,8477465,8480947,confirmed,likely,0,0,False,True,3.671895265059789,2.330728783404396,2026-09-30T02:10:00+00:00,1.32,3.5,0.7271998950241263,9.0,6.5,1.87,1.95,0.5116231904477426,9.0,-1.5,1.8,2.05,0.5317820944463901,9.0,0.7136,0.2864,0.5935,0.1935,0.213,1.386,6.708,away,VAN,1.5,VAN +1.5,0.5053,0.0,0.4682,3.71,2.05,105,0.0359,thin,0.0,0.4947,-1.5,over,6.5,Over 6.5,0.5325,0.0,0.5116,2.09,1.87,-115,-0.0043,pass,0.0,"Tue Sep 29, 10:10 PM",2026-09-30T02:10:00+00:00,3.694,2.428,3.783,2.618,market,2026-09-29,2026-09-29T19:43:03+00:00,2026-09-28,1.5,1.95,0.4892,6.5,1.85,0.5141,3.628261328218312,2.3794626511384047
2026020005,2026,R,2026-09-29,VGK,CHI,0,0,7.0,7.0,0,0,0,0,0.0,0.0,0.0,0.0,Carter Hart,Spencer Knight,1.0,1.0,8479394,8481519,confirmed,confirmed,0,0,False,True,3.340980594151888,2.2310342863403894,2026-09-30T02:40:00+00:00,1.38,3.2,0.6991323119495336,9.0,5.5,1.71,2.15,0.5549226808434089,5.0,-1.5,2.0,1.83,0.4748893658970123,9.0,0.6918,0.3082,0.567,0.204,0.229,1.192,6.279,away,CHI,1.5,CHI +1.5,0.5346,0.0,0.5251,0.95,1.83,-120,-0.0217,pass,0.0,0.4654,-1.5,over,5.5,Over 5.5,0.5725,0.0,0.5549,1.76,1.71,-141,-0.0209,pass,0.0,"Tue Sep 29, 10:40 PM",2026-09-30T02:40:00+00:00,3.377,2.3,3.481,2.442,market,2026-09-29,2026-09-29T19:43:03+00:00,2026-09-28,1.5,1.8,0.5266,5.5,1.74,0.55,3.299629760274923,2.240455166313206
2026020006,2026,R,2026-09-30,PHI,PIT,0,0,7.0,7.0,0,0,0,0,0.0,0.0,0.0,0.0,Dan Vladar,Arturs Silovs,1.0,1.0,8478435,8481668,confirmed,confirmed,0,0,False,True,2.981327259554508,2.6293465789420427,2026-09-30T23:30:00+00:00,1.7,2.22,0.5663415436901017,9.0,6.0,1.865,1.96,0.5136841660695893,6.0,-1.5,2.8,1.47,0.3462697309888725,9.0,0.5598,0.4402,0.4402,0.222,0.3378,0.357,6.346,away,PIT,1.5,PIT +1.5,0.656,0.0,0.6537,0.23,1.47,-213,-0.0357,pass,0.0,0.344,-1.5,over,6.0,Over 6,0.4757,0.1051,0.5137,1.79,1.865,-116,-0.0077,pass,0.0,"Wed Sep 30, 7:30 PM",2026-09-30T23:30:00+00:00,3.013,2.694,3.101,2.831,market,2026-09-30,2026-09-29T19:43:03+00:00,2026-09-29,1.5,1.47,0.654,6.0,1.875,0.5106,2.9590916970577803,2.634501609194521
2026020008,2026,R,2026-09-30,TOR,NYI,1,0,1.0,7.0,1,0,0,0,0.0,0.0,0.0,0.0,Anthony Stolarz,Ilya Sorokin,1.0,0.967587797470528,8476932,8478009,confirmed,likely,0,0,False,True,2.8607187011453528,2.6353567727342764,2026-09-30T23:40:00+00:00,1.77,2.1,0.5437188549636467,9.0,6.0,1.94,1.885,0.4928456870013294,6.0,-1.5,2.95,1.43,0.3283732214687406,9.0,0.5178,0.4822,0.4014,0.2253,0.3733,0.1,6.234,away,NYI,1.5,NYI +1.5,0.6919,0.0,0.6716,2.03,1.43,-233,-0.0106,pass,0.0,0.3081,-1.5,over,6.0,Over 6,0.457,0.1051,0.4928,1.79,1.94,-106,-0.0083,pass,0.0,"Wed Sep 30, 7:40 PM",2026-09-30T23:40:00+00:00,2.838,2.752,2.839,2.971,market,2026-09-30,2026-09-29T19:43:03+00:00,2026-09-29,1.5,1.4249999999999998,0.6713,5.5,1.76,0.5411,2.807950297597356,2.6556980100317933
2026020007,2026,R,2026-09-30,COL,LAK,0,0,7.0,7.0,0,0,0,0,0.0,0.0,0.0,0.0,Mackenzie Blackwood,Darcy Kuemper,1.0,0.9020965276340708,8478406,8475311,confirmed,likely,0,0,False,True,3.238353293795042,2.4634813277275485,2026-10-01T02:10:00+00:00,1.5,2.7,0.6405197200281549,9.0,6.5,2.02,1.82,0.4706870467172743,5.0,-1.5,2.3,1.65,0.4175210946753001,9.0,0.6398,0.3602,0.5164,0.2122,0.2714,0.862,6.414,away,LAK,1.5,LAK +1.5,0.5835,0.0,0.5825,0.11,1.65,-154,-0.0372,pass,0.0,0.4165,-1.5,over,6.5,Over 6.5,0.486,0.0,0.4707,1.53,2.02,102,-0.0183,pass,0.0,"Wed Sep 30, 10:10 PM",2026-10-01T02:10:00+00:00,3.286,2.508,3.4,2.608,market,2026-09-30,2026-09-29T19:43:03+00:00,2026-09-29,1.5,1.63,0.5903,6.0,1.83,0.5217,3.1648561570231566,2.50020331620373
2026020009,2026,R,2026-10-01,NJD,PHI,0,1,7.0,1.0,0,1,0,0,0.0,125.5696232799812,0.0,0.0,Jake Allen,Joseph Woll,1.0,0.85,8474596,8479361,confirmed,likely,0,1,False,True,2.979020025351797,2.405212351675242,2026-10-01T23:10:00+00:00,1.58,2.46,0.6088234550907308,9.0,5.5,1.82,2.0,0.5264932772606485,9.0,-1.5,2.48,1.57,0.385733570023742,9.0,0.6115,0.3885,0.4863,0.2207,0.2931,0.664,6.091,away,PHI,1.5,PHI +1.5,0.6143,0.0,0.6143,0.01,1.57,-175,-0.0355,pass,0.0,0.3857,-1.5,over,5.5,Over 5.5,0.5391,0.0,0.5265,1.26,1.82,-122,-0.0189,pass,0.0,"Thu Oct 1, 7:10 PM",2026-10-01T23:10:00+00:00,3.026,2.433,3.131,2.502,market,2026-10-01,2026-09-29T19:43:03+00:00,2026-09-30,1.5,1.52,0.6301,5.5,1.85,0.5147,2.888981110305135,2.423702067560888
2026020010,2026,R,2026-10-01,NYR,TBL,1,0,2.0,7.0,0,0,0,0,302.89362810239845,0.0,0.0,0.0,Igor Shesterkin,Andrei Vasilevskiy,1.0,0.9794170725576726,8478048,8476883,confirmed,likely,0,0,False,True,2.4948648322382545,2.894910271730913,2026-10-01T23:10:00+00:00,2.25,1.68,0.4267205586643041,9.0,5.5,1.82,2.01,0.528074402526904,9.0,1.5,1.48,2.73,0.6492303526740445,9.0,0.4332,0.5668,0.3274,0.2249,0.4477,-0.406,6.083,home,NYR,1.5,NYR +1.5,0.6505,0.0,0.6492,0.13,1.48,-208,-0.0373,pass,0.0,0.6505,1.5,over,5.5,Over 5.5,0.5371,0.0,0.5281,0.9,1.82,-122,-0.0225,pass,0.0,"Thu Oct 1, 7:10 PM",2026-10-01T23:10:00+00:00,2.538,2.905,2.623,2.942,market,2026-10-01,2026-09-29T19:43:03+00:00,2026-09-30,1.5,1.45,0.6544,6.0,2.03,0.4757,2.528923026827698,2.8787866820244785
2026020011,2026,R,2026-10-01,CBJ,BUF,0,0,7.0,7.0,0,0,0,0,0.0,0.0,0.0,0.0,Jet Greaves,Ukko-Pekka Luukkonen,0.9654650766562484,1.0,8482982,8480045,likely,confirmed,0,0,False,True,2.759955160296506,2.8324684640053843,2026-10-01T23:10:00+00:00,1.96,1.87,0.4883861984456909,9.0,6.0,1.875,1.96,0.5110979196377226,6.0,1.5,1.37,3.2,0.6974103457029162,9.0,0.4985,0.5015,0.3853,0.2237,0.391,-0.016,6.361,home,CBJ,1.5,CBJ +1.5,0.7006,0.0,0.6974,0.32,1.37,-270,-0.0401,pass,0.0,0.7006,1.5,over,6.0,Over 6,0.4784,0.1046,0.5111,2.32,1.875,-114,0.0016,pass,0.0,"Thu Oct 1, 7:10 PM",2026-10-01T23:10:00+00:00,2.85,2.868,3.042,2.971,market,2026-10-01,2026-09-29T19:43:03+00:00,2026-09-30,-1.5,3.2,0.3004,6.0,1.92,0.5042,2.78193683305916,2.773324927407242
2026020012,2026,R,2026-10-01,NSH,MIN,0,0,7.0,7.0,0,0,0,0,0.0,0.0,0.0,0.0,Juuse Saros,Jesper Wallstedt,1.0,0.8624901649016408,8477424,8482661,confirmed,projected,0,0,True,True,2.594997838217684,2.9839171020557576,2026-10-02T00:10:00+00:00,2.25,1.68,0.4301864972682164,9.0,6.0,1.885,1.95,0.5076143177248014,6.0,1.5,1.5,2.71,0.644476859594813,9.0,0.4367,0.5633,0.332,0.2212,0.4468,-0.394,6.375,home,NSH,1.5,NSH +1.5,0.6496,0.0,0.6445,0.52,1.5,-200,-0.0255,pass,0.0,0.6496,1.5,over,6.0,Over 6,0.4805,0.1051,0.5076,2.94,1.885,-113,0.0109,pass,0.0,"Thu Oct 1, 8:10 PM",2026-10-02T00:10:00+00:00,2.689,3.048,2.896,3.213,market,2026-10-01,2026-09-29T19:43:03+00:00,2026-09-30,1.5,1.505,0.6331,6.5,2.1,0.4614,2.606865007625258,3.0180485935841825
2026020013,2026,R,2026-10-01,UTA,CHI,0,1,7.0,2.0,0,0,0,0,0.0,592.0011034242252,0.0,1.0,Karel Vejmelka,Arvid Soderblom,0.9810246491083193,1.0,8478872,8482821,likely,confirmed,0,1,False,True,3.3300683520660854,2.3809712707609547,2026-10-02T01:10:00+00:00,1.43,2.9,0.669999985964558,9.0,6.0,1.8050000000000002,2.035,0.5272963046182082,6.0,-1.5,2.12,1.75,0.45262085472607655,9.0,0.6648,0.3352,0.5412,0.2077,0.2512,1.026,6.432,away,CHI,1.5,CHI +1.5,0.5592,0.0,0.5474,1.19,1.75,-133,-0.0213,pass,0.0,0.4408,-1.5,over,6.0,Over 6,0.4884,0.1081,0.5273,2.03,1.8050000000000002,-124,-0.0103,pass,0.0,"Thu Oct 1, 9:10 PM",2026-10-02T01:10:00+00:00,3.374,2.446,3.492,2.585,market,2026-10-01,2026-09-29T19:43:03+00:00,2026-09-30,1.5,1.68,0.57,6.0,1.97,0.4847,3.137166635580447,2.337476412127612
2026020014,2026,R,2026-10-01,CGY,SEA,0,0,7.0,7.0,0,0,0,0,0.0,0.0,0.0,0.0,Dustin Wolf,Joey Daccord,1.0,1.0,8481692,8478916,confirmed,confirmed,0,0,False,True,2.7027417335558677,2.699217726530749,2026-10-02T01:15:00+00:00,1.9049999999999998,1.93,0.502454617910981,8.0,6.0,2.005,1.83,0.4754964648620952,6.0,-1.5,3.25,1.36,0.2975856012698512,7.0,0.5047,0.4953,0.3894,0.2263,0.3843,0.021,6.176,home,CGY,-1.5,CGY -1.5,0.2971,0.0,0.2976,-0.05,3.25,+225,-0.0345,pass,0.0,0.2971,-1.5,over,6.0,Over 6,0.4472,0.1052,0.4755,2.44,2.005,+100,0.002,pass,0.0,"Thu Oct 1, 9:15 PM",2026-10-02T01:15:00+00:00,2.774,2.758,2.935,2.899,market,2026-10-01,2026-09-29T19:43:03+00:00,2026-09-30,-1.5,3.175,0.3007,5.5,1.775,0.5385,2.7414057670732026,2.7062294940700173
2026020015,2026,R,2026-10-01,VAN,EDM,1,1,2.0,2.0,0,0,0,0,817.2138833108589,817.2138833108589,-1.0,-1.0,Kevin Lankinen,Devon Levi,0.9403353283635935,1.0,8480947,8482221,likely,confirmed,0,0,False,True,2.557419824064307,3.491989404823057,2026-10-02T02:10:00+00:00,2.8,1.45,0.34070793814411454,9.0,6.5,1.82,2.05,0.5258284355881114,9.0,1.5,1.78,2.05,0.5410375553024148,9.0,0.3565,0.6435,0.267,0.2073,0.5257,-0.922,6.727,home,VAN,1.5,VAN +1.5,0.5727,0.0,0.541,3.17,1.78,-128,0.0194,pass,0.0,0.5727,1.5,over,6.5,Over 6.5,0.5371,0.0,0.5258,1.13,1.82,-122,-0.0225,pass,0.0,"Thu Oct 1, 10:10 PM",2026-10-02T02:10:00+00:00,2.634,3.478,2.775,3.484,market,2026-10-01,2026-09-29T19:43:03+00:00,2026-09-30,1.5,1.7,0.5618,6.5,1.88,0.5116,2.5621085204540246,3.3910278989916267
2026020016,2026,R,2026-10-01,SJS,FLA,0,1,7.0,2.0,0,0,0,0,0.0,3826.1306496116104,0.0,-3.0,Yaroslav Askarov,Akira Schmid,1.0,1.0,8482137,8481033,confirmed,confirmed,0,1,False,True,2.6906602404650766,3.116530027366528,2026-10-02T02:10:00+00:00,2.25,1.67,0.4251984389370219,9.0,6.5,1.94,1.87,0.49154996423990777,9.0,1.5,1.52,2.64,0.6336619179665038,9.0,0.439,0.561,0.3347,0.2197,0.4457,-0.384,6.505,home,SJS,1.5,SJS +1.5,0.6501,0.0,0.6337,1.64,1.52,-192,-0.0119,pass,0.0,0.6501,1.5,over,6.5,Over 6.5,0.502,0.0,0.4915,1.05,1.94,-106,-0.026,pass,0.0,"Thu Oct 1, 10:10 PM",2026-10-02T02:10:00+00:00,2.759,3.109,2.887,3.124,market,2026-10-01,2026-09-29T19:43:03+00:00,2026-09-30,1.5,1.5,0.6383,6.0,1.84,0.5221,2.6322541551733054,3.024983684640816
2026020017,2026,R,2026-10-02,DET,NYR,0,1,7.0,1.0,0,1,0,1,0.0,774.1879791396976,0.0,0.0,John Gibson,Igor Shesterkin,0.9091634189477595,0.6909982416491296,8476434,8478048,projected,projected,0,0,True,True,2.886860156686762,2.6345595381098694,2026-10-02T22:40:00+00:00,1.74,2.1,0.5485829099434476,5.0,5.5,1.73,2.12,0.5505524938065838,4.0,-1.5,2.8,1.45,0.3390150786953351,5.0,0.566,0.434,0.4449,0.2233,0.3318,0.392,6.224,home,DET,-1.5,DET -1.5,0.3478,0.0,0.339,0.87,2.8,+180,-0.0263,pass,0.0,0.3478,-1.5,over,5.5,Over 5.5,0.5609,0.0,0.5506,1.03,1.73,-137,-0.0297,pass,0.0,"Fri Oct 2, 6:40 PM",2026-10-02T22:40:00+00:00,2.967,2.618,3.118,2.615,market,2026-10-01,2026-09-29T19:43:03+00:00,2026-10-01,-1.5,2.8,0.3406,5.5,1.74,0.5464,2.8925399261094937,2.6040484484340403
2026020018,2026,R,2026-10-02,CAR,WSH,1,0,3.0,7.0,0,0,0,0,0.0,0.0,0.0,0.0,Pyotr Kochetkov,Logan Thompson,0.5,1.0,8481611,8480313,projected,confirmed,1,0,True,True,3.0225112322890726,2.6456469685609894,2026-10-02T23:00:00+00:00,1.69,2.25,0.570459941366718,9.0,6.0,1.83,2.02,0.524156320804569,5.0,-1.5,2.645,1.495,0.36038501701901976,6.0,0.5778,0.4222,0.4569,0.2205,0.3226,0.469,6.364,away,WSH,1.5,WSH +1.5,0.6403,0.0,0.6396,0.07,1.495,-202,-0.0427,pass,0.0,0.3597,-1.5,over,6.0,Over 6,0.4785,0.1054,0.5242,1.07,1.83,-120,-0.019,pass,0.0,"Fri Oct 2, 7:00 PM",2026-10-02T23:00:00+00:00,3.074,2.654,3.179,2.688,market,2026-10-01,2026-09-29T19:43:03+00:00,2026-10-01,1.5,1.51,0.6372,6.5,2.07,0.46,3.009058890829433,2.6071269952011926
2026020019,2026,R,2026-10-02,WPG,BOS,0,1,7.0,3.0,0,0,0,0,0.0,2163.083710708162,0.0,-1.0,Stuart Skinner,Jeremy Swayman,0.5,0.9129639508222289,8479973,8480280,projected,projected,1,0,True,True,2.7841905569054193,2.6705998468763408,2026-10-03T00:10:00+00:00,1.83,2.01,0.5230438264497993,8.0,5.5,1.78,2.09,0.5396104029764137,7.0,-1.5,3.05,1.38,0.31147889358343883,5.0,0.5213,0.4787,0.4044,0.2256,0.37,0.121,6.206,away,BOS,1.5,BOS +1.5,0.6894,0.0,0.6885,0.08,1.38,-263,-0.0487,pass,0.0,0.3106,-1.5,over,5.5,Over 5.5,0.5576,0.0,0.5396,1.79,1.78,-128,-0.0075,pass,0.0,"Fri Oct 2, 8:10 PM",2026-10-03T00:10:00+00:00,2.834,2.728,2.954,2.86,market,2026-10-01,2026-09-29T19:43:03+00:00,2026-10-01,1.5,1.39,0.6866,5.5,1.775,0.5398,2.7649899201663946,2.690620613396887
2026020020,2026,R,2026-10-02,DAL,STL,0,0,7.0,7.0,0,0,0,0,0.0,0.0,0.0,0.0,Jake Oettinger,Joel Hofer,0.9111533731576422,0.8181075052364513,8479979,8480981,projected,projected,0,0,True,True,3.120153868891751,2.4165183584660697,2026-10-03T01:10:00+00:00,1.525,2.6,0.6302831079505344,8.0,6.0,1.93,1.91,0.4973944380227103,5.0,-1.5,2.25,1.65,0.42008612523848543,5.0,0.6219,0.3781,0.4977,0.2171,0.2852,0.738,6.247,away,STL,1.5,STL +1.5,0.6025,0.0,0.5799,2.26,1.65,-154,-0.0058,pass,0.0,0.3975,-1.5,over,6.0,Over 6,0.4583,0.1072,0.4974,1.59,1.93,-108,-0.0083,pass,0.0,"Fri Oct 2, 9:10 PM",2026-10-03T01:10:00+00:00,3.141,2.479,3.209,2.605,market,2026-10-01,2026-09-29T19:43:03+00:00,2026-10-01,1.5,1.69,0.577,6.0,1.935,0.4967,3.137502569994884,2.397598977896257
2026020021,2026,R,2026-10-02,VGK,ANA,1,0,3.0,7.0,0,0,0,0,0.0,0.0,0.0,0.0,Carter Hart,Lukas Dostal,0.9599851335156917,0.9436668308103627,8479394,8480843,projected,projected,0,0,True,True,3.297953231012306,2.623983494317149,2026-10-03T02:10:00+00:00,1.56,2.545,0.6204490724066025,8.0,6.5,1.9,1.91,0.508220626531298,8.0,-1.5,2.32,1.65,0.4111786645134776,5.0,0.6101,0.3899,0.4895,0.2136,0.2968,0.685,6.637,away,ANA,1.5,ANA +1.5,0.6081,0.0,0.5888,1.93,1.65,-154,0.0034,pass,0.0,0.3919,-1.5,over,6.5,Over 6.5,0.5231,0.0,0.5082,1.48,1.9,-111,-0.0062,pass,0.0,"Fri Oct 2, 10:10 PM",2026-10-03T02:10:00+00:00,3.315,2.696,3.377,2.838,market,2026-10-01,2026-09-29T19:43:03+00:00,2026-10-01,1.5,1.635,0.5921,6.5,1.91,0.5013,3.265414994089752,2.612711215776455
