game_id,pulled_at,event_id,commence_time,date,home_team,away_team,home_dec,away_dec,p_home,n_ml,total_line,over_dec,under_dec,p_over,n_total,pl_home,pl_home_dec,pl_away_dec,p_pl_home,n_pl
2026020001,2026-09-28T20:34:18+00:00,9de33ce1013f2a3375dbded2c9fbc7d6,2026-09-29T21:00:47+00:00,2026-09-29,CAR,FLA,1.82,2.05,0.5288755119160791,9,6.5,2.0,1.83,0.4746287391689199,9,-1.5,2.95,1.43,0.32633473317746,9
2026020002,2026-09-28T20:34:18+00:00,485b295347cb22f002e014cb87813ed7,2026-09-29T23:10:00+00:00,2026-09-29,TOR,MTL,1.91,1.91,0.5028937231675982,9,6.5,2.04,1.81,0.4706825487102056,6,-1.5,3.145,1.38,0.3048460346502946,6
2026020003,2026-09-28T20:34:18+00:00,ac3cb11040dbdb0d2ccfa53e7d6b6cda,2026-09-30T00:10:00+00:00,2026-09-29,BOS,NYR,1.88,1.95,0.5091455608472304,9,5.5,1.77,2.1,0.5414032580521759,6,-1.5,3.15,1.38,0.30370828127328586,9
2026020004,2026-09-28T20:34:18+00:00,82c96670ad269b3647066b5e5032e0fd,2026-09-30T02:10:00+00:00,2026-09-29,EDM,VAN,1.35,3.35,0.7130277076646733,9,6.5,1.85,1.96,0.5141481227393088,9,-1.5,1.87,1.95,0.5107552057652391,9
2026020005,2026-09-28T20:34:18+00:00,deceabd9bfa9fdbfb352546844ecee9b,2026-09-30T02:40:00+00:00,2026-09-29,VGK,CHI,1.39,3.15,0.6913412526101044,9,5.5,1.74,2.13,0.5499696247579302,6,-1.5,2.05,1.8,0.4733714182859582,9
2026020006,2026-09-28T20:34:18+00:00,255dd8cc841121349fe98f49791da840,2026-09-30T23:30:00+00:00,2026-09-30,PHI,PIT,1.75,2.15,0.5520259071369379,7,5.5,1.775,2.1100000000000003,0.542217125754142,6,-1.5,2.8,1.455,0.34356432755298494,8
2026020008,2026-09-28T20:34:18+00:00,86ec2098c2ac5801e32fbde493581558,2026-09-30T23:40:00+00:00,2026-09-30,TOR,NYI,1.8,2.05,0.5307834028460662,3,5.5,1.8399999999999999,1.985,0.5186723268118617,2,-1.5,2.95,1.42,0.32184662095078614,3
2026020007,2026-09-28T20:34:18+00:00,13520f2d7e050ef0f37b2c8ba7ff4a53,2026-10-01T02:10:00+00:00,2026-09-30,COL,LAK,1.56,2.545,0.6197139324000185,8,6.0,1.9,1.94,0.5047720357774326,6,-1.5,2.355,1.62,0.40533621667984643,8
2026020011,2026-09-28T20:34:18+00:00,4cfafb524b2107d73365ce0709b59dd8,2026-10-01T23:10:00+00:00,2026-10-01,CBJ,BUF,1.87,1.95,0.5104712041884817,3,6.5,2.1,1.77,0.4573643410852713,1,-1.5,3.0999999999999996,1.39,0.3096212515812188,2
2026020009,2026-09-28T20:34:18+00:00,adafb8ad64a5e4413184d98e9c06820d,2026-10-01T23:10:00+00:00,2026-10-01,NJD,PHI,1.69,2.2,0.5716941330032493,3,5.5,1.87,1.95,0.5104712041884817,2,-1.5,2.7,1.49,0.3542520487505845,3
2026020010,2026-09-28T20:34:18+00:00,d0da884cccf9d1c73f498109c9ccbfa5,2026-10-01T23:10:00+00:00,2026-10-01,NYR,TBL,2.2,1.7,0.43589496337377653,3,5.5,1.77,2.1,0.5426356589147286,2,1.5,1.46,2.8,0.651551580528133,3
2026020012,2026-09-28T20:34:18+00:00,d7ee30a18a428cc3a3f08a82b0c482d4,2026-10-02T00:10:00+00:00,2026-10-01,NSH,MIN,2.245,1.6749999999999998,0.4272959183673469,2,6.5,2.1,1.77,0.4573643410852713,1,1.5,1.51,2.625,0.6346957040572793,2
2026020014,2026-09-28T20:34:18+00:00,d120fca986fb8752c71db9002a8dd1b7,2026-10-02T01:10:00+00:00,2026-10-01,CGY,SEA,1.87,1.95,0.5104712041884817,3,5.5,1.91,1.91,0.5017452006980803,3,-1.5,3.125,1.3849999999999998,0.30710629950294244,2
2026020013,2026-09-28T20:34:18+00:00,4d301bd0ac75067598d134600a80918c,2026-10-02T01:10:00+00:00,2026-10-01,UTA,CHI,1.52,2.6,0.6318953665299566,3,5.5,1.85,1.98,0.5148045876450726,3,-1.5,2.25,1.68,0.4256549357815181,3
2026020015,2026-09-28T20:34:18+00:00,fd5a73a467bdf52881aac58d5fb71b58,2026-10-02T02:10:00+00:00,2026-10-01,VAN,EDM,2.645,1.51,0.3637190551071715,4,6.5,1.91,1.91,0.5009842519685039,4,1.5,1.685,2.1950000000000003,0.5669962687036576,4
2026020016,2026-09-28T20:34:18+00:00,6b3f5ca8c7e1a314027966d8854d7989,2026-10-02T02:10:00+00:00,2026-10-01,SJS,FLA,2.145,1.725,0.44548098576181455,4,6.5,2.02,1.82,0.4739352538319075,3,1.5,1.46,2.7649999999999997,0.6533962129300401,4
2026020017,2026-09-28T20:34:18+00:00,5b5466f836933f5fb3ed4b9f267cce75,2026-10-02T22:40:00+00:00,2026-10-02,DET,NYR,1.7,2.2,0.5641050366262235,3,6.5,2.17,1.725,0.4428968808500541,2,-1.5,2.8,1.45,0.34169198195710204,3
2026020019,2026-09-28T20:34:18+00:00,f5a9759e52a784d5fdcc1f3a2fcfc5a2,2026-10-03T00:10:00+00:00,2026-10-02,WPG,BOS,1.91,1.91,0.4965095986038395,3,5.5,1.8,2.05,0.5324675324675325,2,-1.5,3.175,1.37,0.3014406878122458,2
2026020020,2026-09-28T20:34:18+00:00,797f03124f9bb08624b199c28f621c61,2026-10-03T01:10:00+00:00,2026-10-02,DAL,STL,1.49,2.7,0.6457479512494154,3,5.5,1.88,1.9449999999999998,0.5084788046970048,2,-1.5,2.2,1.7,0.43589496337377653,3
2026020022,2026-09-28T20:34:18+00:00,8d556511643d0c038bff0b7cf4f2b64f,2026-10-03T23:10:00+00:00,2026-10-03,BUF,CHI,1.45,2.8,0.6583080180428978,3,5.5,1.74,2.1500000000000004,0.5526477527310216,2,-1.5,2.14,1.74,0.44931692062819645,3
2026020026,2026-09-28T20:34:18+00:00,53b58ae0f99c8172ebee3bd82e7c83a7,2026-10-03T23:10:00+00:00,2026-10-03,PIT,MTL,1.91,1.91,0.5,3,6.5,2.125,1.755,0.4523325561467488,2,-1.5,3.1500000000000004,1.375,0.30391122572578433,2
2026020024,2026-09-28T20:34:18+00:00,25079431893a620763e5a454d7991922,2026-10-03T23:10:00+00:00,2026-10-03,TBL,WSH,1.68,2.24,0.570554938320387,3,5.5,1.74,2.145,0.5521228102721756,2,-1.5,2.7,1.5,0.35806574405360964,3
2026020029,2026-09-28T20:34:18+00:00,3e2c8a883cae029144e27e4fca5ae9e8,2026-10-03T23:40:00+00:00,2026-10-03,NYI,NJD,1.87,1.95,0.5091474945206166,3,5.5,1.77,2.1,0.5426356589147286,2,-1.5,3.05,1.41,0.31311063451831633,3
2026020031,2026-09-28T20:34:18+00:00,3a9af73961ea2f2322255a6fca4d421e,2026-10-04T00:10:00+00:00,2026-10-03,MIN,BOS,1.55,2.54,0.6188996974959982,3,6.5,2.255,1.68,0.4269439421338156,2,-1.5,2.35,1.62,0.40439352713456794,3
2026020037,2026-09-28T20:34:18+00:00,6cac1fc86136075a23655625562fd8dc,2026-10-05T00:10:00+00:00,2026-10-04,ANA,FLA,2.075,1.7850000000000001,0.46244840430886947,2,6.5,1.77,2.1,0.5426356589147286,2,1.5,1.43,2.9000000000000004,0.6696964362868254,2
2026020038,2026-09-28T20:34:18+00:00,d90c875a1c75ed65db6e3dc2f4a1afcc,2026-10-05T00:10:00+00:00,2026-10-04,SEA,CGY,1.755,2.12,0.547091025333653,2,5.5,1.93,1.8900000000000001,0.4947643979057592,2,-1.5,2.8,1.455,0.34194973764153547,2
2026020045,2026-09-28T20:34:18+00:00,3b7b6520b0bc91f44cf9c9575d7e29f7,2026-10-06T23:10:00+00:00,2026-10-06,MTL,CAR,1.98,1.85,0.4830287206266319,1,6.5,2.0,1.83,0.47780678851174935,1,1.5,1.41,3.0,0.6802721088435374,1
2026020050,2026-09-28T20:34:18+00:00,e77f5de1229c03c1338f5cf3eb6797ba,2026-10-07T00:10:00+00:00,2026-10-06,CHI,STL,1.95,1.87,0.4895287958115184,1,5.5,2.0,1.83,0.47780678851174935,1,1.5,1.4,3.05,0.6853932584269663,1
2026020052,2026-09-28T20:34:18+00:00,3a95439904d3d0af12970bb0c8e66a3a,2026-10-07T02:40:00+00:00,2026-10-06,LAK,FLA,2.05,1.8,0.4675324675324676,1,5.5,1.77,2.1,0.5426356589147286,1,1.5,1.42,2.95,0.6750572082379863,1
2026020053,2026-09-28T20:34:18+00:00,8112572f236320d4d4c99b6eb0989b94,2026-10-07T23:40:00+00:00,2026-10-07,WSH,PIT,1.59,2.42,0.6034912718204488,1,6.5,2.14,1.74,0.4484536082474227,1,-1.5,2.45,1.57,0.39054726368159204,1
2026020059,2026-09-28T20:34:18+00:00,9f6db651fe2d7363616cc72625c4972d,2026-10-08T23:10:00+00:00,2026-10-08,OTT,PHI,1.89,1.93,0.5052356020942408,1,5.5,1.98,1.85,0.4830287206266319,1,-1.5,3.05,1.4,0.3146067415730337,1
2026020063,2026-09-28T20:34:18+00:00,01d78cd04d7c4fb958e1d02bace05ec4,2026-10-09T00:10:00+00:00,2026-10-08,STL,SJS,1.95,1.87,0.4895287958115184,1,5.5,1.91,1.91,0.5,1,1.5,1.4,3.05,0.6853932584269663,1
2026020073,2026-09-28T20:34:18+00:00,4951992db982c394e261970cbfb52332,2026-10-10T22:10:00+00:00,2026-10-10,FLA,MIN,1.68,2.24,0.5714285714285715,1,6.5,2.05,1.8,0.4675324675324676,1,-1.5,2.7,1.49,0.3556085918854415,1
2026020001,2026-09-29T01:16:19+00:00,9de33ce1013f2a3375dbded2c9fbc7d6,2026-09-29T21:00:47+00:00,2026-09-29,CAR,FLA,1.77,2.1,0.5397783910631732,9,6.5,2.0,1.83,0.47462866005701554,9,-1.5,2.9,1.43,0.33005247674554433,9
2026020002,2026-09-29T01:16:19+00:00,485b295347cb22f002e014cb87813ed7,2026-09-29T23:10:00+00:00,2026-09-29,TOR,MTL,1.92,1.91,0.4998465765075516,9,6.5,1.99,1.83,0.4796787391320618,9,-1.5,3.19,1.38,0.30242274759603255,6
2026020003,2026-09-29T01:16:19+00:00,ac3cb11040dbdb0d2ccfa53e7d6b6cda,2026-09-30T00:10:00+00:00,2026-09-29,BOS,NYR,1.89,1.94,0.5052379515644815,9,5.5,1.77,2.1,0.5411694942230781,6,-1.5,3.19,1.38,0.3031698573868444,9
2026020004,2026-09-29T01:16:19+00:00,82c96670ad269b3647066b5e5032e0fd,2026-09-30T02:10:00+00:00,2026-09-29,EDM,VAN,1.34,3.4,0.7170051016677574,9,6.5,1.86,1.96,0.5121734488295558,9,-1.5,1.83,2.0,0.5211826989054819,9
2026020005,2026-09-29T01:16:19+00:00,deceabd9bfa9fdbfb352546844ecee9b,2026-09-30T02:40:00+00:00,2026-09-29,VGK,CHI,1.39,3.15,0.6914228953554467,9,5.5,1.74,2.13,0.5499696247579302,6,-1.5,2.05,1.8,0.4735141023366882,9
2026020006,2026-09-29T01:16:19+00:00,255dd8cc841121349fe98f49791da840,2026-09-30T23:30:00+00:00,2026-09-30,PHI,PIT,1.74,2.15,0.552582711683619,8,6.0,1.89,1.95,0.505864536447461,6,-1.5,2.8,1.455,0.3426061443210884,8
2026020008,2026-09-29T01:16:19+00:00,86ec2098c2ac5801e32fbde493581558,2026-09-30T23:40:00+00:00,2026-09-30,TOR,NYI,1.8,2.05,0.5294984247863829,3,5.5,1.795,2.0300000000000002,0.5305770887166236,2,-1.5,2.95,1.42,0.3229990500340288,3
2026020007,2026-09-29T01:16:19+00:00,13520f2d7e050ef0f37b2c8ba7ff4a53,2026-10-01T02:10:00+00:00,2026-09-30,COL,LAK,1.5550000000000002,2.56,0.6205490183829456,8,6.0,1.895,1.95,0.5067462265693704,6,-1.5,2.35,1.635,0.40783302776185515,8
2026020011,2026-09-29T01:16:19+00:00,4cfafb524b2107d73365ce0709b59dd8,2026-10-01T23:10:00+00:00,2026-10-01,CBJ,BUF,1.87,1.95,0.5104712041884817,3,6.5,2.1,1.77,0.4573643410852713,1,-1.5,3.0999999999999996,1.39,0.3096212515812188,2
2026020009,2026-09-29T01:16:19+00:00,adafb8ad64a5e4413184d98e9c06820d,2026-10-01T23:10:00+00:00,2026-10-01,NJD,PHI,1.69,2.2,0.5716941330032493,3,5.5,1.87,1.95,0.5104712041884817,2,-1.5,2.7,1.49,0.3542520487505845,3
2026020010,2026-09-29T01:16:19+00:00,d0da884cccf9d1c73f498109c9ccbfa5,2026-10-01T23:10:00+00:00,2026-10-01,NYR,TBL,2.2,1.7,0.43589496337377653,3,5.5,1.77,2.1,0.5426356589147286,2,1.5,1.46,2.8,0.651551580528133,3
2026020012,2026-09-29T01:16:19+00:00,d7ee30a18a428cc3a3f08a82b0c482d4,2026-10-02T00:10:00+00:00,2026-10-01,NSH,MIN,2.245,1.6749999999999998,0.4272959183673469,2,6.5,2.1,1.77,0.4573643410852713,1,1.5,1.51,2.625,0.6346957040572793,2
2026020014,2026-09-29T01:16:19+00:00,d120fca986fb8752c71db9002a8dd1b7,2026-10-02T01:10:00+00:00,2026-10-01,CGY,SEA,1.87,1.95,0.5104712041884817,3,5.5,1.91,1.91,0.5017452006980803,3,-1.5,3.125,1.3849999999999998,0.30710629950294244,2
2026020013,2026-09-29T01:16:19+00:00,4d301bd0ac75067598d134600a80918c,2026-10-02T01:10:00+00:00,2026-10-01,UTA,CHI,1.52,2.6,0.6318953665299566,3,5.5,1.85,1.98,0.5148045876450726,3,-1.5,2.25,1.68,0.4256549357815181,3
2026020015,2026-09-29T01:16:19+00:00,fd5a73a467bdf52881aac58d5fb71b58,2026-10-02T02:10:00+00:00,2026-10-01,VAN,EDM,2.645,1.51,0.3637190551071715,4,6.5,1.91,1.91,0.5009842519685039,4,1.5,1.685,2.1950000000000003,0.5669962687036576,4
2026020016,2026-09-29T01:16:19+00:00,6b3f5ca8c7e1a314027966d8854d7989,2026-10-02T02:10:00+00:00,2026-10-01,SJS,FLA,2.145,1.725,0.44548098576181455,4,6.5,2.02,1.82,0.4739352538319075,3,1.5,1.46,2.7649999999999997,0.6533962129300401,4
2026020017,2026-09-29T01:16:19+00:00,5b5466f836933f5fb3ed4b9f267cce75,2026-10-02T22:40:00+00:00,2026-10-02,DET,NYR,1.7,2.2,0.5641050366262235,3,6.5,2.17,1.725,0.4428968808500541,2,-1.5,2.8,1.45,0.34169198195710204,3
2026020019,2026-09-29T01:16:19+00:00,f5a9759e52a784d5fdcc1f3a2fcfc5a2,2026-10-03T00:10:00+00:00,2026-10-02,WPG,BOS,1.93,1.8900000000000001,0.4944294430473678,4,5.5,1.8,2.05,0.5324675324675325,2,1.5,1.395,3.0300000000000002,0.6847306490163634,2
2026020020,2026-09-29T01:16:19+00:00,797f03124f9bb08624b199c28f621c61,2026-10-03T01:10:00+00:00,2026-10-02,DAL,STL,1.49,2.7,0.6457479512494154,3,5.5,1.88,1.9449999999999998,0.5084788046970048,2,-1.5,2.2,1.7,0.43589496337377653,3
2026020022,2026-09-29T01:16:19+00:00,8d556511643d0c038bff0b7cf4f2b64f,2026-10-03T23:10:00+00:00,2026-10-03,BUF,CHI,1.45,2.8,0.6583080180428978,3,5.5,1.74,2.1500000000000004,0.5526477527310216,2,-1.5,2.14,1.74,0.44931692062819645,3
2026020026,2026-09-29T01:16:19+00:00,53b58ae0f99c8172ebee3bd82e7c83a7,2026-10-03T23:10:00+00:00,2026-10-03,PIT,MTL,1.91,1.91,0.5,3,6.5,2.125,1.755,0.4523325561467488,2,-1.5,3.1500000000000004,1.375,0.30391122572578433,2
2026020024,2026-09-29T01:16:19+00:00,25079431893a620763e5a454d7991922,2026-10-03T23:10:00+00:00,2026-10-03,TBL,WSH,1.68,2.24,0.570554938320387,3,5.5,1.74,2.145,0.5521228102721756,2,-1.5,2.7,1.5,0.35806574405360964,3
2026020029,2026-09-29T01:16:19+00:00,3e2c8a883cae029144e27e4fca5ae9e8,2026-10-03T23:40:00+00:00,2026-10-03,NYI,NJD,1.87,1.95,0.5091474945206166,3,5.5,1.77,2.1,0.5426356589147286,2,-1.5,3.05,1.41,0.31311063451831633,3
2026020031,2026-09-29T01:16:19+00:00,3a9af73961ea2f2322255a6fca4d421e,2026-10-04T00:10:00+00:00,2026-10-03,MIN,BOS,1.55,2.54,0.6188996974959982,3,6.5,2.255,1.68,0.4269439421338156,2,-1.5,2.35,1.62,0.40439352713456794,3
2026020037,2026-09-29T01:16:19+00:00,6cac1fc86136075a23655625562fd8dc,2026-10-05T00:10:00+00:00,2026-10-04,ANA,FLA,2.075,1.7850000000000001,0.46244840430886947,2,6.5,1.77,2.1,0.5426356589147286,2,1.5,1.43,2.9000000000000004,0.6696964362868254,2
2026020038,2026-09-29T01:16:19+00:00,d90c875a1c75ed65db6e3dc2f4a1afcc,2026-10-05T00:10:00+00:00,2026-10-04,SEA,CGY,1.755,2.12,0.547091025333653,2,5.5,1.93,1.8900000000000001,0.4947643979057592,2,-1.5,2.8,1.455,0.34194973764153547,2
2026020045,2026-09-29T01:16:19+00:00,3b7b6520b0bc91f44cf9c9575d7e29f7,2026-10-06T23:10:00+00:00,2026-10-06,MTL,CAR,1.98,1.85,0.4830287206266319,1,6.5,2.0,1.83,0.47780678851174935,1,1.5,1.41,3.0,0.6802721088435374,1
2026020050,2026-09-29T01:16:19+00:00,e77f5de1229c03c1338f5cf3eb6797ba,2026-10-07T00:10:00+00:00,2026-10-06,CHI,STL,1.95,1.87,0.4895287958115184,1,5.5,2.0,1.83,0.47780678851174935,1,1.5,1.4,3.05,0.6853932584269663,1
2026020052,2026-09-29T01:16:19+00:00,3a95439904d3d0af12970bb0c8e66a3a,2026-10-07T02:40:00+00:00,2026-10-06,LAK,FLA,2.05,1.8,0.4675324675324676,1,5.5,1.77,2.1,0.5426356589147286,1,1.5,1.42,2.95,0.6750572082379863,1
2026020053,2026-09-29T01:16:19+00:00,8112572f236320d4d4c99b6eb0989b94,2026-10-07T23:40:00+00:00,2026-10-07,WSH,PIT,1.59,2.42,0.6034912718204488,1,6.5,2.14,1.74,0.4484536082474227,1,-1.5,2.45,1.57,0.39054726368159204,1
2026020059,2026-09-29T01:16:19+00:00,9f6db651fe2d7363616cc72625c4972d,2026-10-08T23:10:00+00:00,2026-10-08,OTT,PHI,1.89,1.93,0.5052356020942408,1,5.5,1.98,1.85,0.4830287206266319,1,-1.5,3.05,1.4,0.3146067415730337,1
2026020063,2026-09-29T01:16:19+00:00,01d78cd04d7c4fb958e1d02bace05ec4,2026-10-09T00:10:00+00:00,2026-10-08,STL,SJS,1.95,1.87,0.4895287958115184,1,5.5,1.91,1.91,0.5,1,1.5,1.4,3.05,0.6853932584269663,1
2026020073,2026-09-29T01:16:19+00:00,4951992db982c394e261970cbfb52332,2026-10-10T22:10:00+00:00,2026-10-10,FLA,MIN,1.68,2.24,0.5714285714285715,1,6.5,2.05,1.8,0.4675324675324676,1,-1.5,2.7,1.49,0.3556085918854415,1
2026020001,2026-09-29T19:26:12+00:00,9de33ce1013f2a3375dbded2c9fbc7d6,2026-09-29T21:10:47+00:00,2026-09-29,CAR,FLA,1.77,2.1,0.5407950002017516,9,6.5,2.05,1.8,0.4679166671101865,6,-1.5,2.86,1.43,0.3339400562862293,9
2026020002,2026-09-29T19:26:12+00:00,485b295347cb22f002e014cb87813ed7,2026-09-29T23:10:00+00:00,2026-09-29,TOR,MTL,1.91,1.91,0.5002877797956595,9,6.5,1.95,1.88,0.49084087743205135,9,1.5,1.36,3.24,0.7017084027250101,6
2026020003,2026-09-29T19:26:12+00:00,ac3cb11040dbdb0d2ccfa53e7d6b6cda,2026-09-30T00:10:00+00:00,2026-09-29,BOS,NYR,1.92,1.91,0.498108220765598,9,5.5,1.77,2.115,0.5420166839926642,6,-1.5,3.22,1.37,0.29747465595107414,6
2026020004,2026-09-29T19:26:12+00:00,82c96670ad269b3647066b5e5032e0fd,2026-09-30T02:10:00+00:00,2026-09-29,EDM,VAN,1.33,3.45,0.7223838259040151,9,6.5,1.87,1.95,0.5120619659320239,9,-1.5,1.83,2.0,0.5217401718692929,9
2026020005,2026-09-29T19:26:12+00:00,deceabd9bfa9fdbfb352546844ecee9b,2026-09-30T02:40:00+00:00,2026-09-29,VGK,CHI,1.39,3.15,0.6938912819781453,9,5.5,1.72,2.15,0.5531336725710965,5,-1.5,2.05,1.8,0.47234333764864456,9
2026020006,2026-09-29T19:26:12+00:00,255dd8cc841121349fe98f49791da840,2026-09-30T23:30:00+00:00,2026-09-30,PHI,PIT,1.71,2.18,0.5614591305357278,9,6.0,1.875,1.95,0.510647004684461,6,-1.5,2.77,1.47,0.34597798345377045,9
2026020008,2026-09-29T19:26:12+00:00,86ec2098c2ac5801e32fbde493581558,2026-09-30T23:40:00+00:00,2026-09-30,TOR,NYI,1.81,2.035,0.5302405377205476,4,5.5,1.76,2.075,0.5410546715626274,2,-1.5,2.925,1.4249999999999998,0.32867084468491736,4
2026020007,2026-09-29T19:26:12+00:00,13520f2d7e050ef0f37b2c8ba7ff4a53,2026-10-01T02:10:00+00:00,2026-09-30,COL,LAK,1.56,2.55,0.6218102842244903,9,6.0,1.83,2.0,0.5216715920103769,6,-1.5,2.35,1.63,0.40967249474705913,9
2026020011,2026-09-29T19:26:12+00:00,4cfafb524b2107d73365ce0709b59dd8,2026-10-01T23:10:00+00:00,2026-10-01,CBJ,BUF,1.87,1.95,0.5104712041884817,3,6.5,2.1,1.77,0.4573643410852713,2,-1.5,3.0999999999999996,1.39,0.3096212515812188,2
2026020009,2026-09-29T19:26:12+00:00,adafb8ad64a5e4413184d98e9c06820d,2026-10-01T23:10:00+00:00,2026-10-01,NJD,PHI,1.69,2.2,0.5716941330032493,3,5.5,1.87,1.95,0.512216404886562,3,-1.5,2.7,1.49,0.3542520487505845,3
2026020010,2026-09-29T19:26:12+00:00,d0da884cccf9d1c73f498109c9ccbfa5,2026-10-01T23:10:00+00:00,2026-10-01,NYR,TBL,2.2,1.7,0.43589496337377653,3,5.5,1.77,2.1,0.5426356589147286,2,1.5,1.46,2.8,0.651551580528133,3
2026020012,2026-09-29T19:26:12+00:00,d7ee30a18a428cc3a3f08a82b0c482d4,2026-10-02T00:10:00+00:00,2026-10-01,NSH,MIN,2.2,1.6949999999999998,0.43517236833432205,2,6.5,2.05,1.8,0.4675324675324676,1,1.5,1.48,2.7249999999999996,0.6479156060863172,2
2026020014,2026-09-29T19:26:12+00:00,d120fca986fb8752c71db9002a8dd1b7,2026-10-02T01:10:00+00:00,2026-10-01,CGY,SEA,1.87,1.95,0.5104712041884817,3,5.5,1.91,1.91,0.5017452006980803,3,-1.5,3.125,1.3849999999999998,0.30710629950294244,2
2026020013,2026-09-29T19:26:12+00:00,4d301bd0ac75067598d134600a80918c,2026-10-02T01:10:00+00:00,2026-10-01,UTA,CHI,1.52,2.6,0.6318953665299566,3,5.5,1.85,1.98,0.5165497883431528,3,-1.5,2.25,1.68,0.4256549357815181,3
2026020015,2026-09-29T19:26:12+00:00,fd5a73a467bdf52881aac58d5fb71b58,2026-10-02T02:10:00+00:00,2026-10-01,VAN,EDM,2.65,1.51,0.3618943554648187,3,6.5,1.91,1.91,0.5,3,1.5,1.69,2.2,0.5673645339821377,3
2026020016,2026-09-29T19:26:12+00:00,6b3f5ca8c7e1a314027966d8854d7989,2026-10-02T02:10:00+00:00,2026-10-01,SJS,FLA,2.15,1.71,0.4429329810157528,3,6.5,2.035,1.81,0.4707454004329005,2,1.5,1.46,2.8,0.654011179690332,3
2026020017,2026-09-29T19:26:12+00:00,5b5466f836933f5fb3ed4b9f267cce75,2026-10-02T22:40:00+00:00,2026-10-02,DET,NYR,1.7,2.2,0.5641050366262235,3,6.5,2.1550000000000002,1.73,0.4453064956404209,2,-1.5,2.8,1.45,0.34169198195710204,3
2026020019,2026-09-29T19:26:12+00:00,f5a9759e52a784d5fdcc1f3a2fcfc5a2,2026-10-03T00:10:00+00:00,2026-10-02,WPG,BOS,1.91,1.91,0.4965095986038395,3,5.5,1.8,2.05,0.5324675324675325,2,-1.5,3.175,1.37,0.3014406878122458,2
2026020020,2026-09-29T19:26:12+00:00,797f03124f9bb08624b199c28f621c61,2026-10-03T01:10:00+00:00,2026-10-02,DAL,STL,1.49,2.7,0.6457479512494154,3,5.5,1.9,1.92,0.5026178010471204,2,-1.5,2.2,1.7,0.43589496337377653,3
2026020022,2026-09-29T19:26:12+00:00,8d556511643d0c038bff0b7cf4f2b64f,2026-10-03T23:10:00+00:00,2026-10-03,BUF,CHI,1.45,2.8,0.6583080180428978,3,5.5,1.755,2.125,0.5476674438532512,2,-1.5,2.14,1.74,0.44931692062819645,3
2026020026,2026-09-29T19:26:12+00:00,53b58ae0f99c8172ebee3bd82e7c83a7,2026-10-03T23:10:00+00:00,2026-10-03,PIT,MTL,1.91,1.91,0.5,3,6.5,2.1100000000000003,1.76,0.4547803617571059,2,-1.5,3.1500000000000004,1.375,0.30391122572578433,2
2026020024,2026-09-29T19:26:12+00:00,25079431893a620763e5a454d7991922,2026-10-03T23:10:00+00:00,2026-10-03,TBL,WSH,1.68,2.24,0.570554938320387,3,5.5,1.74,2.145,0.5521228102721756,2,-1.5,2.7,1.5,0.35806574405360964,3
2026020029,2026-09-29T19:26:12+00:00,3e2c8a883cae029144e27e4fca5ae9e8,2026-10-03T23:40:00+00:00,2026-10-03,NYI,NJD,1.87,1.95,0.5091474945206166,3,5.5,1.77,2.1,0.5426356589147286,2,-1.5,3.05,1.41,0.31311063451831633,3
2026020031,2026-09-29T19:26:12+00:00,3a9af73961ea2f2322255a6fca4d421e,2026-10-04T00:10:00+00:00,2026-10-03,MIN,BOS,1.55,2.54,0.6134037267633965,3,6.5,2.2350000000000003,1.69,0.43060694579681924,2,-1.5,2.35,1.62,0.3971884521856877,3
2026020037,2026-09-29T19:26:12+00:00,6cac1fc86136075a23655625562fd8dc,2026-10-05T00:10:00+00:00,2026-10-04,ANA,FLA,2.075,1.7850000000000001,0.46244840430886947,2,6.5,1.77,2.1,0.5426356589147286,2,1.5,1.43,2.9000000000000004,0.6696964362868254,2
2026020038,2026-09-29T19:26:12+00:00,d90c875a1c75ed65db6e3dc2f4a1afcc,2026-10-05T00:10:00+00:00,2026-10-04,SEA,CGY,1.755,2.12,0.547091025333653,2,5.5,1.93,1.8900000000000001,0.4947643979057592,2,-1.5,2.8,1.455,0.34194973764153547,2
2026020045,2026-09-29T19:26:12+00:00,3b7b6520b0bc91f44cf9c9575d7e29f7,2026-10-06T23:10:00+00:00,2026-10-06,MTL,CAR,1.98,1.85,0.4830287206266319,1,6.5,2.0,1.83,0.47780678851174935,1,1.5,1.41,3.0,0.6802721088435374,1
2026020050,2026-09-29T19:26:12+00:00,e77f5de1229c03c1338f5cf3eb6797ba,2026-10-07T00:10:00+00:00,2026-10-06,CHI,STL,1.95,1.87,0.4895287958115184,1,5.5,2.0,1.83,0.47780678851174935,1,1.5,1.4,3.05,0.6853932584269663,1
2026020052,2026-09-29T19:26:12+00:00,3a95439904d3d0af12970bb0c8e66a3a,2026-10-07T02:40:00+00:00,2026-10-06,LAK,FLA,2.05,1.8,0.4675324675324676,1,5.5,1.77,2.1,0.5426356589147286,1,1.5,1.42,2.95,0.6750572082379863,1
2026020053,2026-09-29T19:26:12+00:00,8112572f236320d4d4c99b6eb0989b94,2026-10-07T23:40:00+00:00,2026-10-07,WSH,PIT,1.59,2.42,0.6034912718204488,1,6.5,2.14,1.74,0.4484536082474227,1,-1.5,2.45,1.57,0.39054726368159204,1
2026020059,2026-09-29T19:26:12+00:00,9f6db651fe2d7363616cc72625c4972d,2026-10-08T23:10:00+00:00,2026-10-08,OTT,PHI,1.89,1.93,0.5052356020942408,1,5.5,1.98,1.85,0.4830287206266319,1,-1.5,3.05,1.4,0.3146067415730337,1
2026020063,2026-09-29T19:26:12+00:00,01d78cd04d7c4fb958e1d02bace05ec4,2026-10-09T00:10:00+00:00,2026-10-08,STL,SJS,1.95,1.87,0.4895287958115184,1,5.5,1.91,1.91,0.5,1,1.5,1.4,3.05,0.6853932584269663,1
2026020073,2026-09-29T19:26:12+00:00,4951992db982c394e261970cbfb52332,2026-10-10T22:10:00+00:00,2026-10-10,FLA,MIN,1.65,2.3,0.5822784810126582,1,6.5,2.02,1.82,0.4739583333333334,1,-1.5,2.6,1.52,0.3689320388349514,1
2026020004,2026-09-30T00:45:58+00:00,82c96670ad269b3647066b5e5032e0fd,2026-09-30T02:10:00+00:00,2026-09-29,EDM,VAN,1.32,3.5,0.7271998950241263,9,6.5,1.87,1.95,0.5116231904477426,9,-1.5,1.8,2.05,0.5317820944463901,9
2026020005,2026-09-30T00:45:58+00:00,deceabd9bfa9fdbfb352546844ecee9b,2026-09-30T02:40:00+00:00,2026-09-29,VGK,CHI,1.38,3.2,0.6991323119495336,9,5.5,1.71,2.15,0.5549226808434089,5,-1.5,2.0,1.83,0.47488936589701236,9
2026020006,2026-09-30T00:45:58+00:00,255dd8cc841121349fe98f49791da840,2026-09-30T23:30:00+00:00,2026-09-30,PHI,PIT,1.71,2.18,0.5622899699371688,9,6.0,1.875,1.95,0.510647004684461,6,-1.5,2.8,1.45,0.3422557743935042,9
2026020008,2026-09-30T00:45:58+00:00,86ec2098c2ac5801e32fbde493581558,2026-09-30T23:40:00+00:00,2026-09-30,TOR,NYI,1.81,2.02,0.5281454864761,5,5.5,1.7850000000000001,2.075,0.5375515956911305,2,-1.5,2.95,1.42,0.327313046082452,5
2026020007,2026-09-30T00:45:58+00:00,13520f2d7e050ef0f37b2c8ba7ff4a53,2026-10-01T02:10:00+00:00,2026-09-30,COL,LAK,1.55,2.58,0.6243492749928096,9,6.0,1.83,2.0,0.5223335158488445,6,-1.5,2.36,1.62,0.4091185486101312,9
2026020011,2026-09-30T00:45:58+00:00,4cfafb524b2107d73365ce0709b59dd8,2026-10-01T23:10:00+00:00,2026-10-01,CBJ,BUF,1.87,1.95,0.5104712041884817,3,6.5,2.1,1.77,0.4573643410852713,2,-1.5,3.0999999999999996,1.39,0.3096212515812188,2
2026020009,2026-09-30T00:45:58+00:00,adafb8ad64a5e4413184d98e9c06820d,2026-10-01T23:10:00+00:00,2026-10-01,NJD,PHI,1.69,2.2,0.5716941330032493,3,5.5,1.87,1.95,0.512216404886562,3,-1.5,2.7,1.49,0.3542520487505845,3
2026020010,2026-09-30T00:45:58+00:00,d0da884cccf9d1c73f498109c9ccbfa5,2026-10-01T23:10:00+00:00,2026-10-01,NYR,TBL,2.2,1.7,0.43589496337377653,3,5.5,1.77,2.1,0.5426356589147286,2,1.5,1.46,2.8,0.651551580528133,3
2026020012,2026-09-30T00:45:58+00:00,d7ee30a18a428cc3a3f08a82b0c482d4,2026-10-02T00:10:00+00:00,2026-10-01,NSH,MIN,2.2,1.6949999999999998,0.43517236833432205,2,6.5,2.05,1.8,0.4675324675324676,1,1.5,1.48,2.7249999999999996,0.6479156060863172,2
2026020014,2026-09-30T00:45:58+00:00,d120fca986fb8752c71db9002a8dd1b7,2026-10-02T01:10:00+00:00,2026-10-01,CGY,SEA,1.87,1.95,0.5104712041884817,3,5.5,1.91,1.91,0.5017452006980803,3,-1.5,3.125,1.3849999999999998,0.30710629950294244,2
2026020013,2026-09-30T00:45:58+00:00,4d301bd0ac75067598d134600a80918c,2026-10-02T01:10:00+00:00,2026-10-01,UTA,CHI,1.52,2.6,0.6318953665299566,3,5.5,1.85,1.98,0.5165497883431528,3,-1.5,2.25,1.68,0.4256549357815181,3
2026020015,2026-09-30T00:45:58+00:00,fd5a73a467bdf52881aac58d5fb71b58,2026-10-02T02:10:00+00:00,2026-10-01,VAN,EDM,2.65,1.51,0.3618943554648187,3,6.5,1.91,1.91,0.5,3,1.5,1.69,2.2,0.5673645339821377,3
2026020016,2026-09-30T00:45:58+00:00,6b3f5ca8c7e1a314027966d8854d7989,2026-10-02T02:10:00+00:00,2026-10-01,SJS,FLA,2.15,1.71,0.4429329810157528,3,6.5,2.035,1.81,0.4707454004329005,2,1.5,1.46,2.8,0.654011179690332,3
2026020017,2026-09-30T00:45:58+00:00,5b5466f836933f5fb3ed4b9f267cce75,2026-10-02T22:40:00+00:00,2026-10-02,DET,NYR,1.7,2.2,0.5641050366262235,3,6.5,2.1550000000000002,1.73,0.4453064956404209,2,-1.5,2.8,1.45,0.34169198195710204,3
2026020019,2026-09-30T00:45:58+00:00,f5a9759e52a784d5fdcc1f3a2fcfc5a2,2026-10-03T00:10:00+00:00,2026-10-02,WPG,BOS,1.91,1.91,0.4965095986038395,3,5.5,1.8,2.05,0.5324675324675325,2,-1.5,3.175,1.37,0.3014406878122458,2
2026020020,2026-09-30T00:45:58+00:00,797f03124f9bb08624b199c28f621c61,2026-10-03T01:10:00+00:00,2026-10-02,DAL,STL,1.49,2.7,0.6457479512494154,3,5.5,1.9,1.92,0.5026178010471204,2,-1.5,2.2,1.7,0.43589496337377653,3
2026020022,2026-09-30T00:45:58+00:00,8d556511643d0c038bff0b7cf4f2b64f,2026-10-03T23:10:00+00:00,2026-10-03,BUF,CHI,1.45,2.8,0.6583080180428978,3,5.5,1.755,2.125,0.5476674438532512,2,-1.5,2.14,1.74,0.44931692062819645,3
2026020026,2026-09-30T00:45:58+00:00,53b58ae0f99c8172ebee3bd82e7c83a7,2026-10-03T23:10:00+00:00,2026-10-03,PIT,MTL,1.91,1.91,0.5,3,6.5,2.1100000000000003,1.76,0.4547803617571059,2,-1.5,3.1500000000000004,1.375,0.30391122572578433,2
2026020024,2026-09-30T00:45:58+00:00,25079431893a620763e5a454d7991922,2026-10-03T23:10:00+00:00,2026-10-03,TBL,WSH,1.68,2.24,0.570554938320387,3,5.5,1.74,2.145,0.5521228102721756,2,-1.5,2.7,1.5,0.35806574405360964,3
2026020029,2026-09-30T00:45:58+00:00,3e2c8a883cae029144e27e4fca5ae9e8,2026-10-03T23:40:00+00:00,2026-10-03,NYI,NJD,1.87,1.95,0.5091474945206166,3,5.5,1.77,2.1,0.5426356589147286,2,-1.5,3.05,1.41,0.31311063451831633,3
2026020031,2026-09-30T00:45:58+00:00,3a9af73961ea2f2322255a6fca4d421e,2026-10-04T00:10:00+00:00,2026-10-03,MIN,BOS,1.55,2.54,0.6134037267633965,3,6.5,2.2350000000000003,1.69,0.43060694579681924,2,-1.5,2.35,1.62,0.3971884521856877,3
2026020037,2026-09-30T00:45:58+00:00,6cac1fc86136075a23655625562fd8dc,2026-10-05T00:10:00+00:00,2026-10-04,ANA,FLA,2.075,1.7850000000000001,0.46244840430886947,2,6.5,1.77,2.1,0.5426356589147286,2,1.5,1.43,2.9000000000000004,0.6696964362868254,2
2026020038,2026-09-30T00:45:58+00:00,d90c875a1c75ed65db6e3dc2f4a1afcc,2026-10-05T00:10:00+00:00,2026-10-04,SEA,CGY,1.755,2.12,0.547091025333653,2,5.5,1.93,1.8900000000000001,0.4947643979057592,2,-1.5,2.8,1.455,0.34194973764153547,2
2026020045,2026-09-30T00:45:58+00:00,3b7b6520b0bc91f44cf9c9575d7e29f7,2026-10-06T23:10:00+00:00,2026-10-06,MTL,CAR,1.98,1.85,0.4830287206266319,1,6.5,2.0,1.83,0.47780678851174935,1,1.5,1.41,3.0,0.6802721088435374,1
2026020050,2026-09-30T00:45:58+00:00,e77f5de1229c03c1338f5cf3eb6797ba,2026-10-07T00:10:00+00:00,2026-10-06,CHI,STL,1.95,1.87,0.4895287958115184,1,5.5,2.0,1.83,0.47780678851174935,1,1.5,1.4,3.05,0.6853932584269663,1
2026020052,2026-09-30T00:45:58+00:00,3a95439904d3d0af12970bb0c8e66a3a,2026-10-07T02:40:00+00:00,2026-10-06,LAK,FLA,2.05,1.8,0.4675324675324676,1,5.5,1.77,2.1,0.5426356589147286,1,1.5,1.42,2.95,0.6750572082379863,1
2026020053,2026-09-30T00:45:58+00:00,8112572f236320d4d4c99b6eb0989b94,2026-10-07T23:40:00+00:00,2026-10-07,WSH,PIT,1.59,2.42,0.6034912718204488,1,6.5,2.14,1.74,0.4484536082474227,1,-1.5,2.45,1.57,0.39054726368159204,1
2026020059,2026-09-30T00:45:58+00:00,9f6db651fe2d7363616cc72625c4972d,2026-10-08T23:10:00+00:00,2026-10-08,OTT,PHI,1.89,1.93,0.5052356020942408,1,5.5,1.98,1.85,0.4830287206266319,1,-1.5,3.05,1.4,0.3146067415730337,1
2026020063,2026-09-30T00:45:58+00:00,01d78cd04d7c4fb958e1d02bace05ec4,2026-10-09T00:10:00+00:00,2026-10-08,STL,SJS,1.95,1.87,0.4895287958115184,1,5.5,1.91,1.91,0.5,1,1.5,1.4,3.05,0.6853932584269663,1
2026020073,2026-09-30T00:45:58+00:00,4951992db982c394e261970cbfb52332,2026-10-10T22:10:00+00:00,2026-10-10,FLA,MIN,1.65,2.3,0.5822784810126582,1,6.5,2.02,1.82,0.4739583333333334,1,-1.5,2.6,1.52,0.3689320388349514,1
2026020006,2026-09-30T19:21:23+00:00,255dd8cc841121349fe98f49791da840,2026-09-30T23:30:00+00:00,2026-09-30,PHI,PIT,1.7,2.22,0.5663415436901017,9,6.0,1.8650000000000002,1.96,0.5136841660695893,6,-1.5,2.8,1.47,0.3462697309888725,9
2026020008,2026-09-30T19:21:23+00:00,86ec2098c2ac5801e32fbde493581558,2026-09-30T23:40:00+00:00,2026-09-30,TOR,NYI,1.77,2.1,0.5437188549636467,9,6.0,1.94,1.8849999999999998,0.4928456870013294,6,-1.5,2.95,1.43,0.3283732214687406,9
2026020007,2026-09-30T19:21:23+00:00,13520f2d7e050ef0f37b2c8ba7ff4a53,2026-10-01T02:10:00+00:00,2026-09-30,COL,LAK,1.53,2.64,0.6329972734632157,9,6.0,1.82,2.05,0.5274850473382721,5,-1.5,2.3,1.65,0.4161560783650663,9
2026020011,2026-09-30T19:21:23+00:00,4cfafb524b2107d73365ce0709b59dd8,2026-10-01T23:10:00+00:00,2026-10-01,CBJ,BUF,1.91,1.93,0.5033696627258325,7,6.0,1.92,1.93,0.504242819843342,4,-1.5,3.2,1.3599999999999999,0.3003936285210562,4
2026020009,2026-09-30T19:21:23+00:00,adafb8ad64a5e4413184d98e9c06820d,2026-10-01T23:10:00+00:00,2026-10-01,NJD,PHI,1.62,2.35,0.5895834789163432,5,5.5,1.85,1.97,0.5146832679593323,5,-1.5,2.6,1.52,0.36993971511242857,5
2026020010,2026-09-30T19:21:23+00:00,d0da884cccf9d1c73f498109c9ccbfa5,2026-10-01T23:10:00+00:00,2026-10-01,NYR,TBL,2.2,1.7,0.43618441773742456,7,6.0,2.0300000000000002,1.83,0.4756808720171231,4,1.5,1.45,2.75,0.654441290674227,5
2026020012,2026-09-30T19:21:23+00:00,d7ee30a18a428cc3a3f08a82b0c482d4,2026-10-02T00:10:00+00:00,2026-10-01,NSH,MIN,2.2649999999999997,1.68,0.4264803350211839,6,6.5,2.1,1.77,0.461401770047533,3,1.5,1.505,2.58,0.633134802505652,4
2026020014,2026-09-30T19:21:23+00:00,d120fca986fb8752c71db9002a8dd1b7,2026-10-02T01:10:00+00:00,2026-10-01,CGY,SEA,1.87,1.95,0.5083769633507853,5,5.5,1.775,2.0599999999999996,0.5384507736000396,4,-1.5,3.175,1.37,0.3007128065353523,4
2026020013,2026-09-30T19:21:23+00:00,4d301bd0ac75067598d134600a80918c,2026-10-02T01:10:00+00:00,2026-10-01,UTA,CHI,1.48,2.7,0.6480665188402456,7,6.0,1.97,1.865,0.48468083971310083,4,-1.5,2.24,1.68,0.4299971698239872,5
2026020015,2026-09-30T19:21:23+00:00,fd5a73a467bdf52881aac58d5fb71b58,2026-10-02T02:10:00+00:00,2026-10-01,VAN,EDM,2.68,1.51,0.3568942381444979,7,6.5,1.88,1.97,0.5115630254862495,7,1.5,1.7,2.15,0.5617833499140067,5
2026020016,2026-09-30T19:21:23+00:00,6b3f5ca8c7e1a314027966d8854d7989,2026-10-02T02:10:00+00:00,2026-10-01,SJS,FLA,2.25,1.7,0.4300548922813579,7,6.0,1.84,2.01,0.5220785178888281,4,1.5,1.5,2.64,0.6382882736661204,5
2026020017,2026-09-30T19:21:23+00:00,5b5466f836933f5fb3ed4b9f267cce75,2026-10-02T22:40:00+00:00,2026-10-02,DET,NYR,1.7,2.2,0.5641050366262235,3,6.5,2.1550000000000002,1.73,0.4453064956404209,2,-1.5,2.8,1.45,0.34169198195710204,3
2026020019,2026-09-30T19:21:23+00:00,f5a9759e52a784d5fdcc1f3a2fcfc5a2,2026-10-03T00:10:00+00:00,2026-10-02,WPG,BOS,1.91,1.91,0.4982547993019197,3,5.5,1.7850000000000001,2.075,0.5375515956911305,2,-1.5,3.2,1.37,0.3008875190812492,3
2026020020,2026-09-30T19:21:23+00:00,797f03124f9bb08624b199c28f621c61,2026-10-03T01:10:00+00:00,2026-10-02,DAL,STL,1.49,2.7,0.6457479512494154,3,5.5,1.86,1.96,0.5130890052356021,2,-1.5,2.2,1.7,0.43589496337377653,3
2026020022,2026-09-30T19:21:23+00:00,8d556511643d0c038bff0b7cf4f2b64f,2026-10-03T23:10:00+00:00,2026-10-03,BUF,CHI,1.45,2.8,0.6583080180428978,3,5.5,1.755,2.125,0.5476674438532512,2,-1.5,2.14,1.74,0.44931692062819645,3
2026020026,2026-09-30T19:21:23+00:00,53b58ae0f99c8172ebee3bd82e7c83a7,2026-10-03T23:10:00+00:00,2026-10-03,PIT,MTL,1.91,1.91,0.5,3,6.5,2.1100000000000003,1.76,0.4547803617571059,2,-1.5,3.1500000000000004,1.375,0.30391122572578433,2
2026020024,2026-09-30T19:21:23+00:00,25079431893a620763e5a454d7991922,2026-10-03T23:10:00+00:00,2026-10-03,TBL,WSH,1.68,2.24,0.570554938320387,3,5.5,1.74,2.145,0.5521228102721756,2,-1.5,2.7,1.5,0.35806574405360964,3
2026020029,2026-09-30T19:21:23+00:00,3e2c8a883cae029144e27e4fca5ae9e8,2026-10-03T23:40:00+00:00,2026-10-03,NYI,NJD,1.87,1.95,0.5091474945206166,3,5.5,1.77,2.1,0.5426356589147286,2,-1.5,3.05,1.41,0.31311063451831633,3
2026020031,2026-09-30T19:21:23+00:00,3a9af73961ea2f2322255a6fca4d421e,2026-10-04T00:10:00+00:00,2026-10-03,MIN,BOS,1.55,2.54,0.6134037267633965,3,6.5,2.2350000000000003,1.69,0.43060694579681924,2,-1.5,2.35,1.62,0.3971884521856877,3
2026020037,2026-09-30T19:21:23+00:00,6cac1fc86136075a23655625562fd8dc,2026-10-05T00:10:00+00:00,2026-10-04,ANA,FLA,2.075,1.7850000000000001,0.46244840430886947,2,6.5,1.77,2.1,0.5426356589147286,2,1.5,1.43,2.9000000000000004,0.6696964362868254,2
2026020038,2026-09-30T19:21:23+00:00,d90c875a1c75ed65db6e3dc2f4a1afcc,2026-10-05T00:10:00+00:00,2026-10-04,SEA,CGY,1.755,2.12,0.547091025333653,2,5.5,1.93,1.8900000000000001,0.4947643979057592,2,-1.5,2.8,1.455,0.34194973764153547,2
2026020045,2026-09-30T19:21:23+00:00,3b7b6520b0bc91f44cf9c9575d7e29f7,2026-10-06T23:10:00+00:00,2026-10-06,MTL,CAR,1.98,1.85,0.4830287206266319,1,6.5,2.0,1.83,0.47780678851174935,1,1.5,1.41,3.0,0.6802721088435374,1
2026020050,2026-09-30T19:21:23+00:00,e77f5de1229c03c1338f5cf3eb6797ba,2026-10-07T00:10:00+00:00,2026-10-06,CHI,STL,1.95,1.87,0.4895287958115184,1,5.5,2.0,1.83,0.47780678851174935,1,1.5,1.4,3.05,0.6853932584269663,1
2026020052,2026-09-30T19:21:23+00:00,3a95439904d3d0af12970bb0c8e66a3a,2026-10-07T02:40:00+00:00,2026-10-06,LAK,FLA,2.05,1.8,0.4675324675324676,1,5.5,1.77,2.1,0.5426356589147286,1,1.5,1.42,2.95,0.6750572082379863,1
2026020053,2026-09-30T19:21:23+00:00,8112572f236320d4d4c99b6eb0989b94,2026-10-07T23:40:00+00:00,2026-10-07,WSH,PIT,1.59,2.42,0.6034912718204488,1,6.5,2.14,1.74,0.4484536082474227,1,-1.5,2.45,1.57,0.39054726368159204,1
2026020059,2026-09-30T19:21:23+00:00,9f6db651fe2d7363616cc72625c4972d,2026-10-08T23:10:00+00:00,2026-10-08,OTT,PHI,1.89,1.93,0.5052356020942408,1,5.5,1.98,1.85,0.4830287206266319,1,-1.5,3.05,1.4,0.3146067415730337,1
2026020063,2026-09-30T19:21:23+00:00,01d78cd04d7c4fb958e1d02bace05ec4,2026-10-09T00:10:00+00:00,2026-10-08,STL,SJS,1.95,1.87,0.4895287958115184,1,5.5,1.91,1.91,0.5,1,1.5,1.4,3.05,0.6853932584269663,1
2026020073,2026-09-30T19:21:23+00:00,4951992db982c394e261970cbfb52332,2026-10-10T22:10:00+00:00,2026-10-10,FLA,MIN,1.65,2.3,0.5822784810126582,1,6.5,2.02,1.82,0.4739583333333334,1,-1.5,2.6,1.52,0.3689320388349514,1
2026020007,2026-10-01T00:50:13+00:00,13520f2d7e050ef0f37b2c8ba7ff4a53,2026-10-01T02:10:00+00:00,2026-09-30,COL,LAK,1.5,2.7,0.6405197200281549,9,6.5,2.02,1.82,0.47068704671727435,5,-1.5,2.3,1.65,0.41752109467530013,9
2026020011,2026-10-01T00:50:13+00:00,4cfafb524b2107d73365ce0709b59dd8,2026-10-01T23:10:00+00:00,2026-10-01,CBJ,BUF,1.915,1.92,0.49983087143176874,8,6.0,1.91,1.91,0.5,5,-1.5,3.225,1.36,0.2988787907437531,6
2026020009,2026-10-01T00:50:13+00:00,adafb8ad64a5e4413184d98e9c06820d,2026-10-01T23:10:00+00:00,2026-10-01,NJD,PHI,1.64,2.36,0.5890685649079069,7,5.5,1.83,2.04,0.5279601524628857,7,-1.5,2.6,1.52,0.36751966334573155,5
2026020010,2026-10-01T00:50:13+00:00,d0da884cccf9d1c73f498109c9ccbfa5,2026-10-01T23:10:00+00:00,2026-10-01,NYR,TBL,2.1900000000000004,1.71,0.4381488400696478,8,6.0,1.97,1.87,0.48645254048775194,5,1.5,1.45,2.825,0.6585281694312533,8
2026020012,2026-10-01T00:50:13+00:00,d7ee30a18a428cc3a3f08a82b0c482d4,2026-10-02T00:10:00+00:00,2026-10-01,NSH,MIN,2.24,1.69,0.43025116610626835,7,6.0,1.92,1.93,0.5026178010471204,4,1.5,1.48,2.8,0.6474629254870473,7
2026020014,2026-10-01T00:50:13+00:00,d120fca986fb8752c71db9002a8dd1b7,2026-10-02T01:10:00+00:00,2026-10-01,CGY,SEA,1.91,1.93,0.5031116447485948,8,5.5,1.8,2.035,0.5303692011755392,4,-1.5,3.25,1.35,0.2925983892543383,7
2026020013,2026-10-01T00:50:13+00:00,4d301bd0ac75067598d134600a80918c,2026-10-02T01:10:00+00:00,2026-10-01,UTA,CHI,1.47,2.8,0.6536666248693581,8,6.0,1.97,1.87,0.4866948173557608,5,-1.5,2.2,1.7,0.43388880830878135,8
2026020015,2026-10-01T00:50:13+00:00,fd5a73a467bdf52881aac58d5fb71b58,2026-10-02T02:10:00+00:00,2026-10-01,VAN,EDM,2.7,1.5,0.35548475735779234,8,6.5,1.87,1.9649999999999999,0.5128791480330563,8,1.5,1.69,2.245,0.5661800908048986,8
2026020016,2026-10-01T00:50:13+00:00,6b3f5ca8c7e1a314027966d8854d7989,2026-10-02T02:10:00+00:00,2026-10-01,SJS,FLA,2.2,1.705,0.43341993815247803,8,6.5,2.0,1.82,0.47512510673321806,4,1.5,1.4849999999999999,2.75,0.6474134974922068,8
2026020017,2026-10-01T00:50:13+00:00,5b5466f836933f5fb3ed4b9f267cce75,2026-10-02T22:40:00+00:00,2026-10-02,DET,NYR,1.7,2.2,0.5641050366262235,3,6.5,2.1550000000000002,1.73,0.4453064956404209,2,-1.5,2.8,1.45,0.34169198195710204,3
2026020019,2026-10-01T00:50:13+00:00,f5a9759e52a784d5fdcc1f3a2fcfc5a2,2026-10-03T00:10:00+00:00,2026-10-02,WPG,BOS,1.91,1.91,0.4982547993019197,3,5.5,1.755,2.12,0.547091025333653,2,-1.5,3.2,1.37,0.3008875190812492,3
2026020020,2026-10-01T00:50:13+00:00,797f03124f9bb08624b199c28f621c61,2026-10-03T01:10:00+00:00,2026-10-02,DAL,STL,1.49,2.7,0.6457479512494154,3,5.5,1.86,1.96,0.5130890052356021,2,-1.5,2.2,1.7,0.43589496337377653,3
2026020022,2026-10-01T00:50:13+00:00,8d556511643d0c038bff0b7cf4f2b64f,2026-10-03T23:10:00+00:00,2026-10-03,BUF,CHI,1.45,2.8,0.6583080180428978,3,5.5,1.755,2.125,0.5476674438532512,2,-1.5,2.14,1.74,0.44931692062819645,3
2026020026,2026-10-01T00:50:13+00:00,53b58ae0f99c8172ebee3bd82e7c83a7,2026-10-03T23:10:00+00:00,2026-10-03,PIT,MTL,1.91,1.91,0.5,3,6.5,2.1100000000000003,1.76,0.4547803617571059,2,-1.5,3.1500000000000004,1.375,0.30391122572578433,2
2026020024,2026-10-01T00:50:13+00:00,25079431893a620763e5a454d7991922,2026-10-03T23:10:00+00:00,2026-10-03,TBL,WSH,1.68,2.24,0.570554938320387,3,5.5,1.74,2.145,0.5521228102721756,2,-1.5,2.7,1.5,0.35806574405360964,3
2026020029,2026-10-01T00:50:13+00:00,3e2c8a883cae029144e27e4fca5ae9e8,2026-10-03T23:40:00+00:00,2026-10-03,NYI,NJD,1.87,1.95,0.5091474945206166,3,5.5,1.775,2.085,0.5401489982885332,2,-1.5,3.05,1.41,0.31311063451831633,3
2026020031,2026-10-01T00:50:13+00:00,3a9af73961ea2f2322255a6fca4d421e,2026-10-04T00:10:00+00:00,2026-10-03,MIN,BOS,1.55,2.54,0.6134037267633965,3,6.5,2.2350000000000003,1.69,0.43060694579681924,2,-1.5,2.35,1.62,0.3971884521856877,3
2026020037,2026-10-01T00:50:13+00:00,6cac1fc86136075a23655625562fd8dc,2026-10-05T00:10:00+00:00,2026-10-04,ANA,FLA,2.075,1.7850000000000001,0.46244840430886947,2,6.5,1.77,2.1,0.5426356589147286,2,1.5,1.43,2.9000000000000004,0.6696964362868254,2
2026020038,2026-10-01T00:50:13+00:00,d90c875a1c75ed65db6e3dc2f4a1afcc,2026-10-05T00:10:00+00:00,2026-10-04,SEA,CGY,1.755,2.12,0.547091025333653,2,5.5,1.93,1.8900000000000001,0.4947643979057592,2,-1.5,2.8,1.455,0.34194973764153547,2
2026020045,2026-10-01T00:50:13+00:00,3b7b6520b0bc91f44cf9c9575d7e29f7,2026-10-06T23:10:00+00:00,2026-10-06,MTL,CAR,1.98,1.85,0.4830287206266319,1,6.5,2.0,1.83,0.47780678851174935,1,1.5,1.41,3.0,0.6802721088435374,1
2026020050,2026-10-01T00:50:13+00:00,e77f5de1229c03c1338f5cf3eb6797ba,2026-10-07T00:10:00+00:00,2026-10-06,CHI,STL,1.95,1.87,0.4895287958115184,1,5.5,2.0,1.83,0.47780678851174935,1,1.5,1.4,3.05,0.6853932584269663,1
2026020052,2026-10-01T00:50:13+00:00,3a95439904d3d0af12970bb0c8e66a3a,2026-10-07T02:40:00+00:00,2026-10-06,LAK,FLA,2.05,1.8,0.4675324675324676,1,5.5,1.77,2.1,0.5426356589147286,1,1.5,1.42,2.95,0.6750572082379863,1
2026020053,2026-10-01T00:50:13+00:00,8112572f236320d4d4c99b6eb0989b94,2026-10-07T23:40:00+00:00,2026-10-07,WSH,PIT,1.59,2.42,0.6034912718204488,1,6.5,2.14,1.74,0.4484536082474227,1,-1.5,2.45,1.57,0.39054726368159204,1
2026020059,2026-10-01T00:50:13+00:00,9f6db651fe2d7363616cc72625c4972d,2026-10-08T23:10:00+00:00,2026-10-08,OTT,PHI,1.89,1.93,0.5052356020942408,1,5.5,1.98,1.85,0.4830287206266319,1,-1.5,3.05,1.4,0.3146067415730337,1
2026020063,2026-10-01T00:50:13+00:00,01d78cd04d7c4fb958e1d02bace05ec4,2026-10-09T00:10:00+00:00,2026-10-08,STL,SJS,1.95,1.87,0.4895287958115184,1,5.5,1.91,1.91,0.5,1,1.5,1.4,3.05,0.6853932584269663,1
2026020073,2026-10-01T00:50:13+00:00,4951992db982c394e261970cbfb52332,2026-10-10T22:10:00+00:00,2026-10-10,FLA,MIN,1.65,2.3,0.5822784810126582,1,6.5,2.02,1.82,0.4739583333333334,1,-1.5,2.6,1.52,0.3689320388349514,1
