pulled_at,date,game_id,side,team,goalie,goalie_id,status,matched_by
2026-09-28T20:34:18+00:00,2026-09-29,2026020001,h,CAR,Brandon Bussi,8483548,projected,name
2026-09-28T20:34:18+00:00,2026-09-29,2026020001,a,FLA,Jacob Markstrom,8474593,projected,"name, other team"
2026-09-28T20:34:18+00:00,2026-09-29,2026020002,h,TOR,Sergei Bobrovsky,8475683,projected,"name, other team"
2026-09-28T20:34:18+00:00,2026-09-29,2026020002,a,MTL,Jakub Dobes,8482487,projected,name
2026-09-28T20:34:18+00:00,2026-09-29,2026020003,h,BOS,Jeremy Swayman,8480280,projected,name
2026-09-28T20:34:18+00:00,2026-09-29,2026020003,a,NYR,Igor Shesterkin,8478048,projected,name
2026-09-28T20:34:18+00:00,2026-09-29,2026020004,h,EDM,Tristan Jarry,8477465,confirmed,name
2026-09-28T20:34:18+00:00,2026-09-29,2026020004,a,VAN,Kevin Lankinen,8480947,projected,name
2026-09-28T20:34:18+00:00,2026-09-29,2026020005,h,VGK,Carter Hart,8479394,projected,name
2026-09-28T20:34:18+00:00,2026-09-29,2026020005,a,CHI,Spencer Knight,8481519,projected,name
2026-09-29T01:16:19+00:00,2026-09-29,2026020001,h,CAR,Brandon Bussi,8483548,projected,name
2026-09-29T01:16:19+00:00,2026-09-29,2026020001,a,FLA,Jacob Markstrom,8474593,projected,"name, other team"
2026-09-29T01:16:19+00:00,2026-09-29,2026020002,h,TOR,Sergei Bobrovsky,8475683,projected,"name, other team"
2026-09-29T01:16:19+00:00,2026-09-29,2026020002,a,MTL,Jakub Dobes,8482487,projected,name
2026-09-29T01:16:19+00:00,2026-09-29,2026020003,h,BOS,Jeremy Swayman,8480280,projected,name
2026-09-29T01:16:19+00:00,2026-09-29,2026020003,a,NYR,Igor Shesterkin,8478048,projected,name
2026-09-29T01:16:19+00:00,2026-09-29,2026020004,h,EDM,Tristan Jarry,8477465,confirmed,name
2026-09-29T01:16:19+00:00,2026-09-29,2026020004,a,VAN,Kevin Lankinen,8480947,projected,name
2026-09-29T01:16:19+00:00,2026-09-29,2026020005,h,VGK,Carter Hart,8479394,projected,name
2026-09-29T01:16:19+00:00,2026-09-29,2026020005,a,CHI,Spencer Knight,8481519,projected,name
2026-09-29T19:26:12+00:00,2026-09-29,2026020001,h,CAR,Brandon Bussi,8483548,confirmed,name
2026-09-29T19:26:12+00:00,2026-09-29,2026020001,a,FLA,Jacob Markstrom,8474593,projected,"name, other team"
2026-09-29T19:26:12+00:00,2026-09-29,2026020002,h,TOR,Sergei Bobrovsky,8475683,confirmed,"name, other team"
2026-09-29T19:26:12+00:00,2026-09-29,2026020002,a,MTL,Jakub Dobes,8482487,confirmed,name
2026-09-29T19:26:12+00:00,2026-09-29,2026020003,h,BOS,Jeremy Swayman,8480280,confirmed,name
2026-09-29T19:26:12+00:00,2026-09-29,2026020003,a,NYR,Igor Shesterkin,8478048,likely,name
2026-09-29T19:26:12+00:00,2026-09-29,2026020004,h,EDM,Tristan Jarry,8477465,confirmed,name
2026-09-29T19:26:12+00:00,2026-09-29,2026020004,a,VAN,Kevin Lankinen,8480947,likely,name
2026-09-29T19:26:12+00:00,2026-09-29,2026020005,h,VGK,Carter Hart,8479394,confirmed,name
2026-09-29T19:26:12+00:00,2026-09-29,2026020005,a,CHI,Spencer Knight,8481519,confirmed,name
2026-09-29T19:26:12+00:00,2026-09-30,2026020008,h,TOR,Sergei Bobrovsky,8475683,projected,"name, other team"
2026-09-29T19:26:12+00:00,2026-09-30,2026020008,a,NYI,Ilya Sorokin,8478009,likely,name
2026-09-29T19:26:12+00:00,2026-09-30,2026020006,h,PHI,Dan Vladar,8478435,projected,name
2026-09-29T19:26:12+00:00,2026-09-30,2026020006,a,PIT,Arturs Silovs,8481668,projected,name
2026-09-29T19:26:12+00:00,2026-09-30,2026020007,h,COL,Scott Wedgewood,8475809,projected,name
2026-09-29T19:26:12+00:00,2026-09-30,2026020007,a,LAK,Darcy Kuemper,8475311,projected,name
2026-09-30T00:45:58+00:00,2026-09-29,2026020004,h,EDM,Tristan Jarry,8477465,confirmed,name
2026-09-30T00:45:58+00:00,2026-09-29,2026020004,a,VAN,Kevin Lankinen,8480947,likely,name
2026-09-30T00:45:58+00:00,2026-09-29,2026020005,h,VGK,Carter Hart,8479394,confirmed,name
2026-09-30T00:45:58+00:00,2026-09-29,2026020005,a,CHI,Spencer Knight,8481519,confirmed,name
2026-09-30T00:45:58+00:00,2026-09-30,2026020008,h,TOR,Sergei Bobrovsky,8475683,projected,"name, other team"
2026-09-30T00:45:58+00:00,2026-09-30,2026020008,a,NYI,Ilya Sorokin,8478009,likely,name
2026-09-30T00:45:58+00:00,2026-09-30,2026020006,h,PHI,Dan Vladar,8478435,projected,name
2026-09-30T00:45:58+00:00,2026-09-30,2026020006,a,PIT,Arturs Silovs,8481668,projected,name
2026-09-30T00:45:58+00:00,2026-09-30,2026020007,h,COL,Scott Wedgewood,8475809,projected,name
2026-09-30T00:45:58+00:00,2026-09-30,2026020007,a,LAK,Darcy Kuemper,8475311,projected,name
2026-09-30T19:21:24+00:00,2026-09-30,2026020008,h,TOR,Anthony Stolarz,8476932,confirmed,name
2026-09-30T19:21:24+00:00,2026-09-30,2026020008,a,NYI,Ilya Sorokin,8478009,likely,name
2026-09-30T19:21:24+00:00,2026-09-30,2026020006,h,PHI,Dan Vladar,8478435,confirmed,name
2026-09-30T19:21:24+00:00,2026-09-30,2026020006,a,PIT,Arturs Silovs,8481668,confirmed,name
2026-09-30T19:21:24+00:00,2026-09-30,2026020007,h,COL,Mackenzie Blackwood,8478406,confirmed,name
2026-09-30T19:21:24+00:00,2026-09-30,2026020007,a,LAK,Darcy Kuemper,8475311,likely,name
2026-09-30T19:21:24+00:00,2026-10-01,2026020009,h,NJD,Jake Allen,8474596,projected,name
2026-09-30T19:21:24+00:00,2026-10-01,2026020009,a,PHI,Dan Vladar,8478435,projected,name
2026-09-30T19:21:24+00:00,2026-10-01,2026020010,h,NYR,Igor Shesterkin,8478048,projected,name
2026-09-30T19:21:24+00:00,2026-10-01,2026020010,a,TBL,Andrei Vasilevskiy,8476883,projected,name
2026-09-30T19:21:24+00:00,2026-10-01,2026020011,h,CBJ,Jet Greaves,8482982,projected,name
2026-09-30T19:21:24+00:00,2026-10-01,2026020011,a,BUF,Ukko-Pekka Luukkonen,8480045,projected,name
2026-09-30T19:21:24+00:00,2026-10-01,2026020012,h,NSH,Juuse Saros,8477424,projected,name
2026-09-30T19:21:24+00:00,2026-10-01,2026020012,a,MIN,Jesper Wallstedt,8482661,projected,name
2026-09-30T19:21:24+00:00,2026-10-01,2026020014,h,CGY,Dustin Wolf,8481692,confirmed,name
2026-09-30T19:21:24+00:00,2026-10-01,2026020014,a,SEA,Joey Daccord,8478916,projected,name
2026-09-30T19:21:24+00:00,2026-10-01,2026020013,h,UTA,Karel Vejmelka,8478872,projected,name
2026-09-30T19:21:24+00:00,2026-10-01,2026020013,a,CHI,Spencer Knight,8481519,projected,name
2026-09-30T19:21:24+00:00,2026-10-01,2026020016,h,SJS,Yaroslav Askarov,8482137,projected,name
2026-09-30T19:21:24+00:00,2026-10-01,2026020016,a,FLA,Jacob Markstrom,8474593,projected,name
2026-09-30T19:21:24+00:00,2026-10-01,2026020015,h,VAN,Kevin Lankinen,8480947,projected,name
2026-09-30T19:21:24+00:00,2026-10-01,2026020015,a,EDM,Tristan Jarry,8477465,projected,name
