pulled_at,event_id,date,tip_et,home_team,away_team,home_raw,away_raw,live_total,over_price,under_price,total_book,total_n_books,live_spread_home,spread_home_price,spread_away_price,spread_book,spread_n_books,p_over_mkt,p_under_mkt,p_home_mkt,p_away_mkt
2026-09-09T17:13:28+00:00,8c94552d022acec4a0458d70c19d3da9,2026-09-09,"Wed Sep 09, 8:20 PM",SEA,NE,Seattle Seahawks,New England Patriots,44.5,-108,-112,DraftKings,9,-3.0,-118,-102,DraftKings,9,0.4956702459300312,0.5043297540699688,0.5173641257162701,0.4826358742837298
2026-09-09T17:13:28+00:00,acc580d74344ea3b31bbcdd057fe6a9c,2026-09-10,"Thu Sep 10, 8:35 PM",LA,SF,Los Angeles Rams,San Francisco 49ers,48.5,-108,-112,DraftKings,9,-3.5,-118,-102,DraftKings,9,0.4956702459300312,0.5043297540699688,0.5173641257162701,0.4826358742837298
2026-09-09T17:13:28+00:00,95c01d1bb797d6df14824b106c5a9130,2026-09-13,"Sun Sep 13, 1:00 PM",PIT,ATL,Pittsburgh Steelers,Atlanta Falcons,42.5,-105,-115,DraftKings,9,-3.5,-112,-108,DraftKings,9,0.4891657638136511,0.5108342361863488,0.5043297540699688,0.4956702459300312
2026-09-09T17:13:28+00:00,b6cfdcbafa61ce220ba87dc2d9b80c77,2026-09-13,"Sun Sep 13, 1:00 PM",IND,BAL,Indianapolis Colts,Baltimore Ravens,47.5,-115,-105,DraftKings,9,3.5,-115,-105,DraftKings,9,0.5108342361863488,0.4891657638136511,0.5108342361863488,0.4891657638136511
2026-09-09T17:13:28+00:00,7e09efed7e12c659b82740b67ce2f9a1,2026-09-13,"Sun Sep 13, 1:00 PM",HOU,BUF,Houston Texans,Buffalo Bills,44.5,-115,-105,DraftKings,9,1.5,-118,-102,DraftKings,9,0.5108342361863488,0.4891657638136511,0.5173641257162701,0.4826358742837298
2026-09-09T17:13:28+00:00,fc362aff0d889ec52d358307a70c32ed,2026-09-13,"Sun Sep 13, 1:00 PM",CAR,CHI,Carolina Panthers,Chicago Bears,46.5,-115,-105,DraftKings,9,3.0,-102,-118,DraftKings,9,0.5108342361863488,0.4891657638136511,0.4826358742837298,0.5173641257162701
2026-09-09T17:13:28+00:00,ed6d24ff979f9c71979fead577b0b3f7,2026-09-13,"Sun Sep 13, 1:00 PM",CIN,TB,Cincinnati Bengals,Tampa Bay Buccaneers,50.5,-108,-112,DraftKings,9,-3.5,-112,-108,DraftKings,9,0.4956702459300312,0.5043297540699688,0.5043297540699688,0.4956702459300312
2026-09-09T17:13:28+00:00,e55c6fe19fce094ce214c8b0e5b504e9,2026-09-13,"Sun Sep 13, 1:00 PM",JAX,CLE,Jacksonville Jaguars,Cleveland Browns,40.5,-110,-110,DraftKings,9,-8.5,-110,-110,DraftKings,9,0.5,0.5,0.5,0.5
2026-09-09T17:13:28+00:00,c1d3fcec25aaeb06ebd2244d33d338e0,2026-09-13,"Sun Sep 13, 1:00 PM",DET,NO,Detroit Lions,New Orleans Saints,49.5,-118,-102,DraftKings,9,-7.0,-108,-112,DraftKings,9,0.5173641257162701,0.4826358742837298,0.4956702459300312,0.5043297540699688
2026-09-09T17:13:28+00:00,7dddb296a42e7a41a774b24bd1709ce1,2026-09-13,"Sun Sep 13, 1:00 PM",TEN,NYJ,Tennessee Titans,New York Jets,38.5,-115,-105,DraftKings,9,-1.5,-110,-110,DraftKings,9,0.5108342361863488,0.4891657638136511,0.5,0.5
2026-09-09T17:13:28+00:00,1edfa5ceaa1ad2cb57df1c1b908731f6,2026-09-13,"Sun Sep 13, 4:25 PM",LAC,ARI,Los Angeles Chargers,Arizona Cardinals,47.5,-102,-118,DraftKings,9,-9.5,-115,-105,DraftKings,9,0.4826358742837298,0.5173641257162701,0.5108342361863488,0.4891657638136511
2026-09-09T17:13:28+00:00,cb77efed7e711d25a72c1a2a0a1af119,2026-09-13,"Sun Sep 13, 4:25 PM",MIN,GB,Minnesota Vikings,Green Bay Packers,46.5,-108,-112,DraftKings,9,-1.5,-108,-112,DraftKings,9,0.4956702459300312,0.5043297540699688,0.4956702459300312,0.5043297540699688
2026-09-09T17:13:28+00:00,c5d95f48a16849ab6bebc68fbbfcb74a,2026-09-13,"Sun Sep 13, 4:25 PM",LV,MIA,Las Vegas Raiders,Miami Dolphins,40.5,-115,-105,DraftKings,9,-3.5,-105,-115,DraftKings,9,0.5108342361863488,0.4891657638136511,0.4891657638136511,0.5108342361863488
2026-09-09T17:13:28+00:00,17885cb8dcade8f6c3bce14b2de805e8,2026-09-13,"Sun Sep 13, 4:25 PM",PHI,WAS,Philadelphia Eagles,Washington Commanders,44.5,-105,-115,DraftKings,9,-5.5,-108,-112,DraftKings,9,0.4891657638136511,0.5108342361863488,0.4956702459300312,0.5043297540699688
2026-09-09T17:13:28+00:00,3e646c7479c57f5d9752d8c7dfe7059b,2026-09-13,"Sun Sep 13, 8:20 PM",NYG,DAL,New York Giants,Dallas Cowboys,48.5,-105,-115,DraftKings,9,3.0,-115,-105,DraftKings,9,0.4891657638136511,0.5108342361863488,0.5108342361863488,0.4891657638136511
2026-09-09T17:13:28+00:00,5ad8135dc2b5f27de0b777acd317855a,2026-09-14,"Mon Sep 14, 8:15 PM",KC,DEN,Kansas City Chiefs,Denver Broncos,43.5,-110,-110,DraftKings,9,-2.5,-120,100,DraftKings,9,0.5,0.5,0.5217391304347826,0.4782608695652174
2026-09-09T17:13:28+00:00,56e8897681915f7ec92baeee952bb1ae,2026-09-17,"Thu Sep 17, 8:15 PM",BUF,DET,Buffalo Bills,Detroit Lions,52.5,-105,-115,DraftKings,6,-3.0,-110,-110,DraftKings,6,0.4891657638136511,0.5108342361863488,0.5,0.5
2026-09-09T17:13:28+00:00,aee7eae1849ebb103b9bf233e9741392,2026-09-20,"Sun Sep 20, 1:00 PM",ATL,CAR,Atlanta Falcons,Carolina Panthers,44.5,-102,-118,DraftKings,5,-1.5,-110,-110,DraftKings,5,0.4826358742837298,0.5173641257162701,0.5,0.5
2026-09-09T17:13:28+00:00,2143ade9684fd876b68a4e8cbf451f05,2026-09-20,"Sun Sep 20, 1:00 PM",BAL,NO,Baltimore Ravens,New Orleans Saints,46.5,-110,-110,DraftKings,5,-7.5,-110,-110,DraftKings,5,0.5,0.5,0.5,0.5
2026-09-09T17:13:28+00:00,0283a29e1b38ef78b29b904fd56a16dd,2026-09-20,"Sun Sep 20, 1:00 PM",CHI,MIN,Chicago Bears,Minnesota Vikings,45.5,-110,-110,DraftKings,5,-3.0,-110,-110,DraftKings,5,0.5,0.5,0.5,0.5
2026-09-09T17:13:28+00:00,36ad2fa722f4915ef23d2c81351261de,2026-09-20,"Sun Sep 20, 1:00 PM",HOU,CIN,Houston Texans,Cincinnati Bengals,45.5,-110,-110,DraftKings,5,-2.5,-118,-102,DraftKings,5,0.5,0.5,0.5173641257162701,0.4826358742837298
2026-09-09T17:13:28+00:00,0636ebff776d43f8c829a36713c80b22,2026-09-20,"Sun Sep 20, 1:00 PM",TB,CLE,Tampa Bay Buccaneers,Cleveland Browns,42.5,-110,-110,DraftKings,5,-6.5,-110,-110,DraftKings,5,0.5,0.5,0.5,0.5
2026-09-09T17:13:28+00:00,4aeee070bb6ec60bdfae4dede61b9014,2026-09-20,"Sun Sep 20, 1:00 PM",NYJ,GB,New York Jets,Green Bay Packers,42.5,-110,-110,DraftKings,5,5.5,-110,-110,DraftKings,5,0.5,0.5,0.5,0.5
2026-09-09T17:13:28+00:00,9d14f87600f6edc74dbcb5c74edf6246,2026-09-20,"Sun Sep 20, 1:00 PM",NE,PIT,New England Patriots,Pittsburgh Steelers,43.5,-110,-110,DraftKings,5,-4.5,-110,-110,DraftKings,5,0.5,0.5,0.5,0.5
2026-09-09T17:13:28+00:00,fafc649c455e32a0f2ba1bd06e2039bc,2026-09-20,"Sun Sep 20, 1:00 PM",TEN,PHI,Tennessee Titans,Philadelphia Eagles,42.5,-110,-110,DraftKings,5,5.5,-110,-110,DraftKings,5,0.5,0.5,0.5,0.5
2026-09-09T17:13:28+00:00,1fd6628c781f556a7a19638e97d7107f,2026-09-20,"Sun Sep 20, 4:05 PM",DEN,JAX,Denver Broncos,Jacksonville Jaguars,43.5,-110,-110,DraftKings,5,-3.0,-110,-110,DraftKings,5,0.5,0.5,0.5,0.5
2026-09-09T17:13:28+00:00,71b3b83747589efdc5baef2c5cf811bf,2026-09-20,"Sun Sep 20, 4:05 PM",LAC,LV,Los Angeles Chargers,Las Vegas Raiders,42.5,-110,-110,DraftKings,5,-8.5,-110,-110,DraftKings,5,0.5,0.5,0.5,0.5
2026-09-09T17:13:28+00:00,4dd8020192a544385db42374e5555303,2026-09-20,"Sun Sep 20, 4:25 PM",ARI,SEA,Arizona Cardinals,Seattle Seahawks,44.5,-110,-110,DraftKings,5,10.0,-110,-110,DraftKings,5,0.5,0.5,0.5,0.5
2026-09-09T17:13:28+00:00,85ef85098ddd22fe4ecf45e7e3c0a9c0,2026-09-20,"Sun Sep 20, 4:25 PM",DAL,WAS,Dallas Cowboys,Washington Commanders,51.5,-110,-110,DraftKings,5,-4.5,-105,-115,DraftKings,5,0.5,0.5,0.4891657638136511,0.5108342361863488
2026-09-09T17:13:28+00:00,68bc55903f50af4af4766adcc89fcc61,2026-09-20,"Sun Sep 20, 4:25 PM",SF,MIA,San Francisco 49ers,Miami Dolphins,46.5,-110,-110,DraftKings,5,-10.5,-110,-110,DraftKings,5,0.5,0.5,0.5,0.5
2026-09-09T17:13:28+00:00,50bc247030707d823b9c3581d7eb5760,2026-09-20,"Sun Sep 20, 8:20 PM",KC,IND,Kansas City Chiefs,Indianapolis Colts,47.5,-110,-110,DraftKings,5,-6.5,-110,-110,DraftKings,5,0.5,0.5,0.5,0.5
2026-09-09T17:13:28+00:00,32367f882fac1a0c20a6335619922025,2026-09-21,"Mon Sep 21, 8:15 PM",LA,NYG,Los Angeles Rams,New York Giants,48.5,-110,-110,DraftKings,5,-9.5,-112,-108,DraftKings,5,0.5,0.5,0.5043297540699688,0.4956702459300312
2026-09-09T17:13:28+00:00,e5fbd3b3953b896b1bf897ddadb3cc4b,2026-09-24,"Thu Sep 24, 8:15 PM",GB,ATL,Green Bay Packers,Atlanta Falcons,46.5,-110,-110,DraftKings,2,-7.5,-110,-110,DraftKings,2,0.5,0.5,0.5,0.5
2026-09-09T17:13:28+00:00,b225458a282e140c44c45651255f2f6c,2026-09-27,"Sun Sep 27, 1:00 PM",BUF,LAC,Buffalo Bills,Los Angeles Chargers,48.5,-110,-110,DraftKings,1,-3.0,-110,-110,DraftKings,1,0.5,0.5,0.5,0.5
2026-09-09T17:13:28+00:00,613b8cd3a5fab58f7be4e3fd6f76223e,2026-09-27,"Sun Sep 27, 1:00 PM",CLE,CAR,Cleveland Browns,Carolina Panthers,39.5,-110,-110,DraftKings,1,1.5,-110,-110,DraftKings,1,0.5,0.5,0.5,0.5
2026-09-09T17:13:28+00:00,71123be049587b6facce3a20c53e5d09,2026-09-27,"Sun Sep 27, 1:00 PM",PIT,CIN,Pittsburgh Steelers,Cincinnati Bengals,46.5,-118,-102,DraftKings,2,1.5,-110,-110,DraftKings,2,0.5173641257162701,0.4826358742837298,0.5,0.5
2026-09-09T17:13:28+00:00,07f552badfa8a565d1be22123713e4da,2026-09-27,"Sun Sep 27, 1:00 PM",DET,NYJ,Detroit Lions,New York Jets,45.5,-110,-110,DraftKings,1,-9.5,-110,-110,DraftKings,1,0.5,0.5,0.5,0.5
2026-09-09T17:13:28+00:00,17a730b7d399feeab6a78c30767c29d2,2026-09-27,"Sun Sep 27, 1:00 PM",IND,HOU,Indianapolis Colts,Houston Texans,45.5,-110,-110,DraftKings,2,1.5,-110,-110,DraftKings,2,0.5,0.5,0.5,0.5
2026-09-09T17:13:28+00:00,0339a0e41bcee12820eb3e64bb5fadb4,2026-09-27,"Sun Sep 27, 1:00 PM",MIA,KC,Miami Dolphins,Kansas City Chiefs,44.5,-110,-110,DraftKings,2,7.5,-110,-110,DraftKings,2,0.5,0.5,0.5,0.5
2026-09-09T17:13:28+00:00,555afd4a27aaa392662881cffa8f2eef,2026-09-27,"Sun Sep 27, 1:00 PM",NYG,TEN,New York Giants,Tennessee Titans,44.5,-110,-110,DraftKings,2,-3.0,-115,-105,DraftKings,2,0.5,0.5,0.5108342361863488,0.4891657638136511
2026-09-09T17:13:28+00:00,2a529c108305ffa049d8b6cfdbaa4d36,2026-09-27,"Sun Sep 27, 1:00 PM",WAS,SEA,Washington Commanders,Seattle Seahawks,46.5,-110,-110,DraftKings,2,3.5,-110,-110,DraftKings,2,0.5,0.5,0.5,0.5
2026-09-09T17:13:28+00:00,9d2b09e0f9b6dd5ce0d985894f4f98fa,2026-09-27,"Sun Sep 27, 4:05 PM",SF,ARI,San Francisco 49ers,Arizona Cardinals,46.5,-110,-110,DraftKings,2,-11.5,-110,-110,DraftKings,2,0.5,0.5,0.5,0.5
2026-09-09T17:13:28+00:00,f1724dead3eab61546033032fc782375,2026-09-27,"Sun Sep 27, 4:05 PM",TB,MIN,Tampa Bay Buccaneers,Minnesota Vikings,44.5,-110,-110,DraftKings,2,-1.5,-110,-110,DraftKings,2,0.5,0.5,0.5,0.5
2026-09-09T17:13:28+00:00,84cfca14efc21363fd605508404cf1ff,2026-09-27,"Sun Sep 27, 4:25 PM",DAL,BAL,Dallas Cowboys,Baltimore Ravens,51.5,-110,-110,DraftKings,2,2.5,-110,-110,DraftKings,2,0.5,0.5,0.5,0.5
2026-09-09T17:13:28+00:00,2e523fcb0497aa689473e290eb2b97de,2026-09-27,"Sun Sep 27, 4:25 PM",NO,LV,New Orleans Saints,Las Vegas Raiders,42.5,-110,-110,DraftKings,1,-3.5,-110,-110,DraftKings,1,0.5,0.5,0.5,0.5
2026-09-09T17:13:28+00:00,3bfd8bfb4b8e9a365a0877879b73b16b,2026-09-27,"Sun Sep 27, 8:20 PM",DEN,LA,Denver Broncos,Los Angeles Rams,45.5,-110,-110,DraftKings,1,3.0,-110,-110,DraftKings,1,0.5,0.5,0.5,0.5
2026-09-09T17:13:28+00:00,47dc7baa254659f3beb2ed2b38c207b6,2026-09-28,"Mon Sep 28, 8:15 PM",CHI,PHI,Chicago Bears,Philadelphia Eagles,46.5,-110,-110,DraftKings,1,-1.5,-105,-115,DraftKings,1,0.5,0.5,0.4891657638136511,0.5108342361863488
2026-09-09T17:13:28+00:00,d55cb69fed50a09170560b5b75d8de86,2026-10-01,"Thu Oct 01, 8:15 PM",CLE,PIT,Cleveland Browns,Pittsburgh Steelers,40.5,-110,-110,DraftKings,1,2.5,-110,-110,DraftKings,1,0.5,0.5,0.5,0.5
2026-09-09T17:13:28+00:00,c9d8ed8aa4889486eaf10a630138ede0,2026-10-04,"Sun Oct 04, 9:30 AM",WAS,IND,Washington Commanders,Indianapolis Colts,50.5,-110,-110,DraftKings,2,-1.5,-105,-115,DraftKings,2,0.5,0.5,0.4891657638136511,0.5108342361863488
2026-09-09T17:13:28+00:00,664e6bda5721dc63be16bcf7d962a436,2026-10-04,"Sun Oct 04, 1:00 PM",NYG,ARI,New York Giants,Arizona Cardinals,45.5,-110,-110,DraftKings,2,-7.0,-110,-110,DraftKings,2,0.5,0.5,0.5,0.5
2026-09-09T17:13:28+00:00,f01589b0e7e6dd4f4ac1220a1db81f53,2026-10-04,"Sun Oct 04, 1:00 PM",BAL,TEN,Baltimore Ravens,Tennessee Titans,47.5,-110,-110,DraftKings,2,-8.5,-110,-110,DraftKings,2,0.5,0.5,0.5,0.5
2026-09-09T17:13:28+00:00,573cc0ef39631a4f6673ec843a8bedd4,2026-10-04,"Sun Oct 04, 1:00 PM",BUF,NE,Buffalo Bills,New England Patriots,49.5,-110,-110,DraftKings,1,-3.0,-110,-110,DraftKings,1,0.5,0.5,0.5,0.5
2026-09-09T17:13:28+00:00,164e6eb68f31bac190381903c3cccd31,2026-10-04,"Sun Oct 04, 1:00 PM",CHI,NYJ,Chicago Bears,New York Jets,45.5,-110,-110,DraftKings,1,-8.5,-110,-110,DraftKings,1,0.5,0.5,0.5,0.5
2026-09-09T17:13:28+00:00,2ea94ddf20f66432b9024fe2e2eaba5f,2026-10-04,"Sun Oct 04, 1:00 PM",CIN,JAX,Cincinnati Bengals,Jacksonville Jaguars,51.5,-110,-110,DraftKings,2,-2.5,-110,-110,DraftKings,2,0.5,0.5,0.5,0.5
2026-09-09T17:13:28+00:00,daf55e2df5341c007fee5a0fc5bbc2d4,2026-10-04,"Sun Oct 04, 1:00 PM",HOU,DAL,Houston Texans,Dallas Cowboys,47.5,-110,-110,DraftKings,2,-2.5,-110,-110,DraftKings,2,0.5,0.5,0.5,0.5
2026-09-09T17:13:28+00:00,99a9bae4dc0dc2590496bd3102b211f2,2026-10-04,"Sun Oct 04, 1:00 PM",TB,GB,Tampa Bay Buccaneers,Green Bay Packers,47.5,-110,-110,DraftKings,2,1.5,-110,-110,DraftKings,2,0.5,0.5,0.5,0.5
2026-09-09T17:13:28+00:00,1b4f2e60ce83fa1d63a5dff83769d27c,2026-10-04,"Sun Oct 04, 1:00 PM",PHI,LA,Philadelphia Eagles,Los Angeles Rams,47.5,-110,-110,DraftKings,1,1.5,-110,-110,DraftKings,1,0.5,0.5,0.5,0.5
2026-09-09T17:13:28+00:00,c327223d76a3b7b0db8c6c104442f44b,2026-10-04,"Sun Oct 04, 4:05 PM",MIN,MIA,Minnesota Vikings,Miami Dolphins,43.5,-110,-110,DraftKings,2,-7.5,-110,-110,DraftKings,2,0.5,0.5,0.5,0.5
2026-09-09T17:13:28+00:00,a7e7efb75a9792ac63480ae6328dca18,2026-10-04,"Sun Oct 04, 4:25 PM",SF,DEN,San Francisco 49ers,Denver Broncos,46.5,-110,-110,DraftKings,2,-2.5,-110,-110,DraftKings,2,0.5,0.5,0.5,0.5
2026-09-09T17:13:28+00:00,e0cbd266dcf997089203a1b33ba0333d,2026-10-04,"Sun Oct 04, 4:25 PM",LV,KC,Las Vegas Raiders,Kansas City Chiefs,43.5,-110,-110,DraftKings,1,5.5,-110,-110,DraftKings,1,0.5,0.5,0.5,0.5
2026-09-09T17:13:28+00:00,96d2373cda647873b971f268482bced0,2026-10-04,"Sun Oct 04, 4:25 PM",SEA,LAC,Seattle Seahawks,Los Angeles Chargers,45.5,-110,-110,DraftKings,2,-3.0,-115,-105,DraftKings,2,0.5,0.5,0.5108342361863488,0.4891657638136511
2026-09-09T17:13:28+00:00,a73a76599a4f3422803e57bd8f61b626,2026-10-04,"Sun Oct 04, 8:20 PM",CAR,DET,Carolina Panthers,Detroit Lions,47.5,-110,-110,DraftKings,1,3.0,-110,-110,DraftKings,1,0.5,0.5,0.5,0.5
2026-09-09T17:13:28+00:00,8bd90781e17e6d97df3941063cedae1e,2026-10-05,"Mon Oct 05, 8:15 PM",NO,ATL,New Orleans Saints,Atlanta Falcons,45.5,-115,-105,DraftKings,2,-2.5,-110,-110,DraftKings,2,0.5108342361863488,0.4891657638136511,0.5,0.5
2026-09-09T17:13:28+00:00,259b5df9aa0d10257f56de78523495e0,2026-10-08,"Thu Oct 08, 8:15 PM",DAL,TB,Dallas Cowboys,Tampa Bay Buccaneers,52.5,-110,-110,DraftKings,2,-3.5,-110,-110,DraftKings,2,0.5,0.5,0.5,0.5
2026-09-09T17:13:28+00:00,21b26266f3d78af02eb672e606275d95,2026-10-11,"Sun Oct 11, 9:30 AM",JAX,PHI,Jacksonville Jaguars,Philadelphia Eagles,45.5,-110,-110,DraftKings,2,1.5,-110,-110,DraftKings,2,0.5,0.5,0.5,0.5
2026-09-09T17:13:28+00:00,c4647ca1201e6768501877267ca8251b,2026-10-11,"Sun Oct 11, 1:00 PM",MIA,CIN,Miami Dolphins,Cincinnati Bengals,49.5,-110,-110,DraftKings,2,6.0,-110,-110,DraftKings,2,0.5,0.5,0.5,0.5
2026-09-09T17:13:28+00:00,9db4ed15fe34fca1fb62f040cd244591,2026-10-11,"Sun Oct 11, 1:00 PM",NYJ,CLE,New York Jets,Cleveland Browns,39.5,-110,-110,DraftKings,1,-1.5,-115,-105,DraftKings,1,0.5,0.5,0.5108342361863488,0.4891657638136511
2026-09-09T17:13:28+00:00,cc52bba56e74f5cddbe9011046181c3d,2026-10-11,"Sun Oct 11, 1:00 PM",TEN,HOU,Tennessee Titans,Houston Texans,43.5,-110,-110,DraftKings,2,3.5,-110,-110,DraftKings,2,0.5,0.5,0.5,0.5
2026-09-09T17:13:28+00:00,448d7cf18c6db4c811ed82ded1b72867,2026-10-11,"Sun Oct 11, 1:00 PM",PIT,IND,Pittsburgh Steelers,Indianapolis Colts,47.5,-110,-110,DraftKings,2,-2.5,-110,-110,DraftKings,2,0.5,0.5,0.5,0.5
2026-09-09T17:13:28+00:00,6b024bad1abb54f597225e4ab9b39d89,2026-10-11,"Sun Oct 11, 1:00 PM",NE,LV,New England Patriots,Las Vegas Raiders,44.5,-110,-110,DraftKings,1,-8.5,-110,-110,DraftKings,1,0.5,0.5,0.5,0.5
2026-09-09T17:13:28+00:00,2cda9bf0fbe35a2735f0dd8aaafe9eff,2026-10-11,"Sun Oct 11, 1:00 PM",NO,MIN,New Orleans Saints,Minnesota Vikings,44.5,-110,-110,DraftKings,2,1.5,-110,-110,DraftKings,2,0.5,0.5,0.5,0.5
2026-09-09T17:13:28+00:00,fbffd0b7722fd81d68d5d62472dc80e8,2026-10-11,"Sun Oct 11, 1:00 PM",WAS,NYG,Washington Commanders,New York Giants,48.5,-110,-110,DraftKings,2,-1.5,-115,-105,DraftKings,2,0.5,0.5,0.5108342361863488,0.4891657638136511
2026-09-09T17:13:28+00:00,d1d408fdfd272046fb517fe992a1c5a0,2026-10-11,"Sun Oct 11, 4:05 PM",LAC,DEN,Los Angeles Chargers,Denver Broncos,44.5,-110,-110,DraftKings,2,-2.5,-110,-110,DraftKings,2,0.5,0.5,0.5,0.5
2026-09-09T17:13:28+00:00,f8e7f43f73aa983c5c99c189587f0118,2026-10-11,"Sun Oct 11, 4:25 PM",ARI,DET,Arizona Cardinals,Detroit Lions,48.5,-110,-110,DraftKings,1,8.5,-110,-110,DraftKings,1,0.5,0.5,0.5,0.5
2026-09-09T17:13:28+00:00,2caea57b1e5cfbba1334cfbfd46f6771,2026-10-11,"Sun Oct 11, 4:25 PM",GB,CHI,Green Bay Packers,Chicago Bears,49.5,-110,-110,DraftKings,1,-3.0,-110,-110,DraftKings,1,0.5,0.5,0.5,0.5
2026-09-09T17:13:28+00:00,8e5d515b10d8a5ffb324640ed60bcc55,2026-10-11,"Sun Oct 11, 4:25 PM",SEA,SF,Seattle Seahawks,San Francisco 49ers,48.5,-110,-110,DraftKings,2,-3.5,-110,-110,DraftKings,2,0.5,0.5,0.5,0.5
2026-09-09T17:13:28+00:00,86457f91112732f21ad4bb7d37bd291c,2026-10-11,"Sun Oct 11, 8:20 PM",ATL,BAL,Atlanta Falcons,Baltimore Ravens,48.5,-110,-110,DraftKings,2,4.5,-110,-110,DraftKings,2,0.5,0.5,0.5,0.5
2026-09-09T17:13:28+00:00,e6d00eedd87d367e510314bd8cab8f6f,2026-10-12,"Mon Oct 12, 8:15 PM",LA,BUF,Los Angeles Rams,Buffalo Bills,53.5,-110,-110,DraftKings,1,-3.0,-110,-110,DraftKings,1,0.5,0.5,0.5,0.5
2026-09-09T17:13:28+00:00,855f58fad5f0f14b239f4f63df27998b,2026-10-15,"Thu Oct 15, 8:15 PM",DEN,SEA,Denver Broncos,Seattle Seahawks,43.5,-110,-110,DraftKings,2,2.5,-115,-105,DraftKings,2,0.5,0.5,0.5108342361863488,0.4891657638136511
2026-09-09T17:13:28+00:00,57418b2cf5aca558b3c98eafac1e264a,2026-10-18,"Sun Oct 18, 9:30 AM",JAX,HOU,Jacksonville Jaguars,Houston Texans,42.5,-110,-110,DraftKings,2,-1.5,102,-122,DraftKings,2,0.5,0.5,0.4739134147382802,0.5260865852617197
2026-09-09T17:13:28+00:00,7c312fdf24fb35f58b0e07c2932cc997,2026-10-18,"Sun Oct 18, 1:00 PM",ATL,CHI,Atlanta Falcons,Chicago Bears,47.5,-110,-110,DraftKings,1,3.0,-110,-110,DraftKings,1,0.5,0.5,0.5,0.5
2026-09-09T17:13:28+00:00,e86227938fd3cf008fc5648fb5128344,2026-10-18,"Sun Oct 18, 1:00 PM",CLE,BAL,Cleveland Browns,Baltimore Ravens,44.5,-110,-110,DraftKings,1,6.5,-110,-110,DraftKings,1,0.5,0.5,0.5,0.5
2026-09-09T17:13:28+00:00,caca2d752fe1a1779029082e95332fcc,2026-10-18,"Sun Oct 18, 1:00 PM",PHI,CAR,Philadelphia Eagles,Carolina Panthers,43.5,-110,-110,DraftKings,2,-6.5,-110,-110,DraftKings,2,0.5,0.5,0.5,0.5
2026-09-09T17:13:28+00:00,84aa9e190e625d7e9cd67e1f157a45b4,2026-10-18,"Sun Oct 18, 1:00 PM",IND,TEN,Indianapolis Colts,Tennessee Titans,47.5,-110,-110,DraftKings,2,-3.5,-110,-110,DraftKings,2,0.5,0.5,0.5,0.5
2026-09-09T17:13:28+00:00,0b0b582b32b09ab6ff6664ffae0c9653,2026-10-18,"Sun Oct 18, 1:00 PM",NE,NYJ,New England Patriots,New York Jets,42.5,-110,-110,DraftKings,1,-9.5,-110,-110,DraftKings,1,0.5,0.5,0.5,0.5
2026-09-09T17:13:28+00:00,1cf74afd313e9fd300e1462012b174cb,2026-10-18,"Sun Oct 18, 1:00 PM",NYG,NO,New York Giants,New Orleans Saints,44.5,-110,-110,DraftKings,2,-2.5,-110,-110,DraftKings,2,0.5,0.5,0.5,0.5
2026-09-09T17:13:28+00:00,27f3994841ce8081c0b7349cf3d1e3d7,2026-10-18,"Sun Oct 18, 1:00 PM",TB,PIT,Tampa Bay Buccaneers,Pittsburgh Steelers,45.5,-110,-110,DraftKings,2,-1.5,-110,-110,DraftKings,2,0.5,0.5,0.5,0.5
2026-09-09T17:13:28+00:00,3729ac6d2a66b642850caf2044cdc658,2026-10-18,"Sun Oct 18, 4:05 PM",LA,ARI,Los Angeles Rams,Arizona Cardinals,47.5,-110,-110,DraftKings,1,-13.5,-112,-108,DraftKings,1,0.5,0.5,0.5043297540699688,0.4956702459300312
2026-09-09T17:13:28+00:00,45b2690b350ed45145c7a716b18e8e66,2026-10-18,"Sun Oct 18, 4:25 PM",LV,BUF,Las Vegas Raiders,Buffalo Bills,47.5,-110,-110,DraftKings,1,6.5,-110,-110,DraftKings,1,0.5,0.5,0.5,0.5
2026-09-09T17:13:28+00:00,20fefae8c296247460ba5773caa42218,2026-10-18,"Sun Oct 18, 4:25 PM",KC,LAC,Kansas City Chiefs,Los Angeles Chargers,46.5,-110,-110,DraftKings,2,-2.5,-110,-110,DraftKings,2,0.5,0.5,0.5,0.5
2026-09-09T17:13:28+00:00,82fd5a159fa130e67abab93a9537f70b,2026-10-18,"Sun Oct 18, 8:20 PM",GB,DAL,Green Bay Packers,Dallas Cowboys,51.5,-110,-110,DraftKings,2,-3.0,-110,-110,DraftKings,2,0.5,0.5,0.5,0.5
2026-09-09T17:13:28+00:00,f122527f003276d3bca19efa48c902c1,2026-10-19,"Mon Oct 19, 8:15 PM",SF,WAS,San Francisco 49ers,Washington Commanders,50.5,-110,-110,DraftKings,2,-5.5,-110,-110,DraftKings,2,0.5,0.5,0.5,0.5
2026-09-09T17:13:28+00:00,ffebea881c1d7b2dfb85b3e590c35985,2026-10-22,"Thu Oct 22, 8:15 PM",CHI,NE,Chicago Bears,New England Patriots,47.5,-110,-110,DraftKings,1,-1.5,-110,-110,DraftKings,1,0.5,0.5,0.5,0.5
2026-09-09T17:13:28+00:00,2e710ea5a306b614f0f966e3d78732f8,2026-10-25,"Sun Oct 25, 9:30 AM",NO,PIT,New Orleans Saints,Pittsburgh Steelers,42.5,-110,-110,DraftKings,2,2.5,-110,-110,DraftKings,2,0.5,0.5,0.5,0.5
2026-09-09T17:13:28+00:00,b1be064fb52a198a62109c279e7ab24c,2026-10-25,"Sun Oct 25, 1:00 PM",ATL,SF,Atlanta Falcons,San Francisco 49ers,47.5,-110,-110,DraftKings,2,4.5,-110,-110,DraftKings,2,0.5,0.5,0.5,0.5
2026-09-09T17:13:28+00:00,550ec5290f935d311995affbcb0b5c79,2026-10-25,"Sun Oct 25, 1:00 PM",BAL,CIN,Baltimore Ravens,Cincinnati Bengals,51.5,-110,-110,DraftKings,2,-3.5,-110,-110,DraftKings,2,0.5,0.5,0.5,0.5
2026-09-09T17:13:28+00:00,2823e986597c449ab94126cd5ed3fae9,2026-10-25,"Sun Oct 25, 1:00 PM",CAR,TB,Carolina Panthers,Tampa Bay Buccaneers,45.5,-110,-110,DraftKings,2,1.5,-110,-110,DraftKings,2,0.5,0.5,0.5,0.5
2026-09-09T17:13:28+00:00,5dce18baccec5d3ad5fb3a3ce52f7619,2026-10-25,"Sun Oct 25, 1:00 PM",TEN,CLE,Tennessee Titans,Cleveland Browns,40.5,-110,-110,DraftKings,1,-2.5,-110,-110,DraftKings,1,0.5,0.5,0.5,0.5
2026-09-09T17:13:28+00:00,2bba7fde6f97d0e54403d53676e4ab63,2026-10-25,"Sun Oct 25, 1:00 PM",HOU,NYG,Houston Texans,New York Giants,43.5,-110,-110,DraftKings,2,-5.5,-110,-110,DraftKings,2,0.5,0.5,0.5,0.5
2026-09-09T17:13:28+00:00,f3992ad4496724baf7dcd1ef58245d6b,2026-10-25,"Sun Oct 25, 1:00 PM",MIN,IND,Minnesota Vikings,Indianapolis Colts,46.5,-110,-110,DraftKings,2,-2.5,-110,-110,DraftKings,2,0.5,0.5,0.5,0.5
2026-09-09T17:13:28+00:00,be5dd120ca08b43d647b6caa8953500a,2026-10-25,"Sun Oct 25, 1:00 PM",NYJ,MIA,New York Jets,Miami Dolphins,41.5,-110,-110,DraftKings,1,-2.5,-110,-110,DraftKings,1,0.5,0.5,0.5,0.5
2026-09-09T17:13:28+00:00,436119bb3ccdaa6ed7808aa3ebd82b76,2026-10-25,"Sun Oct 25, 4:05 PM",ARI,DEN,Arizona Cardinals,Denver Broncos,43.5,-110,-110,DraftKings,2,7.5,-110,-110,DraftKings,2,0.5,0.5,0.5,0.5
2026-09-09T17:13:28+00:00,e8e5715eefb6a9ce64765e9ddf49c0cc,2026-10-25,"Sun Oct 25, 4:25 PM",DET,GB,Detroit Lions,Green Bay Packers,50.5,-110,-110,DraftKings,1,-2.5,-110,-110,DraftKings,1,0.5,0.5,0.5,0.5
2026-09-09T17:13:28+00:00,f7679cf18454e4d88a8f2b990c3f08ac,2026-10-25,"Sun Oct 25, 4:25 PM",LV,LA,Las Vegas Raiders,Los Angeles Rams,46.5,-110,-110,DraftKings,1,7.5,-110,-110,DraftKings,1,0.5,0.5,0.5,0.5
2026-09-09T17:13:28+00:00,176d474ed8b2bbf1eb4d7e9c56b4bf22,2026-10-25,"Sun Oct 25, 8:20 PM",SEA,KC,Seattle Seahawks,Kansas City Chiefs,45.5,-110,-110,DraftKings,2,-3.0,-110,-110,DraftKings,2,0.5,0.5,0.5,0.5
2026-09-09T17:13:28+00:00,4853610e63c246f2027a6a248e642c9a,2026-10-26,"Mon Oct 26, 8:15 PM",PHI,DAL,Philadelphia Eagles,Dallas Cowboys,48.5,-110,-110,DraftKings,2,-3.0,-110,-110,DraftKings,2,0.5,0.5,0.5,0.5
2026-09-09T17:13:28+00:00,ab2865e9f2d4b012de8bc6fb6de11a7c,2026-10-29,"Thu Oct 29, 8:15 PM",GB,CAR,Green Bay Packers,Carolina Panthers,45.5,-110,-110,DraftKings,2,-7.0,-110,-110,DraftKings,2,0.5,0.5,0.5,0.5
2026-09-09T17:13:28+00:00,9255ca8f32aea590d00aa57de79f6bb6,2026-11-01,"Sun Nov 01, 1:00 PM",DAL,ARI,Dallas Cowboys,Arizona Cardinals,47.5,-110,-110,DraftKings,2,-10.5,-110,-110,DraftKings,2,0.5,0.5,0.5,0.5
2026-09-09T17:13:28+00:00,921859689f5f8b3b8b1caf4248bdb1ec,2026-11-01,"Sun Nov 01, 1:00 PM",TB,ATL,Tampa Bay Buccaneers,Atlanta Falcons,46.5,-110,-110,DraftKings,2,-4.5,-110,-110,DraftKings,2,0.5,0.5,0.5,0.5
2026-09-09T17:13:28+00:00,c93c421e5fa46031a43162d111d981d0,2026-11-01,"Sun Nov 01, 1:00 PM",BUF,BAL,Buffalo Bills,Baltimore Ravens,51.5,-110,-110,DraftKings,1,-2.5,-110,-110,DraftKings,1,0.5,0.5,0.5,0.5
2026-09-09T17:13:28+00:00,9c5d8f57e0ba0fbd9ef436c1f0898f99,2026-11-01,"Sun Nov 01, 1:00 PM",CIN,TEN,Cincinnati Bengals,Tennessee Titans,49.5,-110,-110,DraftKings,2,-6.5,-110,-110,DraftKings,2,0.5,0.5,0.5,0.5
2026-09-09T17:13:28+00:00,ab5ab731ab655bd6308bc7a922275518,2026-11-01,"Sun Nov 01, 1:00 PM",PIT,CLE,Pittsburgh Steelers,Cleveland Browns,39.5,-110,-110,DraftKings,1,-6.0,-110,-110,DraftKings,1,0.5,0.5,0.5,0.5
2026-09-09T17:13:28+00:00,52e7ee9c42525e6deec02da32dc2fad8,2026-11-01,"Sun Nov 01, 1:00 PM",DET,MIN,Detroit Lions,Minnesota Vikings,47.5,-110,-110,DraftKings,1,-4.5,-110,-110,DraftKings,1,0.5,0.5,0.5,0.5
2026-09-09T17:13:28+00:00,159dbf0253dd2038eda2212f84387f0c,2026-11-01,"Sun Nov 01, 1:00 PM",JAX,IND,Jacksonville Jaguars,Indianapolis Colts,49.5,-110,-110,DraftKings,2,-4.5,-110,-110,DraftKings,2,0.5,0.5,0.5,0.5
2026-09-09T17:13:28+00:00,98f1b121b793977434c046e76c707145,2026-11-01,"Sun Nov 01, 1:00 PM",NYJ,LV,New York Jets,Las Vegas Raiders,40.5,-110,-110,DraftKings,1,-1.5,-110,-110,DraftKings,1,0.5,0.5,0.5,0.5
2026-09-09T17:13:28+00:00,2ff84d3f6053d083c8c0a5bebf7cdd4c,2026-11-01,"Sun Nov 01, 4:05 PM",LA,LAC,Los Angeles Rams,Los Angeles Chargers,48.5,-110,-110,DraftKings,1,-3.5,-115,-105,DraftKings,1,0.5,0.5,0.5108342361863488,0.4891657638136511
2026-09-09T17:13:28+00:00,f2a036d5edf483a277880014861e78ad,2026-11-01,"Sun Nov 01, 4:25 PM",DEN,KC,Denver Broncos,Kansas City Chiefs,43.5,-110,-110,DraftKings,2,-1.5,-110,-110,DraftKings,2,0.5,0.5,0.5,0.5
2026-09-09T17:13:28+00:00,05405af79752f5e742cdf50b61f6745e,2026-11-01,"Sun Nov 01, 4:25 PM",MIA,NE,Miami Dolphins,New England Patriots,45.5,-110,-110,DraftKings,2,7.0,-110,-110,DraftKings,2,0.5,0.5,0.5,0.5
2026-09-09T17:13:28+00:00,b9c60db63b1a19ad319f24b33c0defe8,2026-11-01,"Sun Nov 01, 8:20 PM",WAS,PHI,Washington Commanders,Philadelphia Eagles,46.5,-110,-110,DraftKings,2,1.5,-110,-110,DraftKings,2,0.5,0.5,0.5,0.5
2026-09-09T17:13:28+00:00,7d664fbcd39350e559d83c0068ba7169,2026-11-02,"Mon Nov 02, 8:20 PM",SEA,CHI,Seattle Seahawks,Chicago Bears,47.5,-110,-110,DraftKings,1,-4.5,-110,-110,DraftKings,1,0.5,0.5,0.5,0.5
2026-09-09T17:13:28+00:00,c75744790b7acf6260c78ba5e739c0e5,2026-11-05,"Thu Nov 05, 8:15 PM",BAL,JAX,Baltimore Ravens,Jacksonville Jaguars,49.5,-110,-110,DraftKings,2,-4.5,-110,-110,DraftKings,2,0.5,0.5,0.5,0.5
2026-09-09T17:13:28+00:00,dc56d980f527ffeef89940133b211b13,2026-11-08,"Sun Nov 08, 9:30 AM",ATL,CIN,Atlanta Falcons,Cincinnati Bengals,49.5,-110,-110,DraftKings,2,5.5,-110,-110,DraftKings,2,0.5,0.5,0.5,0.5
2026-09-09T17:13:28+00:00,014282b888c741b7d70c857c09f40aa7,2026-11-08,"Sun Nov 08, 1:00 PM",CAR,DEN,Carolina Panthers,Denver Broncos,42.5,-110,-110,DraftKings,2,3.0,-110,-110,DraftKings,2,0.5,0.5,0.5,0.5
2026-09-09T17:13:28+00:00,e571bab6736f9338130a78a4f75c3231,2026-11-08,"Sun Nov 08, 1:00 PM",NO,CLE,New Orleans Saints,Cleveland Browns,41.5,-110,-110,DraftKings,1,-3.5,-115,-105,DraftKings,1,0.5,0.5,0.5108342361863488,0.4891657638136511
2026-09-09T17:13:28+00:00,415fc42e72888c63e82f7bce24c65391,2026-11-08,"Sun Nov 08, 1:00 PM",IND,DAL,Indianapolis Colts,Dallas Cowboys,52.5,-110,-110,DraftKings,2,1.5,-110,-110,DraftKings,2,0.5,0.5,0.5,0.5
2026-09-09T17:13:28+00:00,44d8c37868b700e90f816db7c5df5cdd,2026-11-08,"Sun Nov 08, 1:00 PM",MIA,DET,Miami Dolphins,Detroit Lions,47.5,-110,-110,DraftKings,1,6.5,-110,-110,DraftKings,1,0.5,0.5,0.5,0.5
2026-09-09T17:13:28+00:00,e354e6a04b1cb9c96e549b863debb92e,2026-11-08,"Sun Nov 08, 1:00 PM",KC,NYJ,Kansas City Chiefs,New York Jets,41.5,-110,-110,DraftKings,1,-9.5,-110,-110,DraftKings,1,0.5,0.5,0.5,0.5
2026-09-09T17:13:28+00:00,89de07377e0aa8ffaa2ae6a7dc0855cc,2026-11-08,"Sun Nov 08, 1:00 PM",WAS,LA,Washington Commanders,Los Angeles Rams,50.5,-110,-110,DraftKings,1,5.5,-115,-105,DraftKings,1,0.5,0.5,0.5108342361863488,0.4891657638136511
2026-09-09T17:13:28+00:00,fe93e6ab1e553c0169936a0a983c324f,2026-11-08,"Sun Nov 08, 1:00 PM",PHI,NYG,Philadelphia Eagles,New York Giants,44.5,-110,-110,DraftKings,2,-5.5,-110,-110,DraftKings,2,0.5,0.5,0.5,0.5
2026-09-09T17:13:28+00:00,39aeac43cea7b12558b91cdab1255a10,2026-11-08,"Sun Nov 08, 4:05 PM",LAC,HOU,Los Angeles Chargers,Houston Texans,43.5,-110,-110,DraftKings,2,-2.5,-110,-110,DraftKings,2,0.5,0.5,0.5,0.5
2026-09-09T17:13:28+00:00,ac9d38a18d5c92814233a31aa9a48d78,2026-11-08,"Sun Nov 08, 4:05 PM",SF,LV,San Francisco 49ers,Las Vegas Raiders,46.5,-110,-110,DraftKings,1,-8.5,-110,-110,DraftKings,1,0.5,0.5,0.5,0.5
2026-09-09T17:13:28+00:00,240e23b02b1e3fef655d04a286b5a623,2026-11-08,"Sun Nov 08, 4:25 PM",SEA,ARI,Seattle Seahawks,Arizona Cardinals,45.5,-110,-110,DraftKings,2,-13.5,-110,-110,DraftKings,2,0.5,0.5,0.5,0.5
2026-09-09T17:13:28+00:00,2922c573ec3df8466c4a34975e446898,2026-11-08,"Sun Nov 08, 4:25 PM",NE,GB,New England Patriots,Green Bay Packers,46.5,-110,-110,DraftKings,2,-1.5,-110,-110,DraftKings,2,0.5,0.5,0.5,0.5
2026-09-09T17:13:28+00:00,9760d8f19f84bfee300a74ceb656c95d,2026-11-08,"Sun Nov 08, 8:20 PM",CHI,TB,Chicago Bears,Tampa Bay Buccaneers,48.5,-110,-110,DraftKings,1,-3.5,-110,-110,DraftKings,1,0.5,0.5,0.5,0.5
2026-09-09T17:13:28+00:00,17ad7eff2f7875e20a8109abe40470e3,2026-11-09,"Mon Nov 09, 8:15 PM",MIN,BUF,Minnesota Vikings,Buffalo Bills,48.5,-110,-110,DraftKings,1,3.0,-110,-110,DraftKings,1,0.5,0.5,0.5,0.5
2026-09-09T17:13:28+00:00,74d39e19225caf211ad2c8eb4110179f,2026-11-12,"Thu Nov 12, 8:15 PM",NYG,WAS,New York Giants,Washington Commanders,47.5,-110,-110,DraftKings,1,-1.5,-110,-110,DraftKings,1,0.5,0.5,0.5,0.5
2026-09-09T17:13:28+00:00,3c71d515b726f1096aabb435badb83fd,2026-11-15,"Sun Nov 15, 1:00 PM",ATL,KC,Atlanta Falcons,Kansas City Chiefs,45.5,-110,-110,DraftKings,1,4.5,-110,-110,DraftKings,1,0.5,0.5,0.5,0.5
2026-09-09T17:13:28+00:00,1057d50949844ddf483da9c8c20354be,2026-11-15,"Sun Nov 15, 1:00 PM",NYJ,BUF,New York Jets,Buffalo Bills,46.5,-110,-110,DraftKings,1,7.0,-105,-115,DraftKings,1,0.5,0.5,0.4891657638136511,0.5108342361863488
2026-09-09T17:13:28+00:00,e5aa20e1364dd639f042af1c2281bbe2,2026-11-15,"Sun Nov 15, 1:00 PM",NO,CAR,New Orleans Saints,Carolina Panthers,43.5,-110,-110,DraftKings,2,-1.5,-105,-115,DraftKings,2,0.5,0.5,0.4891657638136511,0.5108342361863488
2026-09-09T17:13:28+00:00,be0e03cc42fbc9b6962467b22c7bf9dd,2026-11-15,"Sun Nov 15, 1:00 PM",CLE,HOU,Cleveland Browns,Houston Texans,38.5,-110,-110,DraftKings,1,4.5,-110,-110,DraftKings,1,0.5,0.5,0.5,0.5
2026-09-09T17:13:28+00:00,5d8d85473b87f772a979ecf294acab94,2026-11-15,"Sun Nov 15, 1:00 PM",GB,MIN,Green Bay Packers,Minnesota Vikings,45.5,-110,-110,DraftKings,2,-4.5,-110,-110,DraftKings,2,0.5,0.5,0.5,0.5
2026-09-09T17:13:28+00:00,b5700b4d938fd94429f60d4622cc9c0a,2026-11-15,"Sun Nov 15, 1:00 PM",IND,MIA,Indianapolis Colts,Miami Dolphins,47.5,-110,-110,DraftKings,1,-6.5,-110,-110,DraftKings,1,0.5,0.5,0.5,0.5
2026-09-09T17:13:28+00:00,28800df7e768ecec14f116454d560f9b,2026-11-15,"Sun Nov 15, 1:00 PM",TEN,JAX,Tennessee Titans,Jacksonville Jaguars,45.5,-110,-110,DraftKings,2,2.5,-110,-110,DraftKings,2,0.5,0.5,0.5,0.5
2026-09-09T17:13:28+00:00,6c932a965110f3f89ec4a5f1a6ac256e,2026-11-15,"Sun Nov 15, 4:05 PM",ARI,LA,Arizona Cardinals,Los Angeles Rams,47.5,-110,-110,DraftKings,1,10.5,-110,-110,DraftKings,1,0.5,0.5,0.5,0.5
2026-09-09T17:13:28+00:00,6079a5cbabf99b265a17edfc92a1da60,2026-11-15,"Sun Nov 15, 4:05 PM",LV,SEA,Las Vegas Raiders,Seattle Seahawks,43.5,-110,-110,DraftKings,2,7.0,-110,-110,DraftKings,2,0.5,0.5,0.5,0.5
2026-09-09T17:13:28+00:00,7627192fd89b05120ab6c712aa23fd81,2026-11-15,"Sun Nov 15, 4:25 PM",DAL,SF,Dallas Cowboys,San Francisco 49ers,52.5,-110,-110,DraftKings,1,-1.5,-105,-115,DraftKings,1,0.5,0.5,0.4891657638136511,0.5108342361863488
2026-09-09T17:13:28+00:00,48e497c230e6c9afcb3b600091d28e17,2026-11-15,"Sun Nov 15, 8:20 PM",CIN,PIT,Cincinnati Bengals,Pittsburgh Steelers,47.5,-110,-110,DraftKings,2,-3.5,-110,-110,DraftKings,2,0.5,0.5,0.5,0.5
2026-09-09T17:13:28+00:00,35e3bdff558b5d1506251e814986f164,2026-11-16,"Mon Nov 16, 8:15 PM",BAL,LAC,Baltimore Ravens,Los Angeles Chargers,47.5,-110,-110,DraftKings,2,-3.5,-110,-110,DraftKings,2,0.5,0.5,0.5,0.5
2026-09-09T17:13:28+00:00,66f9e83cf025d58acee12bce18661fb3,2026-11-19,"Thu Nov 19, 8:15 PM",HOU,IND,Houston Texans,Indianapolis Colts,45.5,-110,-110,DraftKings,1,-5.5,-110,-110,DraftKings,1,0.5,0.5,0.5,0.5
2026-09-09T17:13:28+00:00,403a88701352da05b0710a9e883b803e,2026-11-22,"Sun Nov 22, 1:00 PM",KC,ARI,Kansas City Chiefs,Arizona Cardinals,44.5,-110,-110,DraftKings,2,-11.5,-110,-110,DraftKings,2,0.5,0.5,0.5,0.5
2026-09-09T17:13:28+00:00,4527f57f5bc32742d8194af1ccf7da7e,2026-11-22,"Sun Nov 22, 1:00 PM",CAR,BAL,Carolina Panthers,Baltimore Ravens,46.5,-110,-110,DraftKings,2,4.5,-110,-110,DraftKings,2,0.5,0.5,0.5,0.5
2026-09-09T17:13:28+00:00,4c5b1c0843a260278e95eb93e7787576,2026-11-22,"Sun Nov 22, 1:00 PM",BUF,MIA,Buffalo Bills,Miami Dolphins,47.5,-110,-110,DraftKings,1,-11.5,-110,-110,DraftKings,1,0.5,0.5,0.5,0.5
2026-09-09T17:13:28+00:00,3ea90704fb576633bd1e2fa5aafd9ea3,2026-11-22,"Sun Nov 22, 1:00 PM",CHI,NO,Chicago Bears,New Orleans Saints,46.5,-110,-110,DraftKings,1,-6.5,-110,-110,DraftKings,1,0.5,0.5,0.5,0.5
2026-09-09T17:13:28+00:00,5e63079b678f8c13419adc169fff02d3,2026-11-22,"Sun Nov 22, 1:00 PM",DAL,TEN,Dallas Cowboys,Tennessee Titans,48.5,-110,-110,DraftKings,1,-6.5,-110,-110,DraftKings,1,0.5,0.5,0.5,0.5
2026-09-09T17:13:28+00:00,41e2dd69bddd65d7e823d9ed61cc2afc,2026-11-22,"Sun Nov 22, 1:00 PM",DET,TB,Detroit Lions,Tampa Bay Buccaneers,49.5,-110,-110,DraftKings,1,-4.5,-110,-110,DraftKings,1,0.5,0.5,0.5,0.5
2026-09-09T17:13:28+00:00,8ba112fabf4e87639338a5f437c5abfe,2026-11-22,"Sun Nov 22, 1:00 PM",NYG,JAX,New York Giants,Jacksonville Jaguars,46.5,-110,-110,DraftKings,1,1.5,-110,-110,DraftKings,1,0.5,0.5,0.5,0.5
2026-09-09T17:13:28+00:00,4b20b742b6168aaca4f25d87f11b1526,2026-11-22,"Sun Nov 22, 4:05 PM",LAC,NYJ,Los Angeles Chargers,New York Jets,41.5,-110,-110,DraftKings,1,-9.5,-110,-110,DraftKings,1,0.5,0.5,0.5,0.5
2026-09-09T17:13:28+00:00,1940706a79cbcbafacdcbf231069716b,2026-11-22,"Sun Nov 22, 4:25 PM",DEN,LV,Denver Broncos,Las Vegas Raiders,41.5,-110,-110,DraftKings,1,-7.5,-110,-110,DraftKings,1,0.5,0.5,0.5,0.5
2026-09-09T17:13:28+00:00,cbe45bafcc2615fc1d96cbc12840377a,2026-11-22,"Sun Nov 22, 4:25 PM",PHI,PIT,Philadelphia Eagles,Pittsburgh Steelers,42.5,-110,-110,DraftKings,2,-5.5,-110,-110,DraftKings,2,0.5,0.5,0.5,0.5
2026-09-09T17:13:28+00:00,60e1d27b083a335b722c2c852ea85612,2026-11-22,"Sun Nov 22, 8:20 PM",SF,MIN,San Francisco 49ers,Minnesota Vikings,46.5,-110,-110,DraftKings,2,-3.5,-110,-110,DraftKings,2,0.5,0.5,0.5,0.5
2026-09-09T17:13:28+00:00,3a60ed1d20004aa4d4772b2c1a2272e7,2026-11-23,"Mon Nov 23, 8:15 PM",WAS,CIN,Washington Commanders,Cincinnati Bengals,52.5,-110,-110,DraftKings,2,1.5,-110,-110,DraftKings,2,0.5,0.5,0.5,0.5
2026-09-09T17:13:28+00:00,5b612899d6dcdf998107f2c6c6e49a58,2026-11-25,"Wed Nov 25, 8:00 PM",LA,GB,Los Angeles Rams,Green Bay Packers,48.5,-110,-110,DraftKings,1,-4.5,-115,-105,DraftKings,1,0.5,0.5,0.5108342361863488,0.4891657638136511
2026-09-09T17:13:28+00:00,9b825e6518156008da499be041975fdd,2026-11-26,"Thu Nov 26, 1:00 PM",DET,CHI,Detroit Lions,Chicago Bears,52.5,-110,-110,DraftKings,1,-2.5,-115,-105,DraftKings,1,0.5,0.5,0.5108342361863488,0.4891657638136511
2026-09-09T17:13:28+00:00,ffaa06af56a7137d4b078c5c46c0b730,2026-11-26,"Thu Nov 26, 3:30 PM",DAL,PHI,Dallas Cowboys,Philadelphia Eagles,49.5,-110,-110,DraftKings,3,-1.5,-110,-110,DraftKings,3,0.5,0.5,0.5,0.5
2026-09-09T17:13:28+00:00,f36f518585aec40e8cb40e071c0844aa,2026-11-26,"Thu Nov 26, 8:20 PM",BUF,KC,Buffalo Bills,Kansas City Chiefs,50.5,-110,-110,DraftKings,1,-2.5,-115,-105,DraftKings,1,0.5,0.5,0.5108342361863488,0.4891657638136511
2026-09-09T17:13:28+00:00,44a3bcf5bd002583ddef2207a92dd977,2026-11-27,"Fri Nov 27, 3:00 PM",PIT,DEN,Pittsburgh Steelers,Denver Broncos,39.5,-110,-110,DraftKings,1,1.5,-110,-110,DraftKings,1,0.5,0.5,0.5,0.5
2026-09-09T17:13:28+00:00,6a05021bdb6bab24b9bb381ffff10f0c,2026-11-29,"Sun Nov 29, 1:00 PM",MIN,ATL,Minnesota Vikings,Atlanta Falcons,43.5,-110,-110,DraftKings,1,-4.5,-110,-110,DraftKings,1,0.5,0.5,0.5,0.5
2026-09-09T17:13:28+00:00,60d0c074801985c1062795362a24200e,2026-11-29,"Sun Nov 29, 1:00 PM",HOU,BAL,Houston Texans,Baltimore Ravens,45.5,-110,-110,DraftKings,1,-1.5,-110,-110,DraftKings,1,0.5,0.5,0.5,0.5
2026-09-09T17:13:28+00:00,f7d3ae7a8fe2438cef7d7d7bc67e31db,2026-11-29,"Sun Nov 29, 1:00 PM",CIN,NO,Cincinnati Bengals,New Orleans Saints,48.5,-110,-110,DraftKings,2,-6.5,-110,-110,DraftKings,2,0.5,0.5,0.5,0.5
2026-09-09T17:13:28+00:00,eaa993c3d62d6b5aeb6142cdd7862fd5,2026-11-29,"Sun Nov 29, 1:00 PM",CLE,LV,Cleveland Browns,Las Vegas Raiders,39.5,-110,-110,DraftKings,1,-1.5,-110,-110,DraftKings,1,0.5,0.5,0.5,0.5
2026-09-09T17:13:28+00:00,e9da808e36e1b7475698a57465ad4519,2026-11-29,"Sun Nov 29, 1:00 PM",IND,NYG,Indianapolis Colts,New York Giants,47.5,-110,-110,DraftKings,1,-2.5,-110,-110,DraftKings,1,0.5,0.5,0.5,0.5
2026-09-09T17:13:28+00:00,81a8fee5b649a3ad5ad59e9528f2f376,2026-11-29,"Sun Nov 29, 1:00 PM",JAX,TEN,Jacksonville Jaguars,Tennessee Titans,45.5,-110,-110,DraftKings,2,-5.5,-110,-110,DraftKings,2,0.5,0.5,0.5,0.5
2026-09-09T17:13:28+00:00,5ea0e3ea5944b0ad5169f21c0787b331,2026-11-29,"Sun Nov 29, 1:00 PM",MIA,NYJ,Miami Dolphins,New York Jets,40.5,-110,-110,DraftKings,1,-1.5,-110,-110,DraftKings,1,0.5,0.5,0.5,0.5
2026-09-09T17:13:28+00:00,69a1dbe9de3d3212c3a7a55be5d204ab,2026-11-29,"Sun Nov 29, 4:25 PM",ARI,WAS,Arizona Cardinals,Washington Commanders,47.5,-110,-110,DraftKings,2,4.5,-110,-110,DraftKings,2,0.5,0.5,0.5,0.5
2026-09-09T17:13:28+00:00,d68dced0b26726890b9c79bd19a5ffe5,2026-11-29,"Sun Nov 29, 4:25 PM",SF,SEA,San Francisco 49ers,Seattle Seahawks,46.5,-110,-110,DraftKings,2,-1.5,105,-125,DraftKings,2,0.5,0.5,0.4675324675324675,0.5324675324675325
2026-09-09T17:13:28+00:00,c64ceba13ede564e8658693e3171e7f9,2026-11-29,"Sun Nov 29, 8:20 PM",LAC,NE,Los Angeles Chargers,New England Patriots,45.5,-110,-110,DraftKings,2,-1.5,-110,-110,DraftKings,2,0.5,0.5,0.5,0.5
2026-09-09T17:13:28+00:00,2cdaecba7c0bff9b58a48a82e6ee17a7,2026-11-30,"Mon Nov 30, 8:15 PM",TB,CAR,Tampa Bay Buccaneers,Carolina Panthers,44.5,-110,-110,DraftKings,2,-3.5,-110,-110,DraftKings,2,0.5,0.5,0.5,0.5
2026-09-09T17:13:28+00:00,06e52a676b516186989e3b181a37c8a7,2026-12-03,"Thu Dec 03, 8:15 PM",LA,KC,Los Angeles Rams,Kansas City Chiefs,47.5,-110,-110,DraftKings,1,-3.5,-115,-105,DraftKings,1,0.5,0.5,0.5108342361863488,0.4891657638136511
2026-09-09T17:13:28+00:00,c94419ba8fb818fc36a5b21b526aab75,2026-12-06,"Sun Dec 06, 1:00 PM",ATL,DET,Atlanta Falcons,Detroit Lions,48.5,-110,-110,DraftKings,1,3.5,-110,-110,DraftKings,1,0.5,0.5,0.5,0.5
2026-09-09T17:13:28+00:00,0236f9aa68d65ea03bd1ca025b749c20,2026-12-06,"Sun Dec 06, 1:00 PM",CHI,JAX,Chicago Bears,Jacksonville Jaguars,47.5,-110,-110,DraftKings,1,-3.0,-105,-115,DraftKings,1,0.5,0.5,0.4891657638136511,0.5108342361863488
2026-09-09T17:13:28+00:00,b447fab53534af892f98a74eae26c1c6,2026-12-06,"Sun Dec 06, 1:00 PM",CLE,CIN,Cleveland Browns,Cincinnati Bengals,45.5,-110,-110,DraftKings,1,4.5,-110,-110,DraftKings,1,0.5,0.5,0.5,0.5
2026-09-09T17:13:28+00:00,9a55467e1cd6310ae2af20d8154612e1,2026-12-06,"Sun Dec 06, 1:00 PM",DEN,MIA,Denver Broncos,Miami Dolphins,42.5,-110,-110,DraftKings,1,-9.5,-110,-110,DraftKings,1,0.5,0.5,0.5,0.5
2026-09-09T17:13:28+00:00,1ccb61b811b7aae4270df22a67e6459f,2026-12-06,"Sun Dec 06, 1:00 PM",NO,GB,New Orleans Saints,Green Bay Packers,45.5,-110,-110,DraftKings,2,4.5,-110,-110,DraftKings,2,0.5,0.5,0.5,0.5
2026-09-09T17:13:28+00:00,f8a92363386bd337975650879086cca6,2026-12-06,"Sun Dec 06, 1:00 PM",TB,LAC,Tampa Bay Buccaneers,Los Angeles Chargers,46.5,-110,-110,DraftKings,2,2.5,-110,-110,DraftKings,2,0.5,0.5,0.5,0.5
2026-09-09T17:13:28+00:00,a5495c3360b3bb13da76ba23a675c9ef,2026-12-06,"Sun Dec 06, 1:00 PM",NYG,SF,New York Giants,San Francisco 49ers,47.5,-110,-110,DraftKings,1,3.0,-110,-110,DraftKings,1,0.5,0.5,0.5,0.5
2026-09-09T17:13:28+00:00,ae3429e95ee704c7fd001cade20072d0,2026-12-06,"Sun Dec 06, 1:00 PM",TEN,WAS,Tennessee Titans,Washington Commanders,46.5,-110,-110,DraftKings,2,1.5,-110,-110,DraftKings,2,0.5,0.5,0.5,0.5
2026-09-09T17:13:28+00:00,f4897f48a5351881280f7598bd826408,2026-12-06,"Sun Dec 06, 4:05 PM",ARI,PHI,Arizona Cardinals,Philadelphia Eagles,43.5,-110,-110,DraftKings,2,8.5,-110,-110,DraftKings,2,0.5,0.5,0.5,0.5
2026-09-09T17:13:28+00:00,4116dbff75ab7957b69c2152f204b74d,2026-12-06,"Sun Dec 06, 4:25 PM",NE,BUF,New England Patriots,Buffalo Bills,48.5,-110,-110,DraftKings,1,-1.5,-108,-112,DraftKings,1,0.5,0.5,0.4956702459300312,0.5043297540699688
2026-09-09T17:13:28+00:00,c186c605febd6370b292469c9151cfb3,2026-12-06,"Sun Dec 06, 4:25 PM",MIN,CAR,Minnesota Vikings,Carolina Panthers,42.5,-110,-110,DraftKings,2,-3.5,-110,-110,DraftKings,2,0.5,0.5,0.5,0.5
2026-09-09T17:13:28+00:00,26bf8e165d2d273ed0772a355f07ab16,2026-12-06,"Sun Dec 06, 8:20 PM",PIT,HOU,Pittsburgh Steelers,Houston Texans,41.5,-110,-110,DraftKings,1,1.5,-110,-110,DraftKings,1,0.5,0.5,0.5,0.5
2026-09-09T17:13:28+00:00,0db4646c964ecdff19957373fe707546,2026-12-07,"Mon Dec 07, 8:15 PM",SEA,DAL,Seattle Seahawks,Dallas Cowboys,48.5,-110,-110,DraftKings,1,-4.5,-110,-110,DraftKings,1,0.5,0.5,0.5,0.5
2026-09-09T17:13:28+00:00,01548e41e7ba5318bb25c9bc2a32f73d,2026-12-10,"Thu Dec 10, 8:15 PM",NE,MIN,New England Patriots,Minnesota Vikings,43.5,-110,-110,DraftKings,2,-4.5,-110,-110,DraftKings,2,0.5,0.5,0.5,0.5
2026-09-09T17:13:28+00:00,f7fba6b1804e02292ee0ce4738484258,2026-12-13,"Sun Dec 13, 1:00 PM",CLE,ATL,Cleveland Browns,Atlanta Falcons,40.5,-110,-110,DraftKings,1,-1.5,-110,-110,DraftKings,1,0.5,0.5,0.5,0.5
2026-09-09T17:13:28+00:00,bec99e2f2b4c80e345731d69ee38d831,2026-12-13,"Sun Dec 13, 1:00 PM",BAL,TB,Baltimore Ravens,Tampa Bay Buccaneers,48.5,-110,-110,DraftKings,2,-6.0,-110,-110,DraftKings,2,0.5,0.5,0.5,0.5
2026-09-09T17:13:28+00:00,dcc7b377d3b3ec990304612bbef47d3d,2026-12-13,"Sun Dec 13, 1:00 PM",CAR,NO,Carolina Panthers,New Orleans Saints,43.5,-110,-110,DraftKings,2,-2.5,-110,-110,DraftKings,2,0.5,0.5,0.5,0.5
2026-09-09T17:13:28+00:00,2c6added7199a59f1e9dae8492c29da4,2026-12-13,"Sun Dec 13, 1:00 PM",MIA,CHI,Miami Dolphins,Chicago Bears,46.5,-110,-110,DraftKings,1,5.5,-110,-110,DraftKings,1,0.5,0.5,0.5,0.5
2026-09-09T17:13:28+00:00,5185ace33aebc87d39074147940f2fa5,2026-12-13,"Sun Dec 13, 1:00 PM",NYJ,DEN,New York Jets,Denver Broncos,39.5,-110,-110,DraftKings,1,5.5,-110,-110,DraftKings,1,0.5,0.5,0.5,0.5
2026-09-09T17:13:28+00:00,a31f461ccd92e1072f23ccfae281ae9a,2026-12-13,"Sun Dec 13, 1:00 PM",DET,TEN,Detroit Lions,Tennessee Titans,47.5,-110,-110,DraftKings,1,-7.5,-110,-110,DraftKings,1,0.5,0.5,0.5,0.5
2026-09-09T17:13:28+00:00,5dc9cb8fba610d682dc670ae4e7d59f3,2026-12-13,"Sun Dec 13, 1:00 PM",WAS,HOU,Washington Commanders,Houston Texans,44.5,-110,-110,DraftKings,1,1.5,-110,-110,DraftKings,1,0.5,0.5,0.5,0.5
2026-09-09T17:13:28+00:00,45203f985f8d1567ad19b0617dd267f8,2026-12-13,"Sun Dec 13, 1:00 PM",PHI,IND,Philadelphia Eagles,Indianapolis Colts,46.5,-110,-110,DraftKings,2,-5.5,-110,-110,DraftKings,2,0.5,0.5,0.5,0.5
2026-09-09T17:13:28+00:00,484c491dc1dee090d740ba077b7d9709,2026-12-13,"Sun Dec 13, 4:05 PM",LV,LAC,Las Vegas Raiders,Los Angeles Chargers,43.5,-110,-110,DraftKings,1,5.5,-110,-110,DraftKings,1,0.5,0.5,0.5,0.5
2026-09-09T17:13:28+00:00,180b5fa7ea6bd0d2d9ddb9ba5ee38cc0,2026-12-13,"Sun Dec 13, 4:25 PM",CIN,KC,Cincinnati Bengals,Kansas City Chiefs,48.5,-110,-110,DraftKings,2,-1.5,-110,-110,DraftKings,2,0.5,0.5,0.5,0.5
2026-09-09T17:13:28+00:00,6174916c7e2df8d1b80a88cfbd259d44,2026-12-13,"Sun Dec 13, 4:25 PM",SF,LA,San Francisco 49ers,Los Angeles Rams,49.5,-110,-110,DraftKings,1,1.5,-105,-115,DraftKings,1,0.5,0.5,0.4891657638136511,0.5108342361863488
2026-09-09T17:13:28+00:00,f5ab9d8455daf9e2a6c4c443fe0cd19f,2026-12-13,"Sun Dec 13, 4:25 PM",SEA,NYG,Seattle Seahawks,New York Giants,45.5,-110,-110,DraftKings,1,-7.5,-110,-110,DraftKings,1,0.5,0.5,0.5,0.5
2026-09-09T17:13:28+00:00,c4877c048defcb80e0ab37c0688f37f6,2026-12-13,"Sun Dec 13, 8:20 PM",GB,BUF,Green Bay Packers,Buffalo Bills,49.5,-110,-110,DraftKings,1,-1.5,-110,-110,DraftKings,1,0.5,0.5,0.5,0.5
2026-09-09T17:13:28+00:00,690e2ee2ed5f0875f7cbaecdc51373f5,2026-12-14,"Mon Dec 14, 8:15 PM",JAX,PIT,Jacksonville Jaguars,Pittsburgh Steelers,44.5,-110,-110,DraftKings,2,-3.0,-110,-110,DraftKings,2,0.5,0.5,0.5,0.5
2026-09-09T17:13:28+00:00,790af233087803c297861901ffa271d7,2026-12-17,"Thu Dec 17, 8:15 PM",LAC,SF,Los Angeles Chargers,San Francisco 49ers,47.5,-110,-110,DraftKings,2,-2.5,-110,-110,DraftKings,2,0.5,0.5,0.5,0.5
2026-09-09T17:13:28+00:00,171aba127aaad3dcbe32a02fc194eb32,2026-12-19,"Sat Dec 19, 5:00 PM",PHI,SEA,Philadelphia Eagles,Seattle Seahawks,43.5,-110,-110,DraftKings,2,-1.5,-110,-110,DraftKings,2,0.5,0.5,0.5,0.5
2026-09-09T17:13:28+00:00,784568b1df055bf7eb8780c110d5e910,2026-12-19,"Sat Dec 19, 8:20 PM",BUF,CHI,Buffalo Bills,Chicago Bears,51.5,-110,-110,DraftKings,1,-3.5,-110,-110,DraftKings,1,0.5,0.5,0.5,0.5
2026-09-09T17:13:28+00:00,5931eee49f5f2656a5344e1388a68816,2026-12-20,"Sun Dec 20, 1:00 PM",WAS,ATL,Washington Commanders,Atlanta Falcons,46.5,-110,-110,DraftKings,1,-3.5,-110,-110,DraftKings,1,0.5,0.5,0.5,0.5
2026-09-09T17:13:28+00:00,2f4b1899c1c278947920e0254b682d90,2026-12-20,"Sun Dec 20, 1:00 PM",PIT,BAL,Pittsburgh Steelers,Baltimore Ravens,46.5,-110,-110,DraftKings,2,2.5,100,-120,DraftKings,2,0.5,0.5,0.4782608695652174,0.5217391304347826
2026-09-09T17:13:28+00:00,000fc688beb4fc004ecdad115d9adb1c,2026-12-20,"Sun Dec 20, 1:00 PM",CAR,CIN,Carolina Panthers,Cincinnati Bengals,47.5,-110,-110,DraftKings,2,2.5,100,-120,DraftKings,2,0.5,0.5,0.4782608695652174,0.5217391304347826
2026-09-09T17:13:28+00:00,1cb23c83ae4af84cffcdae6b31d06e83,2026-12-20,"Sun Dec 20, 1:00 PM",NYG,CLE,New York Giants,Cleveland Browns,40.5,-110,-110,DraftKings,1,-4.5,-110,-110,DraftKings,1,0.5,0.5,0.5,0.5
2026-09-09T17:13:28+00:00,99719df35bc2efdcc72096f865ed8841,2026-12-20,"Sun Dec 20, 1:00 PM",GB,MIA,Green Bay Packers,Miami Dolphins,45.5,-110,-110,DraftKings,1,-10.5,-110,-110,DraftKings,1,0.5,0.5,0.5,0.5
2026-09-09T17:13:28+00:00,29211b6e78461220a2833184233f70e5,2026-12-20,"Sun Dec 20, 1:00 PM",HOU,JAX,Houston Texans,Jacksonville Jaguars,43.5,-110,-110,DraftKings,1,-3.0,-110,-110,DraftKings,1,0.5,0.5,0.5,0.5
2026-09-09T17:13:28+00:00,3b696c07ff6a1ef461d023a73db17584,2026-12-20,"Sun Dec 20, 1:00 PM",TEN,IND,Tennessee Titans,Indianapolis Colts,47.5,-110,-110,DraftKings,2,1.5,-110,-110,DraftKings,2,0.5,0.5,0.5,0.5
2026-09-09T17:13:28+00:00,e15a91cebf3480ff0b93b4fbacb09797,2026-12-20,"Sun Dec 20, 1:00 PM",TB,NO,Tampa Bay Buccaneers,New Orleans Saints,45.5,-110,-110,DraftKings,2,-3.5,-110,-110,DraftKings,2,0.5,0.5,0.5,0.5
2026-09-09T17:13:28+00:00,d8cd12e7684fa2aa39f5b188ef6e62e0,2026-12-20,"Sun Dec 20, 4:05 PM",ARI,NYJ,Arizona Cardinals,New York Jets,41.5,-110,-110,DraftKings,1,-1.5,105,-125,DraftKings,1,0.5,0.5,0.4675324675324675,0.5324675324675325
2026-09-09T17:13:28+00:00,77396e9d565860fbfd05779028223a8a,2026-12-20,"Sun Dec 20, 4:25 PM",LA,DAL,Los Angeles Rams,Dallas Cowboys,52.5,-110,-110,DraftKings,1,-6.0,-108,-112,DraftKings,1,0.5,0.5,0.4956702459300312,0.5043297540699688
2026-09-09T17:13:28+00:00,9f507007b9c0a7082c1471a5fa841336,2026-12-20,"Sun Dec 20, 4:25 PM",LV,DEN,Las Vegas Raiders,Denver Broncos,41.5,-110,-110,DraftKings,1,4.5,-110,-110,DraftKings,1,0.5,0.5,0.5,0.5
2026-09-09T17:13:28+00:00,b34897a0368d570291d44e176c0c2331,2026-12-20,"Sun Dec 20, 8:20 PM",MIN,DET,Minnesota Vikings,Detroit Lions,46.5,-110,-110,DraftKings,1,1.5,-110,-110,DraftKings,1,0.5,0.5,0.5,0.5
2026-09-09T17:13:28+00:00,b2759105c27a25289ea1938f290c50fd,2026-12-21,"Mon Dec 21, 8:15 PM",KC,NE,Kansas City Chiefs,New England Patriots,45.5,-110,-110,DraftKings,2,-2.5,-110,-110,DraftKings,2,0.5,0.5,0.5,0.5
2026-09-09T17:13:28+00:00,3f226ec5402c6ec4d84a59be80c2fa67,2026-12-24,"Thu Dec 24, 8:15 PM",PHI,HOU,Philadelphia Eagles,Houston Texans,37.5,-110,-110,DraftKings,1,-2.5,-108,-112,DraftKings,1,0.5,0.5,0.4956702459300312,0.5043297540699688
2026-09-09T17:13:28+00:00,2828c07018dfafbe96aba205809cc7ac,2026-12-25,"Fri Dec 25, 1:00 PM",CHI,GB,Chicago Bears,Green Bay Packers,47.5,-110,-110,DraftKings,1,-1.5,-105,-115,DraftKings,1,0.5,0.5,0.4891657638136511,0.5108342361863488
2026-09-09T17:13:28+00:00,126f27c71e8130ef87de0d137e833d9b,2026-12-25,"Fri Dec 25, 4:30 PM",DEN,BUF,Denver Broncos,Buffalo Bills,46.5,-110,-110,DraftKings,1,1.5,-105,-115,DraftKings,1,0.5,0.5,0.4891657638136511,0.5108342361863488
2026-09-09T17:13:28+00:00,f1af9705dbd2bbe4f1555f080ad06ba2,2026-12-25,"Fri Dec 25, 8:15 PM",SEA,LA,Seattle Seahawks,Los Angeles Rams,47.5,-110,-110,DraftKings,1,-1.5,-115,-105,DraftKings,1,0.5,0.5,0.5108342361863488,0.4891657638136511
2026-09-09T17:13:28+00:00,8fd00347b6d77ce384d83cba814430d7,2026-12-27,"Sun Dec 27, 1:00 PM",NO,ARI,New Orleans Saints,Arizona Cardinals,44.5,-110,-110,DraftKings,2,-5.5,-110,-110,DraftKings,2,0.5,0.5,0.5,0.5
2026-09-09T17:13:28+00:00,bd13d00f06ad222b0a1b6ea4d0add763,2026-12-27,"Sun Dec 27, 1:00 PM",ATL,TB,Atlanta Falcons,Tampa Bay Buccaneers,45.5,-110,-110,DraftKings,1,1.5,-110,-110,DraftKings,1,0.5,0.5,0.5,0.5
2026-09-09T17:13:28+00:00,0f23afce92c2f0af28973c0a7533763e,2026-12-27,"Sun Dec 27, 1:00 PM",BAL,CLE,Baltimore Ravens,Cleveland Browns,43.5,-110,-110,DraftKings,2,-10.0,-110,-110,DraftKings,2,0.5,0.5,0.5,0.5
2026-09-09T17:13:28+00:00,74cb0e112d069cdbda1671ae85531f43,2026-12-27,"Sun Dec 27, 1:00 PM",PIT,CAR,Pittsburgh Steelers,Carolina Panthers,41.5,-110,-110,DraftKings,2,-3.5,-110,-110,DraftKings,2,0.5,0.5,0.5,0.5
2026-09-09T17:13:28+00:00,ca8982dccb6c3ae01525800317287f02,2026-12-27,"Sun Dec 27, 1:00 PM",IND,CIN,Indianapolis Colts,Cincinnati Bengals,52.5,-110,-110,DraftKings,2,1.5,-110,-110,DraftKings,2,0.5,0.5,0.5,0.5
2026-09-09T17:13:28+00:00,29425f5c68826d615277cf9be2b82e00,2026-12-27,"Sun Dec 27, 1:00 PM",LV,TEN,Las Vegas Raiders,Tennessee Titans,42.5,-110,-110,DraftKings,1,-1.5,-110,-110,DraftKings,1,0.5,0.5,0.5,0.5
2026-09-09T17:13:28+00:00,fe2eb511d4c2da3a8e88b85b4f4e9f7e,2026-12-27,"Sun Dec 27, 1:00 PM",MIA,LAC,Miami Dolphins,Los Angeles Chargers,45.5,-110,-110,DraftKings,1,7.0,-108,-112,DraftKings,1,0.5,0.5,0.4956702459300312,0.5043297540699688
2026-09-09T17:13:28+00:00,cf5cefa5556bcd0156bd394171ef6c8e,2026-12-27,"Sun Dec 27, 1:00 PM",MIN,WAS,Minnesota Vikings,Washington Commanders,46.5,-110,-110,DraftKings,2,-2.5,-110,-110,DraftKings,2,0.5,0.5,0.5,0.5
2026-09-09T17:13:28+00:00,669a7b568c2a64f9a136dadb0eda1da8,2026-12-27,"Sun Dec 27, 1:00 PM",NYJ,NE,New York Jets,New England Patriots,40.5,-110,-110,DraftKings,1,6.5,-110,-110,DraftKings,1,0.5,0.5,0.5,0.5
2026-09-09T17:13:28+00:00,fc7cce3ae7c73cc7151357829e11b6d5,2026-12-27,"Sun Dec 27, 4:25 PM",KC,SF,Kansas City Chiefs,San Francisco 49ers,46.5,-110,-110,DraftKings,2,-3.0,-102,-118,DraftKings,2,0.5,0.5,0.4826358742837298,0.5173641257162701
2026-09-09T17:13:28+00:00,b1c4ec04c3398a9efa25492000858384,2026-12-27,"Sun Dec 27, 8:20 PM",DAL,JAX,Dallas Cowboys,Jacksonville Jaguars,51.5,-110,-110,DraftKings,1,-3.0,-102,-118,DraftKings,1,0.5,0.5,0.4826358742837298,0.5173641257162701
2026-09-09T17:13:28+00:00,ca92c191ebf7361ea56f9bbc09a5f51b,2026-12-28,"Mon Dec 28, 8:15 PM",DET,NYG,Detroit Lions,New York Giants,49.5,-110,-110,DraftKings,1,-4.5,-110,-110,DraftKings,1,0.5,0.5,0.5,0.5
2026-09-09T17:13:28+00:00,be268ce293cf4fad1c0c867a3ca4c257,2026-12-31,"Thu Dec 31, 8:15 PM",CIN,BAL,Cincinnati Bengals,Baltimore Ravens,51.5,-110,-110,DraftKings,2,-2.5,-110,-110,DraftKings,2,0.5,0.5,0.5,0.5
2026-09-09T17:13:28+00:00,e5dd9cc3fd5452d55c250949e946743d,2027-01-03,"Sun Jan 03, 1:00 PM",ATL,NO,Atlanta Falcons,New Orleans Saints,44.5,-110,-110,DraftKings,1,-1.5,-110,-110,DraftKings,1,0.5,0.5,0.5,0.5
2026-09-09T17:13:28+00:00,d9a186d988a3ede2a33e504f4890fe52,2027-01-03,"Sun Jan 03, 1:00 PM",MIA,BUF,Miami Dolphins,Buffalo Bills,47.5,-110,-110,DraftKings,1,7.5,-110,-110,DraftKings,1,0.5,0.5,0.5,0.5
2026-09-09T17:13:28+00:00,b009f04b4f61b264a5163157c3439dc1,2027-01-03,"Sun Jan 03, 1:00 PM",CAR,SEA,Carolina Panthers,Seattle Seahawks,42.5,-110,-110,DraftKings,2,5.5,-110,-110,DraftKings,2,0.5,0.5,0.5,0.5
2026-09-09T17:13:28+00:00,f2e03f9b857485bb13211ee0f5eb5935,2027-01-03,"Sun Jan 03, 1:00 PM",CLE,IND,Cleveland Browns,Indianapolis Colts,43.5,-110,-110,DraftKings,1,2.5,-110,-110,DraftKings,1,0.5,0.5,0.5,0.5
2026-09-09T17:13:28+00:00,c8945d476449633912cf51a346ac98ca,2027-01-03,"Sun Jan 03, 1:00 PM",DAL,NYG,Dallas Cowboys,New York Giants,49.5,-110,-110,DraftKings,1,-4.5,-110,-110,DraftKings,1,0.5,0.5,0.5,0.5
2026-09-09T17:13:28+00:00,f62dba1e231083f489c391271a1f171c,2027-01-03,"Sun Jan 03, 1:00 PM",NE,DEN,New England Patriots,Denver Broncos,42.5,-110,-110,DraftKings,1,-2.5,-110,-110,DraftKings,1,0.5,0.5,0.5,0.5
2026-09-09T17:13:28+00:00,c96a3e9e40569b4ed5a546dff131c61d,2027-01-03,"Sun Jan 03, 1:00 PM",JAX,WAS,Jacksonville Jaguars,Washington Commanders,48.5,-110,-110,DraftKings,2,-3.5,-110,-110,DraftKings,2,0.5,0.5,0.5,0.5
2026-09-09T17:13:28+00:00,419106b9bcc9f7ef39cfc2d1ee9a3f87,2027-01-03,"Sun Jan 03, 1:00 PM",TB,LA,Tampa Bay Buccaneers,Los Angeles Rams,48.5,-110,-110,DraftKings,1,4.5,-110,-110,DraftKings,1,0.5,0.5,0.5,0.5
2026-09-09T17:13:28+00:00,bfe51fa0034c9d22a69ffd80e2d717f5,2027-01-03,"Sun Jan 03, 1:00 PM",NYJ,MIN,New York Jets,Minnesota Vikings,39.5,-110,-110,DraftKings,1,3.5,-110,-110,DraftKings,1,0.5,0.5,0.5,0.5
2026-09-09T17:13:28+00:00,d0ffa5ed13cbd7610f9176041464404a,2027-01-03,"Sun Jan 03, 1:00 PM",TEN,PIT,Tennessee Titans,Pittsburgh Steelers,42.5,-110,-110,DraftKings,2,1.5,-110,-110,DraftKings,2,0.5,0.5,0.5,0.5
2026-09-09T17:13:28+00:00,08abdb683fcb6d77f66baed136f47283,2027-01-03,"Sun Jan 03, 4:05 PM",ARI,LV,Arizona Cardinals,Las Vegas Raiders,42.5,-110,-110,DraftKings,1,1.5,-105,-115,DraftKings,1,0.5,0.5,0.4891657638136511,0.5108342361863488
2026-09-09T17:13:28+00:00,12089441cea51add4694cdde98b4a5b7,2027-01-03,"Sun Jan 03, 4:25 PM",CHI,DET,Chicago Bears,Detroit Lions,49.5,-110,-110,DraftKings,1,-1.5,-110,-110,DraftKings,1,0.5,0.5,0.5,0.5
2026-09-09T17:13:28+00:00,67d842cb73300ef923959105698b63bb,2027-01-03,"Sun Jan 03, 4:25 PM",LAC,KC,Los Angeles Chargers,Kansas City Chiefs,45.5,-110,-110,DraftKings,2,-1.5,-110,-110,DraftKings,2,0.5,0.5,0.5,0.5
2026-09-09T17:13:28+00:00,e7820b1226edbb1ef1fddce6b20f963d,2027-01-03,"Sun Jan 03, 8:20 PM",SF,PHI,San Francisco 49ers,Philadelphia Eagles,45.5,-110,-110,DraftKings,2,-1.5,-110,-110,DraftKings,2,0.5,0.5,0.5,0.5
2026-09-09T17:13:28+00:00,37bc346543da471e067b695b862ccfe9,2027-01-04,"Mon Jan 04, 8:15 PM",GB,HOU,Green Bay Packers,Houston Texans,42.5,-110,-110,DraftKings,1,-2.5,-110,-110,DraftKings,1,0.5,0.5,0.5,0.5
2026-09-09T17:13:28+00:00,7f809a45bc8baedf0cb0259e7da7cd29,2027-01-10,"Sun Jan 10, 1:00 PM",CAR,ATL,Carolina Panthers,Atlanta Falcons,41.5,-110,-110,DraftKings,1,-2.5,-110,-110,DraftKings,1,0.5,0.5,0.5,0.5
2026-09-09T17:13:28+00:00,d7da5587a88a7fc35c36b453d3264d5a,2027-01-10,"Sun Jan 10, 1:00 PM",BAL,PIT,Baltimore Ravens,Pittsburgh Steelers,43.5,-110,-110,DraftKings,2,-5.5,-110,-110,DraftKings,2,0.5,0.5,0.5,0.5
2026-09-09T17:13:28+00:00,97cbd9ad26dff1af47192120defe112d,2027-01-10,"Sun Jan 10, 1:00 PM",BUF,NYJ,Buffalo Bills,New York Jets,43.5,-110,-110,DraftKings,1,-10.0,-110,-110,DraftKings,1,0.5,0.5,0.5,0.5
2026-09-09T17:13:28+00:00,d190fb7ea85c33b96a495041dad22142,2027-01-10,"Sun Jan 10, 1:00 PM",MIN,CHI,Minnesota Vikings,Chicago Bears,43.5,-110,-110,DraftKings,1,-1.5,-110,-110,DraftKings,1,0.5,0.5,0.5,0.5
2026-09-09T17:13:28+00:00,8c16104c8afc72b583531508b2aa1c33,2027-01-10,"Sun Jan 10, 1:00 PM",CIN,CLE,Cincinnati Bengals,Cleveland Browns,43.5,-110,-110,DraftKings,1,-7.5,-110,-110,DraftKings,1,0.5,0.5,0.5,0.5
2026-09-09T17:13:28+00:00,3f460f14b810d7bf642bdf7b658530c0,2027-01-10,"Sun Jan 10, 1:00 PM",WAS,DAL,Washington Commanders,Dallas Cowboys,49.5,-110,-110,DraftKings,1,1.5,-110,-110,DraftKings,1,0.5,0.5,0.5,0.5
2026-09-09T17:13:28+00:00,71d0d10e384393c1e071c39dd3931c19,2027-01-10,"Sun Jan 10, 1:00 PM",DEN,LAC,Denver Broncos,Los Angeles Chargers,41.5,-110,-110,DraftKings,1,-1.5,-110,-110,DraftKings,1,0.5,0.5,0.5,0.5
2026-09-09T17:13:28+00:00,8f81778bbdb984be44e24a3d55a49b4d,2027-01-10,"Sun Jan 10, 1:00 PM",GB,DET,Green Bay Packers,Detroit Lions,47.5,-110,-110,DraftKings,1,-2.5,-110,-110,DraftKings,1,0.5,0.5,0.5,0.5
2026-09-09T17:13:28+00:00,9bb63096709ba607443c454d2a813b14,2027-01-10,"Sun Jan 10, 1:00 PM",HOU,TEN,Houston Texans,Tennessee Titans,39.5,-110,-110,DraftKings,1,-7.0,-110,-110,DraftKings,1,0.5,0.5,0.5,0.5
2026-09-09T17:13:28+00:00,bea47af467e217653bba8d69888e4d95,2027-01-10,"Sun Jan 10, 1:00 PM",IND,JAX,Indianapolis Colts,Jacksonville Jaguars,46.5,-110,-110,DraftKings,2,-1.5,-110,-110,DraftKings,2,0.5,0.5,0.5,0.5
2026-09-09T17:13:28+00:00,bb66a6f02c535c0cd8b9c689a5513687,2027-01-10,"Sun Jan 10, 1:00 PM",KC,LV,Kansas City Chiefs,Las Vegas Raiders,40.5,-110,-110,DraftKings,1,-8.5,-110,-110,DraftKings,1,0.5,0.5,0.5,0.5
2026-09-09T17:13:28+00:00,f370f9410ef82b37bd15d1719434370b,2027-01-10,"Sun Jan 10, 1:00 PM",NE,MIA,New England Patriots,Miami Dolphins,42.5,-110,-110,DraftKings,1,-10.5,-110,-110,DraftKings,1,0.5,0.5,0.5,0.5
2026-09-09T17:13:28+00:00,7b8ce34c0e173e4ff6ccf8e8caa09113,2027-01-10,"Sun Jan 10, 1:00 PM",NO,TB,New Orleans Saints,Tampa Bay Buccaneers,43.5,-110,-110,DraftKings,2,1.5,-110,-110,DraftKings,2,0.5,0.5,0.5,0.5
2026-09-09T17:13:28+00:00,01baed6f9d6482c5d89d37379c7c63c7,2027-01-10,"Sun Jan 10, 1:00 PM",NYG,PHI,New York Giants,Philadelphia Eagles,41.5,-110,-110,DraftKings,1,3.0,-110,-110,DraftKings,1,0.5,0.5,0.5,0.5
2026-09-09T17:13:28+00:00,f1480276ab67dcf60686556ba9336695,2027-01-10,"Sun Jan 10, 4:05 PM",ARI,SF,Arizona Cardinals,San Francisco 49ers,44.5,-110,-110,DraftKings,2,8.5,-110,-110,DraftKings,2,0.5,0.5,0.5,0.5
2026-09-09T17:13:28+00:00,dc2d9177b48e6f3962dabb1407aba7d3,2027-01-10,"Sun Jan 10, 4:05 PM",LA,SEA,Los Angeles Rams,Seattle Seahawks,44.5,-110,-110,DraftKings,1,-3.0,-110,-110,DraftKings,1,0.5,0.5,0.5,0.5
