season,team,off_epa_play,def_epa_play,off_epa_adj,def_epa_adj,net_epa_adj,plays
2009,ARI,-0.0075821611010625,-0.0583944402680944,-0.0314728705008706,-0.0259990940106083,-0.0054737764902622,985
2009,ATL,0.0244889311123142,0.0166921411506577,0.0559998436034177,0.004114801041074,0.0518850425623436,1048
2009,BAL,0.0536366992907742,-0.0970883509937382,0.0381323416243026,-0.0912710811169748,0.1294034227412774,1014
2009,BUF,-0.1268457105291331,-0.0386513015778101,-0.1144611464388763,-0.0645324923738654,-0.0499286540650109,912
2009,CAR,-0.0517790839346022,-0.0600761022923558,-0.0331712789210561,-0.098532930672561,0.0653616517515048,1023
2009,CHI,-0.096469536023909,0.0290851808038659,-0.0971392006123257,0.0443529889473474,-0.1414921895596732,971
2009,CIN,-0.0025611600966233,-0.0583942893321234,-0.0010354868048985,-0.0410811773694183,0.0400456905645197,1011
2009,CLE,-0.1669420369179482,0.0588099404397938,-0.1687006272584999,0.0606327035046131,-0.2293333307631131,971
2009,DAL,0.1064730130582058,-0.0499469901274072,0.1080570627858459,-0.0576189397878492,0.1656760025736952,1020
2009,DEN,-0.0308267261490166,-0.0800075242990826,-0.0449738401909318,-0.090442736064627,0.0454688958736951,1032
2009,DET,-0.1759236652679352,0.0657640993857102,-0.1756013054499351,0.0705785910858066,-0.2461798965357418,1037
2009,GB,0.1101818257640313,-0.1472515064921639,0.0898417746935758,-0.1022248038053658,0.1920665784989417,1042
2009,HOU,0.0601597813145361,-0.0265358751322566,0.0488919547330494,-0.0190982546062738,0.0679902093393233,1043
2009,IND,0.1067130998735196,-0.0166477878278965,0.1068031768024529,-0.013344449617231,0.1201476264196839,980
2009,JAX,0.0105520049137581,0.0832157734504484,0.0068623510439386,0.0933524907853831,-0.0864901397414444,1009
2009,KC,-0.1432129926402325,0.0328964939440216,-0.1473565888134647,0.0315230528990667,-0.1788796417125315,1019
2009,LA,-0.2154446710689489,0.0862149228160079,-0.2249423336922466,0.0906125231344536,-0.3155548568267003,998
2009,LAC,0.1242755446176058,0.0130093025808702,0.1211781601583588,0.0348844249927022,0.0862937351656566,972
2009,LV,-0.1993897696985869,0.041479989096756,-0.1877769729456134,0.0295862063764681,-0.2173631793220816,944
2009,MIA,0.011344267380526,0.0226028720011271,0.0337871395631297,-0.0148178021091694,0.0486049416722991,1088
2009,MIN,0.0730805174971187,-0.0666484447531142,0.0612116753697099,-0.0284182674104437,0.0896299427801536,1055
2009,NE,0.1029977380910001,-0.0277302962365586,0.1353518565771072,-0.0417108439996994,0.1770627005768066,1076
2009,NO,0.1379369876102709,-0.0476791523185964,0.150855887715488,-0.0362399321185467,0.1870958198340347,1032
2009,NYG,0.0512357760312417,0.0622053667706244,0.0655947988382584,0.0453318229919298,0.0202629758463286,1017
2009,NYJ,-0.0699281318303985,-0.1799056256370484,-0.0690060515869566,-0.2080577268467044,0.1390516752597478,1030
2009,PHI,0.0297251751691256,-0.0840104198936812,0.0271198315367538,-0.0909602366300017,0.1180800681667555,975
2009,PIT,0.0531335940700648,-0.0223108949448242,0.0438929288015687,-0.0042322175371874,0.0481251463387562,1015
2009,SEA,-0.108305919041289,0.0220587615737431,-0.1224039478216048,0.0463054860947818,-0.1687094339163866,1045
2009,SF,-0.0778229338228785,-0.1194791067257205,-0.1088515617998475,-0.0999246065820411,-0.0089269552178064,939
2009,TB,-0.1571790561434301,0.0386504285122575,-0.1271177497269532,-0.0076558975938806,-0.1194618521330726,961
2009,TEN,0.0310186464251784,0.0514494344346298,0.0237065476769712,0.0336211572842014,-0.0099146096072302,990
2009,WAS,-0.0508710381497877,-0.0086705289188102,-0.0574073591563613,-0.0140266896961455,-0.0433806694602158,970
2010,ARI,-0.2220635959253711,-0.0292141255862255,-0.2419550181775806,0.0050834327499439,-0.2470384509275245,931
2010,ATL,0.0502592018394569,-0.0567778086844144,0.0447092252077174,-0.0259212143150268,0.0706304395227443,1097
2010,BAL,0.0008274941820565,-0.0374769608717947,-0.0048715866729502,-0.0510642918020791,0.0461927051291289,1018
2010,BUF,-0.0885755479801995,0.0646204205720482,-0.0557582594616553,0.0318605932827336,-0.087618852744389,954
2010,CAR,-0.2535140152839371,-0.0332985152572997,-0.2553824454635576,-0.0206247712622952,-0.2347576742012623,962
2010,CHI,-0.0846099297017244,-0.0965833573653734,-0.0645575264457821,-0.1036116431338008,0.0390541166880186,936
2010,CIN,-0.0405690872089641,0.0259162321811302,-0.0172491339283841,0.0059322016059572,-0.0231813355343414,1046
2010,CLE,-0.0860618969192144,0.0223839460139129,-0.0757596602304803,0.0038553813335346,-0.079615041564015,927
2010,DAL,0.0238516537891932,0.0093273794765942,0.0250805885749888,0.0017539681523693,0.0233266204226195,1035
2010,DEN,-0.0199226752849481,0.1114215241168988,-0.02083508419128,0.1204663084200903,-0.1413013926113704,1018
2010,DET,-0.0201726914292636,-0.0070642384755126,0.0120968073057206,-0.0212881953108729,0.0333850026165936,1064
2010,GB,0.0895645292009851,-0.1034026174778507,0.1160573486285959,-0.1073684667116258,0.2234258153402217,1000
2010,HOU,0.092525849044349,0.1437168696461871,0.089721144300125,0.1251253193953217,-0.0354041750951966,1029
2010,IND,0.099183207498624,0.0256093773783775,0.0687836686897459,-0.0104246702948691,0.079208338984615,1088
2010,JAX,0.0258575784652052,0.131959606375043,0.007782811507458,0.1099703392785782,-0.1021875277711201,1019
2010,KC,0.0290532843820706,-0.0288525456583516,-0.0016131585121762,-0.0105604458917881,0.0089472873796118,1063
2010,LA,-0.1025281787853592,-0.040305136603939,-0.1262151777091787,0.0073993793166556,-0.1336145570258343,1053
2010,LAC,0.1161031816940434,-0.1008309295023556,0.0776944912264409,-0.0942952612430329,0.1719897524694738,1039
2010,LV,-0.0084598148532836,-0.0444950869499924,-0.0304892945163574,-0.0395247651556773,0.0090354706393199,1040
2010,MIA,-0.0695273160663959,-0.0236976547606978,-0.0351545936891633,-0.0480116487620828,0.0128570550729195,1040
2010,MIN,-0.116504836472343,-0.0423199284653406,-0.0876310965880904,-0.0612189513305787,-0.0264121452575117,982
2010,NE,0.1925828264781508,-0.0083067472079889,0.2324494178293355,-0.0138098965184863,0.2462593143478218,986
2010,NO,0.0412261745778581,-0.0318809464732012,0.0366366068047356,0.0152794886796863,0.0213571181250492,1067
2010,NYG,-0.0188314585135698,-0.0656976139101047,-0.0302440275777783,-0.0712000614244034,0.040956033846625,1035
2010,NYJ,-0.0209276468242936,-0.0953793063428979,-0.017133136963447,-0.1272307687645338,0.1100976318010868,1086
2010,PHI,0.0963927975572939,-0.0101948678889506,0.098398832700265,-0.0191313807181386,0.1175302134184037,1038
2010,PIT,0.0517221247643301,-0.1165833009560741,0.0590328495446386,-0.1123924268481945,0.1714252763928332,993
2010,SEA,-0.0925708998062411,0.0425011465511272,-0.0937206191736384,0.0973436951384431,-0.1910643143120815,964
2010,SF,-0.0642543309564714,-0.0449514947043393,-0.0815815242505979,-0.0079201677111696,-0.0736613565394282,945
2010,TB,0.0513244774288575,-0.0087213639932303,0.04555151764591,0.0384929125406789,0.0070586051052311,955
2010,TEN,-0.0319914014110653,-0.0058640060857822,-0.0572670535502487,-0.0456967672861861,-0.0115702862640625,907
2010,WAS,-0.0604911003493185,0.0528936083313939,-0.05767895573282,0.0271843320118443,-0.0848632877446643,1002
2011,ARI,-0.0833051456793646,-0.0275136202559319,-0.0802529416672785,-0.0153375016357788,-0.0649154400314997,993
2011,ATL,0.0378758420731554,-0.0375711954546285,0.0235124862017338,-0.0612658141336062,0.08477830033534,1073
2011,BAL,0.0041400587123256,-0.1387441505380045,0.0142584515199154,-0.1037852439868626,0.1180436955067781,1036
2011,BUF,-0.011377431900101,0.05783433978779,-0.0182863840175922,0.045673008391602,-0.0639593924091943,992
2011,CAR,0.120109346948919,0.1164799929692649,0.1239458967752679,0.114859504385138,0.0090863923901299,999
2011,CHI,-0.0986254867332696,-0.0660204032863822,-0.1174425086598531,-0.1117098389060746,-0.0057326697537784,978
2011,CIN,-0.0406881999823086,-0.0271312307068012,-0.0209562699106201,0.0099112043895032,-0.0308674743001234,1015
2011,CLE,-0.1010592132215703,0.0022662579900007,-0.0769590965425636,0.0263751825772088,-0.1033342791197725,1024
2011,DAL,0.0469386095851358,0.0099091224936387,0.0506464647425155,0.0161983306409063,0.0344481341016092,1017
2011,DEN,-0.0825007894432696,0.0122775190011729,-0.0962285498623427,-0.0015513881450269,-0.0946771617173157,1017
2011,DET,0.0736092047642304,-0.07133222317158,0.0574152031148987,-0.097149022301362,0.1545642254162607,1074
2011,GB,0.2118256848489611,0.0598977197342783,0.209725418278233,0.0644700356613209,0.145255382616912,987
2011,HOU,0.0191649531557008,-0.1414655189711974,0.0078140816078754,-0.1234076043257084,0.1312216859335839,1046
2011,IND,-0.1211224930658213,0.0594054449289012,-0.1126791069121295,0.0558303203909691,-0.1685094273030987,951
2011,JAX,-0.1836047668994436,-0.0597449944076673,-0.1855424659259359,-0.066408859747781,-0.1191336061781549,1002
2011,KC,-0.0957942429762812,-0.0024638921152333,-0.1105302554803867,-0.0188463146300631,-0.0916839408503235,1021
2011,LA,-0.1836956648641839,0.0247015441353422,-0.1736853011552073,0.0050485508095629,-0.1787338519647702,1013
2011,LAC,0.0747591909297699,0.0653762208627864,0.0844965303015909,0.0821168337650991,0.0023796965364917,1048
2011,LV,0.0233253256707914,0.0510855752307462,0.0249757561855403,0.0540024039015943,-0.0290266477160539,1015
2011,MIA,-0.034520587320785,-0.0329934552657943,-0.0445601751838194,-0.0468438129966982,0.0022836378128787,990
2011,MIN,-0.0409142740959817,0.0594903881898112,-0.045544810448923,0.032308118619644,-0.0778529290685671,1007
2011,NE,0.1990809718496728,0.0539029565072999,0.1960880863768335,0.0677726317440406,0.1283154546327928,1082
2011,NO,0.201570206141474,0.0055224633327267,0.191076740207172,0.012139137083903,0.1789376031232689,1124
2011,NYG,0.0359472704302023,0.0452055484726336,0.03417055144336,0.0224362419475528,0.0117343094958072,1028
2011,NYJ,-0.0816876192278287,-0.0977691701049754,-0.0952455645978513,-0.111571514045675,0.0163259494478237,1030
2011,PHI,0.0669290993057233,-0.0369079604316764,0.0749901446244744,-0.0236540565001477,0.0986442011246221,1036
2011,PIT,0.0676644880102859,-0.0736982728897771,0.0813100876164346,-0.0363770909011146,0.1176871785175493,1015
2011,SEA,-0.0854119681610915,-0.0586496543783333,-0.0646527234647335,-0.0337528141838332,-0.0308999092809003,1002
2011,SF,-0.013392925218238,-0.1144391118960877,-0.0085558038718405,-0.0864518925514922,0.0778960886796517,993
2011,TB,-0.0918863901514143,0.1132221246604529,-0.088597452788756,0.0735291861257304,-0.1621266389144865,966
2011,TEN,-0.027930454294838,0.007818731091183,-0.0226655840470664,0.0279998447099077,-0.0506654287569741,984
2011,WAS,-0.0551105922751366,0.0335894474634557,-0.0617288975435263,0.0189827768249554,-0.0807116743684818,1031
2012,ARI,-0.2580977791534316,-0.1044904677191476,-0.2343891111979695,-0.1470833459293798,-0.0873057652685896,1018
2012,ATL,0.0802905991517689,-0.0246154377370809,0.0667991289116994,-0.0278338940718828,0.0946330229835822,1021
2012,BAL,-0.0021382032411731,-0.0031154611390584,-0.0053972069203832,0.0020348076084075,-0.0074320145287907,1042
2012,BUF,-0.0024047103507127,0.0815694763516565,-0.0011975298929579,0.1051396624162952,-0.1063371923092532,983
2012,CAR,0.057573178354892,0.0154583840615231,0.053607298094745,-0.0062664925886653,0.0598737906834103,988
2012,CHI,-0.0608451491995558,-0.1411295244127209,-0.0519763373019158,-0.1592418703317956,0.1072655330298798,999
2012,CIN,-0.0034905236525602,-0.0586515018599407,-0.0208524503713973,-0.0304228720901195,0.0095704217187222,1016
2012,CLE,-0.05479822616547,-0.0028392890479762,-0.075252202232077,0.0069375123259491,-0.0821897145580261,998
2012,DAL,0.0534754416649548,0.055339622607491,0.0595128586443799,0.0303299092744961,0.0291829493698838,1049
2012,DEN,0.0918804874076257,-0.0994070103953779,0.0728822891598919,-0.0804487728863668,0.1533310620462588,1090
2012,DET,0.0133742715182072,0.0269767530608753,0.0460293124093179,0.0283260265495045,0.0177032858598133,1160
2012,GB,0.0777660475365289,-0.023324726351782,0.1005507420953328,-0.0244152575539611,0.124965999649294,1042
2012,HOU,0.0495346630207995,-0.0959583956148683,0.0263442925518976,-0.0786776004112529,0.1050218929631505,1090
2012,IND,0.0019393252395874,0.0833982340443127,-0.0086092756492357,0.1149318006373673,-0.1235410762866031,1109
2012,JAX,-0.123264471351099,0.0604153565347854,-0.137803835500593,0.0672004249214006,-0.2050042604219937,994
2012,KC,-0.1409141584491892,0.0957944270778398,-0.1552141941617078,0.0995990112120721,-0.2548132053737799,1015
2012,LA,-0.0265388586754063,-0.0204315864089783,0.0094723012398662,-0.0410862349103993,0.0505585361502656,1002
2012,LAC,-0.05836024518831,-0.0272300870688694,-0.0746644982619917,-0.0018289510658486,-0.0728355471961431,988
2012,LV,-0.066207886753691,0.0794940253519433,-0.0720270944220725,0.1053488563669408,-0.1773759507890134,1032
2012,MIA,-0.0520577869810918,0.0208608707413893,-0.0584327206545731,0.0286774797358064,-0.0871102003903796,981
2012,MIN,-0.0016874331397125,0.0046152716917729,0.0258417897656512,-0.0051033419959743,0.0309451317616256,1001
2012,NE,0.1762312743669954,-0.0134717408742763,0.1775834145526473,0.0138240958314821,0.1637593187211651,1191
2012,NO,0.0987612955113894,0.0987586751790298,0.0955772643710606,0.0724067189145837,0.0231705454564768,1067
2012,NYG,0.0572221645966703,0.0346969448491037,0.0502480156922321,-0.0013441992517065,0.0515922149439386,968
2012,NYJ,-0.101824072079033,-0.02490012822211,-0.108395830092359,-0.0236376449156599,-0.084758185176699,1034
2012,PHI,-0.0702767768770604,0.0706765177342299,-0.0690535832733697,0.0464534406247837,-0.1155070238981534,1079
2012,PIT,0.0004623983495403,-0.0537778842570602,-0.0132752543995768,-0.0247261245227483,0.0114508701231714,1023
2012,SEA,0.1001805183322666,-0.0649518834968122,0.1333356019255425,-0.0687900857604052,0.2021256876859477,974
2012,SF,0.1073128112128881,-0.0535783548504169,0.1387817289090451,-0.0587798614488326,0.1975615903578777,969
2012,TB,0.0197693122193238,0.0194417536133956,0.0045290852979888,-0.0055400762852555,0.0100691615832444,1008
2012,TEN,-0.0783746451769495,0.0599509020700241,-0.0858564135510184,0.0729206611920923,-0.1587770747431108,957
2012,WAS,0.1341323335641394,0.0526440195971811,0.129927609875032,0.0393139735191496,0.0906136363558824,994
2013,ARI,-0.0361418660845399,-0.1062144795787935,-0.0041947698116333,-0.122401358216321,0.1182065884046877,1037
2013,ATL,0.0140385118324872,0.1098200041485207,0.0501899525744521,0.098571483917674,-0.0483815313432219,1024
2013,BAL,-0.120057615222963,-0.0285956636947157,-0.1355892732000392,-0.0190811948542809,-0.1165080783457582,1090
2013,BUF,-0.0700794776363569,-0.0843570125322236,-0.0731361503742838,-0.0629056978324484,-0.0102304525418354,1116
2013,CAR,0.0410556248867218,-0.0908068573220696,0.0630786674672349,-0.0888602646535488,0.1519389321207838,999
2013,CHI,0.090223684335645,0.0853937638198322,0.0778738601247925,0.0989800715175768,-0.0211062113927842,1013
2013,CIN,0.0354897672801584,-0.0928874908123849,0.0061868155588025,-0.0711807959005913,0.0773676114593938,1097
2013,CLE,-0.071068201873697,-0.002909097644443,-0.0806157401861361,0.0282979711713027,-0.1089137113574389,1078
2013,DAL,0.0701542504901646,0.0819729053197433,0.0623962180545792,0.0724053924001854,-0.0100091743456062,957
2013,DEN,0.2029688814662658,-0.0146314783623144,0.1807766960786919,-0.0046700816649663,0.1854467777436582,1156
2013,DET,0.0052212464205911,-0.038369291466825,-0.0189522139683639,-0.0276646947505137,0.0087124807821498,1102
2013,GB,0.056807880561034,0.0901947539347913,0.0376720889838977,0.0973549718672906,-0.0596828828833929,1074
2013,HOU,-0.0950027057742487,0.0143409071712862,-0.0915528572998654,0.0073539615163255,-0.098906818816191,1089
2013,IND,0.0232707799892191,0.0132236959497711,0.0330102607397393,0.0189424325611526,0.0140678281785866,1023
2013,JAX,-0.1547769811503937,0.066175991055193,-0.1417922818006504,0.0570520918019265,-0.1988443736025769,1020
2013,KC,0.0190869019088002,-0.046098277060688,-0.0061184129976923,-0.0553557945335956,0.0492373815359032,1029
2013,LA,-0.0771805389259229,-0.0104745047909094,-0.0471796237386722,-0.0371271977076432,-0.0100524260310289,968
2013,LAC,0.1489721220606937,0.0972970756052794,0.1446901384150318,0.0998829451060617,0.0448071933089701,1060
2013,LV,-0.0590556001517442,0.0803483659206036,-0.074116725708031,0.0598054982325379,-0.133922223940569,1000
2013,MIA,-0.0468364228821951,0.008011582580076,-0.0478157948728128,0.0122772483454656,-0.0600930432182784,1001
2013,MIN,-0.0377736950036576,0.0769412372542431,-0.0424448617275917,0.071825233295303,-0.1142700950228948,1013
2013,NE,0.0386758057851458,0.0158467747211671,0.0481249740682973,0.0376348216276919,0.0104901524406054,1138
2013,NO,0.110481116753996,-0.0327466585903861,0.1254128848202985,-0.0443897272411858,0.1698026120614843,1079
2013,NYG,-0.1407972271336777,-0.0618882153395893,-0.159388075908289,-0.1028412364296423,-0.0565468394786466,988
2013,NYJ,-0.0969787899161968,-0.0139052648114124,-0.097366210222175,-0.001709632317827,-0.095656577904348,1020
2013,PHI,0.0908703508796575,-0.0042089392652174,0.077738971534511,-0.0026370597195726,0.0803760312540837,1054
2013,PIT,0.0018586554516309,0.0015374377613951,-0.0118167023163931,0.0351174615856554,-0.0469341639020486,1023
2013,SEA,0.0476903368914288,-0.1796703221216418,0.0737541364165764,-0.1698248565305163,0.2435789929470927,973
2013,SF,0.0218112575761156,-0.0701124556164787,0.0504572024693104,-0.0747631303065309,0.1252203327758413,961
2013,TB,-0.095299311658428,0.0071396439947261,-0.0651167415901178,-0.0232269204190492,-0.0418898211710686,981
2013,TEN,0.021537749489768,0.0125307129942917,0.0258368265129419,0.0215748911538585,0.0042619353590834,1032
2013,WAS,-0.0333238825645607,0.045976141358537,-0.0541606500154687,0.0204381515575897,-0.0745988015730584,1107
2014,ARI,-0.0472911409840749,-0.0427885055973727,-0.0264225853591278,-0.0548993411880478,0.0284767558289199,993
2014,ATL,0.0262529029430324,0.0904183598466757,0.0087532049790294,0.0922946124212431,-0.0835414074422137,1035
2014,BAL,0.0456256726424515,-0.0274464729028052,0.0229726745456236,-0.0126330739653292,0.0356057485109529,1021
2014,BUF,-0.0636536149697949,-0.1048050788246618,-0.0485961428817012,-0.1200297239629087,0.0714335810812074,1020
2014,CAR,-0.01399049995576,0.0087622366062181,-0.0360127846308513,-0.0007730036491203,-0.0352397809817309,1060
2014,CHI,-0.0460794200583257,0.0936736176841164,-0.0405863122093817,0.0775540900651005,-0.1181404022744823,1005
2014,CIN,-0.0108588840072364,-0.0194510291321045,-0.0296916881280211,-0.0201875599435436,-0.0095041281844775,1018
2014,CLE,-0.0801505918358866,-0.0605230280990894,-0.1013939002718719,-0.0456606475317947,-0.0557332527400772,1010
2014,DAL,0.126597671887423,0.0213683690169877,0.1136368762119349,0.0434093518582843,0.0702275243536505,1014
2014,DEN,0.0892382762643573,-0.0656121601642229,0.116404512326489,-0.0679360769788048,0.1843405893052939,1067
2014,DET,-0.0209331876529677,-0.1174427596867839,-0.0379715652499943,-0.1273438219050577,0.0893722566550633,1045
2014,GB,0.1293334651233111,-0.0477794327501366,0.1300116382293535,-0.0424983386621626,0.1725099768915162,1001
2014,HOU,-0.012916059588068,-0.1132433911560269,-0.0317430528341984,-0.0774105885257495,0.045667535691551,1062
2014,IND,0.0099625879116966,-0.0342487249851318,-0.0023750394747506,-0.0193066085816385,0.0169315691068878,1105
2014,JAX,-0.1767298676982081,0.0076911799795657,-0.1904066449714351,0.0080962301106829,-0.1985028750821181,988
2014,KC,0.0503305739941064,-0.0387626597932953,0.0673946283622171,-0.0483974547374371,0.1157920830996543,962
2014,LA,-0.1142225048471373,-0.0406287016819932,-0.0977346270465751,-0.0538130611490004,-0.0439215658975746,957
2014,LAC,0.0200739994547763,-0.0122864595459572,0.051768737911605,-0.0142293954859596,0.0659981333975646,1009
2014,LV,-0.1702632787661502,0.0358241528119179,-0.1282266882332297,0.0092382250213285,-0.1374649132545582,994
2014,MIA,-0.0007335111665525,-0.0035610188893594,0.0209252866855722,-0.0079519217492143,0.0288772084347865,1040
2014,MIN,-0.0375814724935766,0.0224044128442209,-0.0418092556073087,0.0198612686607233,-0.0616705242680321,981
2014,NE,0.0787317065220414,-0.027480257320754,0.0997596629060403,-0.0304773158294904,0.1302369787355308,1073
2014,NO,0.0774499642422443,0.1054174399990614,0.0587897662632032,0.1076566407033318,-0.0488668744401286,1095
2014,NYG,0.0069606270471453,-0.0011192158521023,0.0036063860443292,0.0101318191135431,-0.0065254330692138,1086
2014,NYJ,-0.0895680697673472,0.0295406057660658,-0.0768648533677186,0.0032808400890836,-0.0801456934568022,1052
2014,PHI,-0.0087041528124791,-0.0278033113424801,-0.0161513719011282,-0.0267230719868586,0.0105717000857304,1127
2014,PIT,0.1088341117710143,0.0515167686173929,0.0993198070986971,0.0810088247241698,0.0183109823745273,1068
2014,SEA,0.074619508926263,-0.1261075913939733,0.0863870786450624,-0.1318182948509663,0.2182053734960287,1021
2014,SF,-0.0512912479003151,-0.0218395509327252,-0.0421871230336284,-0.0388848171280123,-0.0033023059056161,1009
2014,TB,-0.0803993555536125,0.0228402965942394,-0.1128568060172347,0.0173529271237143,-0.130209733140949,936
2014,TEN,-0.1092030474005187,0.0649220435546429,-0.1124322525570421,0.0802091583377259,-0.192641410894768,919
2014,WAS,-0.0536572363771636,0.0861559456210522,-0.0504836415392701,0.0984862084733464,-0.1489698500126165,1006
2015,ARI,0.1102001223141863,-0.1046531570694579,0.1151729940904572,-0.1094972525065284,0.2246702465969856,1041
2015,ATL,-0.0006489918361531,0.0033226293128272,-0.040699005941536,0.021993044006545,-0.062692049948081,1073
2015,BAL,-0.0678770125390034,0.0130534325561366,-0.044294329527216,-0.0080792813249252,-0.0362150482022907,1083
2015,BUF,0.0508253443882746,0.0297818986963724,0.0461628084099973,0.0424634137009133,0.003699394709084,1016
2015,CAR,0.0875332513856957,-0.1153149291846241,0.0404841338366873,-0.0961310391810729,0.1366151730177602,1060
2015,CHI,-0.0216519038833073,0.0477194904198069,0.007143310671333,0.034643736167551,-0.0275004254962179,1025
2015,CIN,0.0707505305727984,-0.0443356744612731,0.0989312503685453,-0.0540851047146514,0.1530163550831967,1004
2015,CLE,-0.0733385378972878,0.0829600866729495,-0.0311864415226146,0.0643995368757125,-0.0955859783983272,1042
2015,DAL,-0.0579389666928387,0.0484172391786072,-0.0883733371395899,0.0366286150403857,-0.1250019521799757,969
2015,DEN,-0.0680187595748411,-0.1625697481444193,-0.0573400355522924,-0.1874382897380875,0.1300982541857951,1056
2015,DET,-0.0130626472157876,0.0311109498430206,0.0102410138975225,0.0188915784140538,-0.0086505645165312,1030
2015,GB,-0.0305372040241573,-0.04475519393349,-0.0008902279495567,-0.0564387669642486,0.0555485390146919,1056
2015,HOU,-0.0467753986516397,-0.106877873059343,-0.068473218053735,-0.0936605310930306,0.0251873130392956,1127
2015,IND,-0.097249392508631,0.002631390133394,-0.1012990097062911,0.0199123921189829,-0.121211401825274,1052
2015,JAX,-0.0619699159689951,0.0342423238499546,-0.0776614008056574,0.0569469999689511,-0.1346084007746086,1012
2015,KC,0.0346439283424032,-0.1157386159091385,0.0562319419262503,-0.1250842381855831,0.1813161801118335,955
2015,LA,-0.1552258263670655,-0.0640471648584821,-0.14579087859296,-0.1019809143009951,-0.0438099642919648,920
2015,LAC,-0.0018439247118637,0.0402178724252634,0.0292838098752217,0.0340236475017267,-0.0047398376265049,1100
2015,LV,-0.0509998452275144,0.0108911001860819,-0.0145973291188974,0.0001454109715301,-0.0147427400904275,1008
2015,MIA,-0.0333570758236748,0.0460100508351033,-0.048967630586664,0.0574361179617359,-0.1064037485484,977
2015,MIN,-0.0022524647377024,-0.0428989336381626,0.017230524468053,-0.0517489001018829,0.068979424569936,973
2015,NE,0.1093888525234215,-0.0488734468371032,0.1002113541810467,-0.0212689796353351,0.1214803338163818,1050
2015,NO,0.0807586191906071,0.1411752801567444,0.0632035738100978,0.1627040948077174,-0.0995005209976195,1096
2015,NYG,0.0151794497479892,0.083651395012195,-0.016286397598759,0.0905080554790218,-0.1067944530777808,1053
2015,NYJ,0.0303681093001197,-0.1068675808637079,-0.0058505656161029,-0.0881285524289102,0.0822779868128073,1074
2015,PHI,-0.0461276535392172,0.0412163634148124,-0.0802575190475105,0.0299472111888462,-0.1102047302363568,1102
2015,PIT,0.0558763147168441,-0.0337433188564251,0.0818330842335517,-0.0469564420090834,0.1287895262426352,1011
2015,SEA,0.0939560164275249,-0.077416523134218,0.1183841503494625,-0.0799320204098197,0.1983161707592823,1035
2015,SF,-0.0825117709144113,0.0631215371428953,-0.053887276667257,0.0396406240050407,-0.0935279006722977,969
2015,TB,0.0189222076384978,0.0521895755288837,-0.0102957781302069,0.081034819681669,-0.091330597811876,1017
2015,TEN,-0.1167897555403683,0.0329876779366789,-0.1357173151082145,0.0503586929547006,-0.1860760080629152,976
2015,WAS,0.0331691061723029,0.0398954916596538,0.0007485516130403,0.055255946760607,-0.0545073951475666,1011
2016,ARI,-0.0127193410483039,-0.0985783597240607,-0.0303500763494783,-0.083068421675883,0.0527183453264047,1086
2016,ATL,0.1733655333177972,0.0453930552596951,0.180213952642575,0.0579602004552222,0.1222537521873527,995
2016,BAL,-0.0519545078487853,-0.0399704874155069,-0.0622627741587119,-0.0579157439635277,-0.0043470301951842,1079
2016,BUF,0.0631845245435599,0.0216576810308627,0.0561377165228612,0.0418978771583918,0.0142398393644693,1012
2016,CAR,-0.0552716789603851,-0.0004204707411836,-0.0567486221858363,-0.0154118633973822,-0.0413367587884541,1052
2016,CHI,-0.0315048041696335,0.0703572612795034,-0.0296479266287777,0.0640719302826025,-0.0937198569113802,967
2016,CIN,0.0510992866633038,0.0055627059965818,0.0642089822379914,0.0111543546185075,0.0530546276194838,1050
2016,CLE,-0.0732347220418648,0.130791739191791,-0.0659962936081293,0.1076042345702481,-0.1736005281783775,983
2016,DAL,0.1346191376683775,0.00496492729782,0.1380741297045985,0.0062244758902128,0.1318496538143856,1010
2016,DEN,-0.0508095768583295,-0.1224980153383616,-0.0568673536660713,-0.1455503824375954,0.0886830287715241,1020
2016,DET,0.0423062293947808,0.0972261322591655,0.0478583977104478,0.1029831327880624,-0.0551247350776145,981
2016,GB,0.1159053640861726,0.0475047429888462,0.1194020373579153,0.043294317652618,0.0761077197052972,1029
2016,HOU,-0.0966608511010815,-0.0856699646900773,-0.1040076506287856,-0.0973783703227939,-0.0066292803059916,1071
2016,IND,0.0233608645898293,0.0737156686659642,0.0404947620079267,0.0938812045994608,-0.053386442591534,1037
2016,JAX,-0.0833696257245916,-0.0411522467099233,-0.0805387193147295,-0.0371504566777018,-0.0433882626370277,1052
2016,KC,0.012333752138001,-0.0145244962237131,0.0233253182978746,-0.0137416393408296,0.0370669576387042,990
2016,LA,-0.2149576052341681,0.027014111907102,-0.2210583589058469,0.0248167802979542,-0.2458751392038012,960
2016,LAC,0.0046864255556662,-0.0158588873767537,0.0074129169850721,-0.0147003134589419,0.0221132304440141,1014
2016,LV,0.0246793351035517,0.028522429929312,0.043310684945845,0.0307688969072489,0.0125417880385961,1048
2016,MIA,0.0159196826888262,0.0307845404521655,0.0054819890125893,0.0399172124985657,-0.0344352234859764,912
2016,MIN,-0.0573117327916951,-0.1136239728711434,-0.0669814576256688,-0.1239673102156642,0.0569858525899954,1006
2016,NE,0.1296891654550018,-0.0224970744122825,0.1340912281372901,0.0152152462874088,0.1188759818498812,1056
2016,NO,0.0966584027058516,0.075565833829364,0.106033965068105,0.0870535302421288,0.0189804348259762,1105
2016,NYG,-0.0666249233513735,-0.0919492935925784,-0.0795590822791452,-0.115539855514759,0.0359807732356137,1018
2016,NYJ,-0.0717504550910667,0.0162374854284009,-0.0879227409198268,0.0121546172084321,-0.1000773581282589,1003
2016,PHI,-0.0177274307424445,-0.0385456129823148,-0.0200139273020422,-0.073603411353416,0.0535894840513737,1080
2016,PIT,0.0730907073364744,0.0133653104157135,0.0652447115087935,0.005042982408969,0.0602017290998245,1026
2016,SEA,0.0194935246152433,-0.0507374814054738,0.0073277466567905,-0.0325795994833383,0.0399073461401288,1012
2016,SF,-0.0619443678430766,0.0835986494036156,-0.0648036361505777,0.0921752276610985,-0.1569788638116763,996
2016,TB,-0.0059963187618142,0.0130913227076172,-0.0125561019529201,0.0009973302649758,-0.013553432217896,1066
2016,TEN,0.0271880231890815,0.0371721396103175,0.0317679789237071,0.0586115948573152,-0.026843615933608,1008
2016,WAS,0.1087108022134554,0.0788382942504922,0.1333810236525247,0.0801198896133673,0.0532611340391573,1009
2017,ARI,-0.1518929872327451,-0.0908256001959969,-0.1502606855028302,-0.10595420897548,-0.0443064765273501,1059
2017,ATL,0.0355412307044004,-0.0156653333334685,0.0331272040179995,-0.0330189607232376,0.0661461647412371,984
2017,BAL,-0.0721436934155569,-0.12116553090188,-0.0884672352493932,-0.093786860174125,0.0053196249247318,1054
2017,BUF,-0.0626560996894267,0.0212961811563503,-0.0901937602774233,0.0099676144173106,-0.1001613746947339,1009
2017,CAR,-0.0478425050401633,-0.0589510712333264,-0.05884440793674,-0.0910688098450232,0.0322244019082832,1026
2017,CHI,-0.104079976079457,-0.0386176385065536,-0.0952450671368114,-0.0539443520014604,-0.0413007151353509,934
2017,CIN,-0.0970652412304288,-0.0434172441040981,-0.0912294527525095,-0.0098285879019151,-0.0814008648505943,927
2017,CLE,-0.1453549240512785,-0.0005366806105838,-0.1387915198734096,0.0136789036412069,-0.1524704235146165,1008
2017,DAL,-0.0031940100276264,-0.0038200095957859,0.0082470994363262,-0.0173246761365288,0.0255717755728551,1005
2017,DEN,-0.1178836221705914,-0.1044547603233282,-0.1488678938063684,-0.1223334560360286,-0.0265344377703397,1075
2017,DET,-0.0518619438587389,-0.0544665102914993,-0.0400966600063904,-0.0437778490404889,0.0036811890340984,980
2017,GB,-0.0415744873738175,0.038025897517114,-0.0202471920947809,0.0353415781300463,-0.0555887702248273,999
2017,HOU,-0.0809741970050845,-0.0013085443920411,-0.0849381229129741,0.0032571136939114,-0.0881952366068856,1027
2017,IND,-0.1068108972793545,0.0662260220897662,-0.0882229251844469,0.0958538201697558,-0.1840767453542027,994
2017,JAX,0.0085778342464615,-0.1891802969158116,-0.0073862072546505,-0.1628757226548772,0.1554895154002266,1078
2017,KC,0.0816507593547977,0.0272628911069579,0.0755609981618207,0.0288729590033478,0.0466880391584729,985
2017,LA,0.0562662121452811,-0.0692461678904409,0.0768385674400018,-0.0636165596382483,0.1404551270782502,1000
2017,LAC,0.0671324155023484,-0.0700154082020184,0.0581288063168096,-0.0640991820748778,0.1222279883916874,1020
2017,LV,-0.0170329180913509,0.0664523620628083,-0.0122077333650551,0.0657268914638778,-0.0779346248289329,952
2017,MIA,-0.1065555195762086,0.0237698637720371,-0.1219697181216502,0.0085400073610747,-0.130509725482725,995
2017,MIN,-0.0040293904518784,-0.1551329912052804,-0.0061378565569624,-0.1598161952706578,0.1536783387136953,1055
2017,NE,0.111431326720335,0.031399700037059,0.0929411922019281,0.0343981544710049,0.0585430377309232,1070
2017,NO,0.1131787178402782,-0.0386311192163418,0.109577139498806,-0.0501910562915471,0.1597681957903531,1000
2017,NYG,-0.1245117094979529,0.0179152368013942,-0.1123694032829912,-0.0086972574317492,-0.1036721458512419,1037
2017,NYJ,-0.0666515182939573,-0.0004663348473551,-0.0823454434361219,-0.0128935276567884,-0.0694519157793335,984
2017,PHI,0.0395856534696067,-0.1145399939311733,0.0483259319704749,-0.1125992134678496,0.1609251454383246,1073
2017,PIT,0.0480776611986216,-0.0379662298462643,0.0425233111669485,-0.0131312184321201,0.0556545295990687,1052
2017,SEA,-0.0209543557840383,-0.091613540243784,-0.0172105621896796,-0.0920801187566374,0.0748695565669577,1007
2017,SF,-0.0325317261864722,0.0130062598810812,-0.0050068390824623,0.024500739693928,-0.0295075787763903,1058
2017,TB,0.0129106297156612,0.055092905909532,0.0214689095693832,0.0521361558407152,-0.0306672462713319,1034
2017,TEN,-0.0849308076272946,-0.0396043624639559,-0.092116423625259,-0.0170185143513854,-0.0750979092738735,974
2017,WAS,-0.0448370650675434,-0.0377359409683538,-0.0256012042647607,-0.0611315999103968,0.035530395645636,982
2018,ARI,-0.2510440581302803,0.0276881657785819,-0.2524888926195257,-0.0035394772569397,-0.2489494153625859,902
2018,ATL,0.0854393460895554,0.0826924545310139,0.0748980198341174,0.0712287355989068,0.0036692842352105,1010
2018,BAL,0.0098157807313416,-0.0662465290170372,-0.0018038944706757,-0.0957368518455266,0.0939329573748509,1135
2018,BUF,-0.1386335586418117,-0.0950968842310977,-0.1331490660067852,-0.0770001481418262,-0.056148917864959,1007
2018,CAR,0.05953603034426,0.0567645461862588,0.0459472371270527,0.026056359004325,0.0198908781227277,1011
2018,CHI,0.0355879017796139,-0.1339065540891892,0.0284745522775534,-0.1048990493793313,0.1333736016568848,1013
2018,CIN,-0.0090681687562681,0.1084253369988113,-0.0118422597233929,0.0697674066360033,-0.0816096663593962,938
2018,CLE,-0.0110877875218247,0.029728042686483,-0.0183387454616642,-0.0060813383300669,-0.0122574071315973,1023
2018,DAL,0.0194412971423822,-0.0334325965283135,0.0012126363268839,-0.0421001576444381,0.0433127939713221,1022
2018,DEN,-0.0157038413587904,0.0074467384003911,-0.0250176188778568,-0.0194308846327077,-0.005586734245149,1015
2018,DET,-0.0448834791540184,0.027667351223052,-0.0216313262389772,0.0527205869858122,-0.0743519132247895,1019
2018,GB,0.0485799809754187,0.0462581167026158,0.068275214268823,0.0856539364726269,-0.0173787222038039,1026
2018,HOU,0.016189918991854,-0.0504995212441727,0.0185707401871701,-0.0150973208448862,0.0336680610320563,1040
2018,IND,0.080102781016935,-0.0065740793620793,0.0765855762935883,0.0374144671492085,0.0391711091443798,1070
2018,JAX,-0.0996550045301528,-0.0435261235548832,-0.1071782953329931,-0.0495854573704581,-0.0575928379625349,1005
2018,KC,0.2439748425002995,0.0494853497921147,0.2492103598806474,0.0530207785774403,0.1961895813032071,996
2018,LA,0.14060860652598,-0.0017184825100019,0.1451461601764283,0.0062405006525168,0.1389056595239115,1060
2018,LAC,0.136006724251159,-0.0090796144274759,0.1344891937296293,-0.011766684070452,0.1462558778000813,945
2018,LV,-0.0539908722432949,0.1381316380993402,-0.0528659701953147,0.1041123610880172,-0.1569783312833319,995
2018,MIA,-0.1063759558623432,0.0536374979562208,-0.0977915233811761,0.0884910224472972,-0.1862825458284734,878
2018,MIN,-0.0804595817772577,-0.1257077760096995,-0.0811496775314422,-0.1155078231161754,0.0343581455847332,1003
2018,NE,0.0839155144117398,-0.023618346368624,0.0892497156509504,0.007537936627928,0.0817117790230223,1073
2018,NO,0.1407497394528759,0.0176308567564548,0.1330058680765869,-0.002082516207574,0.135088384284161,1010
2018,NYG,0.0234487554171367,0.0776239298682097,0.026636174037452,0.0771867070948052,-0.0505505330573531,984
2018,NYJ,-0.1159484013936939,0.0274855247940927,-0.0983464482914283,0.0609351920726884,-0.1592816403641168,970
2018,PHI,0.0322914540588488,0.0372683027913435,0.032769828700198,0.0326578760710963,0.0001119526291016,1037
2018,PIT,0.1189481411553304,0.0334240317172141,0.1193197521772881,0.0109565173791446,0.1083632347981434,1058
2018,SEA,0.0822803121923854,-0.0203490584780449,0.0874275744713738,-0.01219140957098,0.0996189840423538,1012
2018,SF,-0.0446928683738981,0.0518640293324008,-0.0435166421075418,0.0413446852996325,-0.0848613274071744,1003
2018,TB,0.0581354875192713,0.1015940617403396,0.0574671532959842,0.0773782602084212,-0.019911106912437,1055
2018,TEN,-0.0257326230516629,-0.0068190514768734,-0.0146618711244666,0.0134264685335537,-0.0280883396580203,938
2018,WAS,-0.0662792980931973,0.0383742001114152,-0.0774064094805943,0.0355048786807995,-0.1129112881613939,967
2019,ARI,0.0097923095527691,0.0949975879045293,0.0319516300214389,0.0834460680328107,-0.0514944380113717,1000
2019,ATL,0.0024938789232772,0.037690019450504,0.0198111690414644,0.0188112901581027,0.0009998788833616,1096
2019,BAL,0.194134264349159,-0.0968910082817183,0.20110487896309,-0.0742971406945838,0.2754020196576739,1064
2019,BUF,-0.0366253279640515,-0.0682427029871466,-0.0347037776174927,-0.0298133056582273,-0.0048904719592654,1018
2019,CAR,-0.0878663033009025,0.050510987434581,-0.0799448751680595,0.0259202677788681,-0.1058651429469276,1077
2019,CHI,-0.0906557907415082,-0.0514843612425057,-0.1027313688856141,-0.0698826566980889,-0.0328487121875251,1020
2019,CIN,-0.0946368304529124,0.106742021677528,-0.0731661477453104,0.108028067719831,-0.1811942154651415,1049
2019,CLE,-0.0376527611532804,0.0263552533039111,-0.0120858467442194,0.0368413748663566,-0.0489272216105761,973
2019,DAL,0.1285037275257944,-0.0374576494699722,0.1215137536427437,-0.0001596830121193,0.121673436654863,1069
2019,DEN,-0.0636014735135697,-0.0021467829262152,-0.0816214191799444,-0.0284551541161191,-0.0531662650638252,954
2019,DET,-0.0363458324076838,0.0643962586004369,-0.0392531589531894,0.0595325594582448,-0.0987857184114342,1021
2019,GB,0.0493645710616471,-0.0192419630838193,0.0451511327432298,-0.0106566918547346,0.0558078245979644,1020
2019,HOU,0.0649215961942403,0.0635019490633072,0.07515472117635,0.0425619665558899,0.03259275462046,1017
2019,IND,0.0040791821503179,0.0120538187496566,-0.0070597561345325,0.0066307040026174,-0.01369046013715,1016
2019,JAX,-0.0544255907609055,0.0622894278262879,-0.0646369739086611,0.0497899846894759,-0.114426958598137,1020
2019,KC,0.1256169986632936,-0.0094235925589802,0.1250182912315229,-0.0239313764141493,0.1489496676456722,976
2019,LA,0.0001549062215536,-0.0309456719001242,0.0178919907575165,-0.0524939509278501,0.0703859416853667,1055
2019,LAC,0.0304711317157528,0.0288975299916831,0.0193551319695756,0.026975528653009,-0.0076203966834334,997
2019,LV,0.0634621317958024,0.0985613670831108,0.0571930776170319,0.1014899327823619,-0.04429685516533,989
2019,MIA,-0.0842670330636923,0.120755915320603,-0.0651867578015359,0.1525761977235938,-0.2177629555251297,1022
2019,MIN,0.0582894342240335,-0.0486798558418285,0.0398391909016936,-0.0479749062032618,0.0878140971049555,970
2019,NE,-0.0008228272555777,-0.2136652613071873,-0.0234244798576292,-0.1883670464470098,0.1649425665893806,1095
2019,NO,0.081342325513075,-0.052685439687584,0.0886674134420501,-0.0624811477468532,0.1511485611889033,1011
2019,NYG,-0.0687583308091675,0.0530649620374543,-0.07379332425795,0.0715493638295585,-0.1453426880875086,1012
2019,NYJ,-0.1527986074300741,-0.0498532359963946,-0.1637854732489316,-0.0291240885164113,-0.1346613847325203,956
2019,PHI,0.0050619163715524,-0.0410683456957213,-0.0134409552156243,-0.019357792724428,0.0059168375088036,1104
2019,PIT,-0.1670097242119038,-0.1331190474678202,-0.1698316818808139,-0.1451498977003721,-0.0246817841804418,937
2019,SEA,0.0406049879972104,0.028004844410777,0.0662374332263214,0.0120237550085929,0.0542136782177285,1046
2019,SF,0.0552169332527631,-0.1370509475441123,0.0505322156706252,-0.1482376739778795,0.1987698896485047,1012
2019,TB,-0.0067689669346815,-0.0717692611095301,-0.0149893469712817,-0.0862827599724489,0.0712934130011671,1086
2019,TEN,0.0646020560952437,-0.0180151897256031,0.0491369165682171,-0.0281780213423384,0.0773149379105555,949
2019,WAS,-0.1338464878687118,0.093127881158411,-0.1268731396632182,0.107875739934081,-0.2347488795972993,885
2020,ARI,0.0474971761079045,0.0069010712278516,0.066767266734031,0.027561872898353,0.0392053938356779,1083
2020,ATL,0.025670962405523,0.0578183976558296,0.031093788755897,0.0291715716446108,0.0019222171112861,1078
2020,BAL,0.1087488813807348,-0.0383936943563354,0.087793976316041,-0.0219576938712232,0.1097516701872643,993
2020,BUF,0.1510892355344396,0.0297096309337568,0.1593835522855367,0.046722955558147,0.1126605967273896,1034
2020,CAR,0.0041034627097162,0.0757656605267975,0.0251084517975158,0.0533729254332726,-0.0282644736357568,993
2020,CHI,-0.019243275857121,0.0051100453901378,-0.0321182695168241,-0.0225634957082483,-0.0095547738085757,1043
2020,CIN,-0.030012299647419,0.0989361038371758,-0.0262692587963424,0.1133946322724729,-0.1396638910688153,1040
2020,CLE,0.0847675504475717,0.0764645351919573,0.076570108234477,0.1077532256097928,-0.0311831173753157,1022
2020,DAL,-0.0292328469751406,0.0668279030377021,-0.004022772602011,0.0919912449252623,-0.0960140175272734,1113
2020,DEN,-0.0973614881648182,0.0485471236892631,-0.0988957894328825,0.0222262912844568,-0.1211220807173394,1030
2020,DET,-0.0080457424199986,0.1865163863305635,-0.0018114593539957,0.1610482304082973,-0.1628596897622931,991
2020,GB,0.2094237999226789,0.0334081179505836,0.1974352640877742,0.0348947953018776,0.1625404687858965,990
2020,HOU,0.1122424485218334,0.1539288422898942,0.0861511295492767,0.1403967600188374,-0.0542456304695607,940
2020,IND,0.0756923331769203,-0.0194755698794376,0.0255541926408397,-0.0243265958211303,0.04988078846197,1032
2020,JAX,-0.0547943276355241,0.1396487645389642,-0.0758885674015918,0.1181421524882817,-0.1940307198898735,997
2020,KC,0.1901502557010054,0.0509999282251716,0.18771296031324,0.0570736814297943,0.1306392788834457,1057
2020,LA,-0.0134656529318109,-0.1804312350405224,-0.0011394014704393,-0.1721727877990454,0.171033386328606,1088
2020,LAC,0.0273253652731916,0.0180935712711285,0.0131354483857262,0.0196015687387655,-0.0064661203530392,1127
2020,LV,0.0586311127375465,0.1329857502034125,0.0673101281560238,0.128497949700258,-0.0611878215442342,1036
2020,MIA,0.0022052136117156,-0.0257486301458869,-0.0096736812034582,-0.016042534562504,0.0063688533590457,1021
2020,MIN,0.1008334048011712,0.0879287125720893,0.0826313721206264,0.0660136525466594,0.016617719573967,1023
2020,NE,0.0061722154893704,0.0757594970944445,0.012235724296756,0.0709478351114007,-0.0587121108146447,979
2020,NO,0.0881363597313561,-0.0909219708453567,0.0870761243744635,-0.1035197540234241,0.1905958783978876,1045
2020,NYG,-0.0559078377145872,0.0390309741993062,-0.0236917419450159,0.0634734345425881,-0.087165176487604,966
2020,NYJ,-0.1336887753457934,0.0726098547147339,-0.1274522186327258,0.0548260001773799,-0.1822782188101057,948
2020,PHI,-0.0957089518476775,0.0124736977357833,-0.0694109747670791,0.0187893751286027,-0.0882003498956819,1066
2020,PIT,0.0019204730915683,-0.1098792398152323,-0.0249501975649875,-0.0988199534554147,0.0738697558904272,1043
2020,SEA,0.0855660727194862,0.0404637879481099,0.1165552152941579,0.0616963226615642,0.0548588926325937,1022
2020,SF,0.0069525986371087,-0.027384890559906,0.0371234033659379,-0.0267554715615864,0.0638788749275243,1046
2020,TB,0.1062869393694007,-0.0421898672868899,0.1180395964157914,-0.0513832432088968,0.1694228396246883,1017
2020,TEN,0.1673005291330293,0.1307021025409058,0.1439911736889221,0.1331163333971386,0.0108748402917834,1031
2020,WAS,-0.0631816004794544,-0.097820281442668,-0.066270952641753,-0.0747862015330125,0.0085152488912595,1051
2021,ARI,0.0633536989268539,-0.0439133414209566,0.0678342029866591,-0.051034668170172,0.1188688711568311,1126
2021,ATL,-0.0813491437400627,0.0778474212459257,-0.0633857260009289,0.0920483264678635,-0.1554340524687925,1006
2021,BAL,0.0082533863665206,0.0586319495452337,0.0057624873592595,0.0546049826569225,-0.048842495297663,1185
2021,BUF,0.0949157743578658,-0.1255881591065803,0.0822951839321974,-0.1017755460806019,0.1840707300127994,1143
2021,CAR,-0.1363244526229567,-0.0497249452863149,-0.1240262209045114,-0.0427204271587423,-0.081305793745769,1106
2021,CHI,-0.1048298496834475,0.0150824159237671,-0.1066623067184918,-0.0032383207453691,-0.1034239859731227,1075
2021,CIN,0.0527111656379123,0.0005199734008583,0.0318112392288479,0.0052865937702115,0.0265246454586364,1046
2021,CLE,0.0099878334716261,-3.47574897185466e-05,0.0022017995153038,-0.0033723557518163,0.0055741552671202,1054
2021,DAL,0.0859471189883133,-0.0856567885612406,0.088103461992083,-0.0811993631985012,0.1693028251905843,1153
2021,DEN,0.0089969737725431,-0.0053569410393449,-0.0185881951994059,-0.010848422058132,-0.0077397731412738,1036
2021,DET,-0.0559412403480271,0.0947155582360144,-0.0522701169534542,0.0821668473818314,-0.1344369643352856,1056
2021,GB,0.1271951366113116,0.0027012581279585,0.1303919851333133,0.0084889692802676,0.1219030158530456,1072
2021,HOU,-0.1256139802116538,0.067781232001753,-0.1250354890466913,0.0592867010338027,-0.184322190080494,1010
2021,IND,0.046858448013134,0.0197917555950456,0.03883518127277,0.0211245624068335,0.0177106188659365,1052
2021,JAX,-0.0803335378700224,0.1052494816319692,-0.0804811035957145,0.1029928597794604,-0.1834739633751749,1028
2021,KC,0.1466204070243221,0.0391118202143808,0.1482390638427188,0.0277878475367565,0.1204512163059622,1134
2021,LA,0.0683864517339531,-0.028579796204178,0.0639632736612349,-0.0379092552013164,0.1018725288625513,1058
2021,LAC,0.0920919556381748,0.0358615429661761,0.0885974234780797,0.0328239964582783,0.0557734270198014,1128
2021,LV,-0.0114027682213687,0.0413358273096479,-0.0169609758708946,0.0318524316378307,-0.0488134075087254,1082
2021,MIA,-0.0571046579982685,-0.0164861870017635,-0.0598043899566434,0.0024120240225299,-0.0622164139791733,1097
2021,MIN,0.0148302760026147,-0.0151964487182247,0.0175866278517897,-0.0235657047102155,0.0411523325620052,1083
2021,NE,0.0804195108305203,-0.0641592293224228,0.081354708703845,-0.0485620843188668,0.1299167930227118,1052
2021,NO,-0.0800357931092157,-0.1046757878909122,-0.0769197151848882,-0.1058874848170046,0.0289677696321163,1051
2021,NYG,-0.1580824065444184,0.0330558295417666,-0.1483351461764226,0.0255368870350468,-0.1738720332114694,1050
2021,NYJ,-0.0831507376649429,0.1200692351081007,-0.0659972826119317,0.1241951936123453,-0.190192476224277,1036
2021,PHI,0.0692792010140845,0.0104121171109354,0.0659858288129581,0.0236182896034129,0.0423675392095451,1075
2021,PIT,-0.0693930379187756,0.0202728362172231,-0.073415973799497,0.0008611596064205,-0.0742771334059175,1113
2021,SEA,0.0332538143053269,0.0237692432723035,0.0425108199519331,0.0225108797289726,0.0199999402229604,954
2021,SF,0.099402237355809,-0.0189672506320078,0.0920789715436892,-0.0272440341061497,0.119323005649839,1046
2021,TB,0.1245552096895388,-0.0656249831115463,0.1386480889838702,-0.0298205936102668,0.168468682594137,1139
2021,TEN,0.0259518749047772,-0.0234496091423019,0.0213712040585055,-0.0165510216725764,0.037922225731082,1133
2021,WAS,-0.0474623694051323,0.0586987458219323,-0.0337024109826726,0.0436247479244236,-0.0773271589070963,1070
2022,ARI,-0.0853988264163526,0.0135940042728272,-0.08230234412162,0.0104119149911155,-0.0927142591127355,1144
2022,ATL,0.0231061303839212,0.0811523588043232,0.028555050145136,0.0956604085981433,-0.0671053584530072,1011
2022,BAL,0.0147487108522285,-0.0085279559242518,0.0187815105876632,-0.0188797790687746,0.0376612896564378,1052
2022,BUF,0.1044551357175936,-0.0556386533002382,0.0978407132930497,-0.0532562713282449,0.1510969846212946,1037
2022,CAR,-0.0347472086286952,0.0107517154435972,-0.0418169292598435,0.0111922298489964,-0.05300915910884,976
2022,CHI,-0.0351069979228834,0.1101507743940645,-0.0424705463233099,0.1065137747889,-0.14898432111221,993
2022,CIN,0.0636776388205799,-0.0370160753542709,0.0676262625267988,-0.0461333538304358,0.1137596163572347,1053
2022,CLE,0.0128993046539542,0.0208499909508451,0.0263565499330306,0.0256989898950701,0.0006575600379605,1116
2022,DAL,0.017610169693313,-0.0916150017684499,0.0025351483393092,-0.0742426970179802,0.0767778453572894,1114
2022,DEN,-0.1145233686445315,-0.0455957612436853,-0.1282653465449477,-0.0386546870575603,-0.0896106594873874,1078
2022,DET,0.0616142705931622,0.0854850352845716,0.0491123015975881,0.0862788875032182,-0.03716658590563,1092
2022,GB,0.0033398147713163,0.0427497432247266,-0.0090657674258447,0.0477392198328961,-0.0568049872587408,1051
2022,HOU,-0.1829879813603159,0.0041228017615854,-0.1991110789102163,0.0125142815715978,-0.2116253604818142,1015
2022,IND,-0.1536556808299495,-0.0185481637874038,-0.1601893778848141,0.001113787564769,-0.1613031654495831,1103
2022,JAX,0.0440510226368681,-0.0201144606686025,0.037331523035462,0.0194569014282535,0.0178746216072085,1072
2022,KC,0.1855527071314708,-0.0205478413054749,0.180924867888624,0.0086501147053051,0.1722747531833189,1094
2022,LA,-0.0848199073485597,0.0079810068612768,-0.0835086064714378,3.184417372602971e-05,-0.0835404506451638,1001
2022,LAC,0.0146921302477839,0.0211332978172832,-0.0033521702064813,0.0298801796720006,-0.033232349878482,1154
2022,LV,0.01034830848408,0.0582427877655409,0.0137060082738299,0.0805749962357149,-0.066868987961885,1049
2022,MIA,0.0459089551784529,0.0085120967143318,0.0544530459440215,0.0112156231378433,0.0432374228061782,1009
2022,MIN,-0.0135023807695165,0.0271826161403541,-0.0263096143205784,0.0355721426015176,-0.061881756922096,1123
2022,NE,-0.0519049703412173,-0.0826736426457377,-0.0638763050096565,-0.0887057897868756,0.0248294847772191,1006
2022,NO,-0.0258814405556619,-0.0447365359919098,-0.038363599188348,-0.0519047981808035,0.0135411989924554,1015
2022,NYG,0.0376908090014209,0.0473786336470582,0.0331618672490504,0.0664915042231728,-0.0333296369741224,1089
2022,NYJ,-0.0820280468591895,-0.0529053945046126,-0.086727557616495,-0.069946646023722,-0.016780911592773,1074
2022,PHI,0.1166414226997283,-0.0686135851073365,0.1028682905944097,-0.0362140442018589,0.1390823347962686,1124
2022,PIT,0.0071457306127003,0.0223977198979038,0.0147703547180528,0.0107412385779057,0.004029116140147,1109
2022,SEA,0.0088923517619997,0.0172636661364352,0.0036003789887185,0.0251957654579416,-0.021595386469223,1044
2022,SF,0.0799196854737727,-0.1188273583597609,0.0618297866924094,-0.099213168980694,0.1610429556731035,1047
2022,TB,-0.0300546736014365,-0.026828508686429,-0.0352165142023794,-0.038575323478368,0.0033588092759885,1159
2022,TEN,-0.0655651005553942,-0.0009843487735396,-0.0698416592441381,0.0156704651862598,-0.0855121244303979,992
2022,WAS,-0.0781649222300134,-0.061763098429738,-0.0985726039617134,-0.0661587789639508,-0.0324138249977626,1140
2023,ARI,-0.0769793684852825,0.0793142871916497,-0.0688336950810317,0.0492624717053847,-0.1180961667864164,1068
2023,ATL,-0.0982430814540001,-0.0644924984131408,-0.1124668038966266,-0.0339592317195644,-0.0785075721770621,1092
2023,BAL,0.0647567203965802,-0.1426338692972844,0.0692770479587553,-0.1602054511264308,0.2294824990851861,1076
2023,BUF,0.1129106683315165,-0.0554305549352716,0.1118787027566819,-0.0253686312921808,0.1372473340488628,1115
2023,CAR,-0.173274740236079,0.0026121253004315,-0.1809979411541796,-0.0103260732199076,-0.170671867934272,1096
2023,CHI,-0.040333613834852,-0.046115560718673,-0.048252166481777,-0.036037937322427,-0.01221422915935,1097
2023,CIN,-0.0108631054247374,0.0304381280835546,0.0205144103466979,0.0087006124623194,0.0118137978843784,1048
2023,CLE,-0.1287493260728148,-0.1809396417715038,-0.1218432161538618,-0.1952782029601065,0.0734349868062446,1187
2023,DAL,0.0990178833556582,-0.103916160823748,0.0723119613064796,-0.0941294545445177,0.1664414158509973,1122
2023,DEN,-0.044264919743237,0.0195897278994196,-0.0350655474449045,0.0310118347817526,-0.0660773822266572,1016
2023,DET,0.0545889359659882,-0.0230066884633806,0.0570767757927155,-0.0266147853939979,0.0836915611867134,1137
2023,GB,0.0561934691789676,-0.0026942281224951,0.0579849991268526,0.0149932839061054,0.0429917152207471,1052
2023,HOU,-0.0203172309459121,-0.0338762797053885,-0.014565101804169,-0.0019425866784742,-0.0126225151256947,1083
2023,IND,-0.0374513144809443,-0.0147854716161857,-0.0229022363178309,0.0097359029093929,-0.0326381392272238,1094
2023,JAX,-0.0536856012238116,-0.0304045982984506,-0.0441968885494918,-0.0384069556640814,-0.0057899328854104,1114
2023,KC,0.0183313270253193,-0.0720756315174637,0.0060048909750235,-0.0719123942841782,0.0779172852592017,1080
2023,LA,0.0429334549928433,-0.0132127191646024,0.0380411087558792,-0.040862406884947,0.0789035156408262,1094
2023,LAC,-0.066152862127871,0.0118471533299359,-0.0529503787206527,0.00239991545623,-0.0553502941768828,1106
2023,LV,-0.1000382828621939,-0.0610304339915619,-0.1033282875459917,-0.0557506663035573,-0.0475776212424343,1010
2023,MIA,0.0948010708937468,-0.0296177043655938,0.1042034862768947,0.0057568116333275,0.0984466746435671,1053
2023,MIN,-0.0241007684711271,-0.0205834815952928,-0.0362581111864539,-0.0399371050912015,0.0036789939047475,1071
2023,NE,-0.171908508936502,-0.0731398276280517,-0.174831200116797,-0.0734395340000636,-0.1013916661167333,1020
2023,NO,-0.0290067721808063,-0.0892716273966035,-0.0374533993217209,-0.0552723658147779,0.0178189664930569,1121
2023,NYG,-0.1685607914123966,-0.0002783566847471,-0.1836508165642638,-0.0261387334708016,-0.1575120830934621,1057
2023,NYJ,-0.2436608293031775,-0.1231274952831164,-0.2455542818562573,-0.1241357594943919,-0.1214185223618654,1053
2023,PHI,0.0656672782951956,0.0654354793091724,0.0636579941253343,0.0678453390970778,-0.0041873449717435,1112
2023,PIT,-0.0802651134717856,-0.0534008609768331,-0.0591188059835783,-0.0667540508076801,0.0076352448241018,1029
2023,SEA,0.0110150100220073,0.0455644055975385,0.0138913825541553,0.0255263080192396,-0.0116349254650842,995
2023,SF,0.1582604980283521,-0.0756841237781686,0.1523121650326027,-0.0830310853986609,0.2353432504312637,1024
2023,TB,-0.0285137721882486,-0.0143238027840769,-0.0385198679141008,-0.0185847004393843,-0.0199351674747165,1047
2023,TEN,-0.0584012889758674,0.0044531809540328,-0.0561459559603123,0.0071068902861924,-0.0632528462465047,1002
2023,WAS,-0.0906426287212377,0.0843078897655206,-0.0971578270207798,0.0752695017539312,-0.172427328774711,1060
2024,ARI,0.0832435108399429,0.0614277806592299,0.088989726812687,0.0410237654517899,0.0479659613608971,1036
2024,ATL,0.0317174046649152,0.0598675375325963,0.0288089661540743,0.0732751682974976,-0.0444662021434233,1086
2024,BAL,0.2093040178943291,-0.0468369712689848,0.2234759481592512,-0.0347236165714657,0.258199564730717,1055
2024,BUF,0.1763873105805268,-0.0001445591559732,0.167964422600561,0.0001920045693087,0.1677724180312522,1025
2024,CAR,-0.0458878259049616,0.1569686233209658,-0.0546143849465481,0.1517331016307573,-0.2063474865773055,993
2024,CHI,-0.0757633698623017,0.0304793674578035,-0.0706874214897776,0.0109412351978665,-0.0816286566876441,1065
2024,CIN,0.0977900555705373,0.0286089712482226,0.1061154545459154,0.0542530810178549,0.0518623735280604,1080
2024,CLE,-0.1796522694943266,0.0005890842752989,-0.1769528920419914,-0.016943565604167,-0.1600093264378244,1118
2024,DAL,-0.0886846411269332,0.0795638768930331,-0.0914790177019222,0.0624831514645812,-0.1539621691665035,1104
2024,DEN,0.0243365422393909,-0.1044178243491753,0.0219943678233864,-0.0958033179495367,0.1177976857729232,1055
2024,DET,0.162716122818901,-0.0300688800186639,0.1723609226680828,-0.0333288265087039,0.2056897491767868,1118
2024,GB,0.0792308806590131,-0.0548330670120234,0.0942602502637279,-0.054494428801052,0.14875467906478,1027
2024,HOU,-0.0576777003267371,-0.0673814170189153,-0.0696259882694333,-0.0669657030333428,-0.0026602852360904,1058
2024,IND,-0.0537538627942639,0.0034023715444024,-0.0485808080446029,0.0263270887171972,-0.0749078967618001,1041
2024,JAX,-0.0108659482462952,0.1184148078493948,0.0118677166128479,0.1554830711733966,-0.1436153545605486,992
2024,KC,0.0601026091070524,0.0130353189314446,0.0749797841456085,0.0146673221811568,0.0603124619644516,1091
2024,LA,0.005022857825633,0.0387668716005885,0.0189530477361701,0.0236511710170682,-0.004698123280898,1040
2024,LAC,0.0380148058161559,-0.0697653718981311,0.0345292011353486,-0.0563336709558935,0.0908628720912422,1017
2024,LV,-0.1453449034250658,0.0077821730728184,-0.1456893273920039,-0.0057947620333444,-0.1398945653586594,1065
2024,MIA,-0.0368224735218989,-0.0269748462241556,-0.0451094381484236,-0.0105764646962125,-0.0345329734522111,1082
2024,MIN,0.0210248908386677,-0.0848302299689217,0.0193558621067115,-0.0898772646048878,0.1092331267115993,1054
2024,NE,-0.082406677651241,0.0711536968587584,-0.0868558618823068,0.0650913695143766,-0.1519472313966834,1027
2024,NO,-0.0426720616591367,0.0342025954752297,-0.0554925989323151,0.0399318341343971,-0.0954244330667123,1032
2024,NYG,-0.1176946303339112,0.0634909477657088,-0.1202097891544798,0.0554873949431775,-0.1756971840976573,1063
2024,NYJ,-0.0025755882811849,0.0260077578616896,0.0020594530517672,0.0341694418072271,-0.0321099887554598,1010
2024,PHI,0.1012175647748688,-0.0842025113234996,0.0695130050481875,-0.079530464506014,0.1490434695542015,1114
2024,PIT,-0.0405102263467973,-0.0166807968298769,-0.0353705577990938,-0.0217344621883623,-0.0136360956107314,1081
2024,SEA,-0.0117232595210071,-0.0158503225554845,-0.0096544339744171,-0.0379941072284329,0.0283396732540157,1030
2024,SF,0.0653988509150986,0.0398135915948865,0.0701591628948061,0.0174884612938807,0.0526707016009253,1026
2024,TB,0.1246851045512257,0.0270037968037538,0.1098028477947185,0.0210186393270287,0.0887842084676897,1094
2024,TEN,-0.1134715785542748,0.0227651547643488,-0.1151322944978893,0.0147648968187455,-0.1298971913166348,1032
2024,WAS,0.1334407825274669,0.0096039387216345,0.1183909692947414,0.0330799227321101,0.0853110465626312,1101
2025,ARI,-0.015591503025794536,0.08164853796364174,-0.01131298747993224,0.04631705168179587,-0.05763003916172811,1074
2025,ATL,-0.014307508942592116,-0.0022222457264172283,-0.019347155897118717,0.00076126375084869,-0.020108419647967408,1048
2025,BAL,0.047970513260126905,0.017861710013205766,0.04700466687994676,0.02072681307636785,0.026277853803578912,974
2025,BUF,0.12786139574397534,-0.011082399711078997,0.11899659254410519,0.015344316736462103,0.10365227580764308,1082
2025,CAR,-0.046478855381067836,0.054680589830561864,-0.05268855991460712,0.03950122369103874,-0.09218978360564586,1011
2025,CHI,0.07330816810629497,0.01772226774695698,0.06753895155906106,0.030364622319337984,0.03717432923972308,1103
2025,CIN,0.01925948574290933,0.1341864044650342,0.02796471743781309,0.14317398823089728,-0.11520927079308418,1057
2025,CLE,-0.1808930007058827,-0.09303596626663216,-0.21663255347917287,-0.09816421970408754,-0.11846833377508534,1030
2025,DAL,0.09434189033051686,0.16596956840379984,0.08960682370883136,0.18480330046125237,-0.09519647675242102,1120
2025,DEN,0.04535420782753728,-0.0885776174591936,0.03491354948293119,-0.06984522292138236,0.10475877240431355,1092
2025,DET,0.0751123842818486,-0.005219285864622851,0.06679541817835555,-0.014997989472011886,0.08179340765036744,1063
2025,GB,0.10252027902751565,0.03506818347806474,0.0973784012189152,0.04257601195789851,0.05480238926101669,1010
2025,HOU,-0.012895107108024734,-0.11205581914447153,0.0020308113236071415,-0.12988770603279157,0.1319185173563987,1088
2025,IND,0.08021659806312256,0.007261538651355366,0.10828986288133689,0.012710647510982541,0.09557921537035435,1018
2025,JAX,0.031196064604720013,-0.09675485149280631,0.036016626472465854,-0.09072004370393191,0.12673667017639778,1093
2025,KC,0.03143638625653602,-0.026982409078619592,0.04355967522460628,-0.021975294027021256,0.06553496925162754,1061
2025,LA,0.13480624417441076,-0.03349675360585683,0.15618877275328463,-0.042871237909435936,0.19906001066272055,1086
2025,LAC,-0.02709104376636797,-0.0860440750780204,-0.01960353741152457,-0.06746419224834495,0.04786065483682038,1095
2025,LV,-0.21562533238715173,0.00966509196387874,-0.19584627391388068,0.002561571302511538,-0.1984078452163922,948
2025,MIA,-0.007851604017048186,0.08515245672805845,-0.027526243305491138,0.09133752013597925,-0.11886376344147039,949
2025,MIN,-0.11955454980492748,-0.08705805818446695,-0.1302250241379009,-0.10774611879614668,-0.02247890534175423,954
2025,NE,0.14291728132823867,-0.03674035797397248,0.10895918837128023,0.007798386784494564,0.10116080158678567,1044
2025,NO,-0.06906087232323911,-0.06619911370482578,-0.09104504259338908,-0.07135447281457219,-0.01969056977881689,1075
2025,NYG,0.019600077552143345,0.07762782558520724,0.01294113766665234,0.06768197030408243,-0.0547408326374301,1085
2025,NYJ,-0.13049368662493155,0.13464909621875212,-0.14316844380744906,0.1231703866856996,-0.26633883049314866,1010
2025,PHI,0.020877042972109974,-0.0834088234588904,-0.0051156558640033135,-0.10432032370438436,0.09920466784038105,1010
2025,PIT,0.034851942495478364,0.019384404161957493,0.03348446754048476,0.02531224698452854,0.00817222055595622,988
2025,SEA,0.030997740848245237,-0.11214697437592636,0.03398595924854668,-0.12398213964507183,0.1579680988936185,1015
2025,SF,0.0818499783453019,0.07131569406192548,0.11083747570647236,0.07100793324996145,0.03982954245651091,1082
2025,TB,-0.010283956396287644,0.018803586062740536,0.003868633519321015,0.019648082547678507,-0.01577944902835749,1068
2025,TEN,-0.15760461356919275,0.09376214440656382,-0.10459932270414946,0.08506720061196914,-0.1896665233161186,1004
2025,WAS,-0.0006441805045159902,0.13712506971144003,0.0028509351946100813,0.13432384128273753,-0.13147290608812745,990
