game_id,season,week,season_type,playoff_round,date,tip_et,kickoff_utc,start_time_tbd,weekday,home_team,away_team,home_div,away_div,neutral_site,div_game,is_indoor,wind,temp,home_qb,away_qb,h_qb_new,a_qb_new,h_rest,a_rest,rest_diff,a_travel_km,a_tz_shift,total_line,spread_home,provider,over_price,under_price,spread_home_price,spread_away_price,total_book,spread_book,h_games,a_games,exp_total,exp_margin,total_pred,total_raw,total_edge,total_side_val,total_disagree,total_sigma,total_model,total_p_over,margin_pred,margin_raw,margin_edge,margin_side_val,margin_disagree,margin_sigma,margin_model,margin_p_over,total_pick,total_p_win,total_price,total_payout,total_ev,total_stake,spread_side,spread_number,spread_pick,spread_p_win,spread_price,spread_payout,spread_ev,spread_stake,thin_data,p_home_win,p_away_win,kalshi_home_ask,kalshi_away_ask,kalshi_home_ev,kalshi_away_ev,kalshi_side,kalshi_ticker,kalshi_tradeable,ml_pick,ml_ask,ml_p_home,ml_ev,ml_roi,ml_stake,ml_model_cents,ml_ref_ask,ml_ref_prob,ml_ref_ev,ml_ref_side,kt_pick,kt_ticker,ks_pick,ks_ticker,ks_ref_side,kt_ref_tradeable,ks_ref_tradeable,kt_strike,kt_ask,kt_prob,kt_ev,kt_book_gap,kt_rungs,ks_strike,ks_ask,ks_prob,ks_ev,ks_book_gap,ks_rungs,kt_ref_strike,kt_ref_ask,kt_ref_prob,kt_ref_ev,kt_ref_spread_c,ks_ref_strike,ks_ref_ask,ks_ref_prob,ks_ref_ev,ks_ref_spread_c,kalshi_incoherent,kt_pays,kt_fair,kt_edge_pct,ks_pays,ks_fair,ks_edge_pct,ml_pays,ml_fair,ml_edge_pct,total_strength,spread_strength,prediction_date,model_trained_at,first_seen_spread,first_seen_total,first_seen_at
2026_01_NE_SEA,2026,1,REG,0,2026-09-09,"Wed Sep 09, 8:20 PM",2026-09-09T20:20:00-04:00,False,Wednesday,SEA,NE,NFC West,AFC East,False,False,0,,,Sam Darnold,Drake Maye,0.0,0.0,7.0,7.0,0.0,3998.5,-3,44.5,-3.0,nflverse_close,-105.0,-115.0,-118.0,-102.0,DraftKings,DraftKings,0,0,41.90420876465773,6.918266467873351,44.3,42.7,-0.2,-0.1801300048828125,-1.8,13.22,total_market,0.4946,2.7,1.3,-0.3,-0.2590705811977387,-1.7,12.77,margin_market,0.4919,Under,0.5054000000000001,-115.0,0.8695652173913043,-0.055,0.0,NE,3.0,NE +3.0,0.5081,-102.0,0.9803921568627452,0.006,0.0,True,0.5837,0.4163,0.62,0.39,-0.0528,0.0096,NE,KXNFLGAME-26SEP09NESEA-NE,True,,,0.5837,,,,,0.39,0.4163,0.0096,NE,,,,,SEA,True,True,,,,,,0.0,,,,,,0.0,44.5,0.49,0.494,-0.0135,1.0,2.5,0.57,0.5062,-0.0809,1.0,False,1.97,2.024,-2.7,1.703,1.976,-13.8,2.459,2.402,2.4,pass,pass,2026-09-09,2026-09-08T17:48:57,-3.0,44.5,2026-09-09
2026_01_SF_LA,2026,1,REG,0,2026-09-10,"Thu Sep 10, 8:35 PM",2026-09-10T20:35:00-04:00,False,Thursday,LA,SF,NFC West,NFC West,True,True,1,,,Matthew Stafford,Brock Purdy,0.0,0.0,7.0,7.0,0.0,12669.8,-6,48.5,-3.5,nflverse_close,-105.0,-115.0,-112.0,-108.0,DraftKings,DraftKings,0,0,53.009628019836896,3.5170170955287654,48.4,47.9,-0.1,-0.0649806976318387,-0.6,13.22,total_market,0.498,3.7,4.5,0.2,0.1528766870498659,1.0,12.77,margin_market,0.5048,Under,0.502,-115.0,0.8695652173913043,-0.061,0.0,LA,-3.5,LA -3.5,0.5048,-112.0,0.8928571428571429,-0.044,0.0,True,0.614,0.386,0.65,0.36,-0.0519,0.0099,SF,KXNFLGAME-26SEP10SFLAR-SF,True,,,0.614,,,,,0.36,0.386,0.0099,SF,,,,,SF,False,True,,,,,,0.0,,,,,,0.0,,,,,,3.5,0.25,0.2864,0.0233,1.0,False,,,,3.8,3.492,8.8,2.659,2.591,2.6,pass,pass,2026-09-10,2026-09-08T17:48:57,-3.5,48.5,2026-09-09
2026_01_ATL_PIT,2026,1,REG,0,2026-09-13,"Sun Sep 13, 1:00 PM",2026-09-13T13:00:00-04:00,False,Sunday,PIT,ATL,AFC North,NFC South,False,False,0,,,Aaron Rodgers,Cooper Rush,0.0,1.0,7.0,7.0,0.0,839.3,0,40.5,-6.5,nflverse_close,-112.0,-108.0,-112.0,-108.0,DraftKings,DraftKings,0,0,42.78345855757496,0.19063510276636242,40.6,41.0,0.1,0.05159721374511861,0.5,13.22,total_market,0.5016,6.4,6.0,-0.1,-0.06878364086151123,-0.5,12.77,margin_market,0.4979,Over,0.5016,-112.0,0.8928571428571429,-0.051,0.0,ATL,6.5,ATL +6.5,0.5021,-108.0,0.9259259259259259,-0.033,0.0,True,0.6919,0.3081,0.73,0.28,-0.0519,0.014,ATL,KXNFLGAME-26SEP13ATLPIT-ATL,True,,,0.6919,,,,,0.28,0.3081,0.014,ATL,,,,,PIT,True,True,,,,,,0.0,,,,,,0.0,40.5,0.51,0.503,-0.0245,1.0,6.5,0.5,0.4969,-0.0206,1.0,False,1.896,1.988,-4.6,1.932,2.012,-4.0,3.4,3.246,4.8,pass,pass,2026-09-13,2026-09-08T17:48:57,-3.5,42.5,2026-09-09
2026_01_BAL_IND,2026,1,REG,0,2026-09-13,"Sun Sep 13, 1:00 PM",2026-09-13T13:00:00-04:00,False,Sunday,IND,BAL,AFC South,AFC North,False,False,0,,,Daniel Jones,Lamar Jackson,1.0,0.0,7.0,7.0,0.0,819.8,0,48.5,3.0,nflverse_close,-102.0,-118.0,-110.0,-110.0,DraftKings,DraftKings,0,0,49.78176594437362,-0.8608135913459243,48.4,47.1,-0.1,-0.14403381347656108,-1.4,13.22,total_market,0.4957,-3.2,-4.6,-0.2,-0.24708173274993905,-1.6,12.77,margin_market,0.4923,Under,0.5043,-118.0,0.847457627118644,-0.068,0.0,BAL,-3.0,BAL -3.0,0.5077,-110.0,0.9090909090909091,-0.031,0.0,True,0.4011,0.5989,0.42,0.6,-0.036,-0.0179,BAL,KXNFLGAME-26SEP13BALIND-BAL,True,,,0.4011,,,,,0.6,0.5989,-0.0179,BAL,,,,,IND,True,True,,,,,,0.0,,,,,,0.0,48.5,0.49,0.497,-0.0105,1.0,2.5,0.36,0.3277,-0.0485,2.0,False,1.97,2.012,-2.1,2.659,3.052,-12.9,1.621,1.67,-2.9,pass,pass,2026-09-13,2026-09-08T17:48:57,3.5,47.5,2026-09-09
2026_01_BUF_HOU,2026,1,REG,0,2026-09-13,"Sun Sep 13, 1:00 PM",2026-09-13T13:00:00-04:00,False,Sunday,HOU,BUF,AFC South,AFC East,False,False,0,,,C.J. Stroud,Josh Allen,0.0,0.0,7.0,7.0,0.0,2076.3,-1,44.5,1.5,nflverse_close,-110.0,-110.0,-115.0,-105.0,DraftKings,DraftKings,0,0,47.24991416571865,2.167414809598255,44.2,41.7,-0.3,-0.28366127014160014,-2.8,13.22,total_market,0.4914,-1.0,1.8,0.5,0.5002359867095947,3.3,12.77,margin_market,0.5156,Under,0.5085999999999999,-110.0,0.9090909090909091,-0.029,0.0,HOU,1.5,HOU +1.5,0.5156,-115.0,0.8695652173913043,-0.036,0.0,True,0.4688,0.5312,0.5,0.52,-0.0487,-0.0063,BUF,KXNFLGAME-26SEP13BUFHOU-BUF,True,,,0.4688,,,,,0.52,0.5312,-0.0063,BUF,,,,,HOU,True,True,,,,,,0.0,,,,,,0.0,44.5,0.5,0.4909,-0.0266,2.0,1.5,0.48,0.4224,-0.0751,2.0,False,1.932,2.037,-5.1,2.01,2.367,-15.1,1.861,1.883,-1.2,pass,pass,2026-09-13,2026-09-08T17:48:57,1.5,44.5,2026-09-09
2026_01_CHI_CAR,2026,1,REG,0,2026-09-13,"Sun Sep 13, 1:00 PM",2026-09-13T13:00:00-04:00,False,Sunday,CAR,CHI,NFC South,NFC North,False,False,0,,,Bryce Young,Caleb Williams,0.0,0.0,7.0,7.0,0.0,943.0,1,47.5,3.0,nflverse_close,-105.0,-115.0,-108.0,-112.0,DraftKings,DraftKings,0,0,43.15713641159189,-1.4311138923775901,47.4,46.9,-0.1,-0.05793457031249716,-0.6,13.22,total_market,0.4983,-2.5,0.0,0.5,0.4529977393336595,3.0,12.77,margin_market,0.5141,Under,0.5017,-115.0,0.8695652173913043,-0.062,0.0,CAR,3.0,CAR +3.0,0.5141,-108.0,0.9259259259259259,-0.01,0.0,True,0.4224,0.5776,0.41,0.6,-0.0045,-0.0392,CAR,KXNFLGAME-26SEP13CHICAR-CAR,True,,,0.4224,,,,,0.41,0.4224,-0.0045,CAR,,,,,CHI,True,True,,,,,,0.0,,,,,,0.0,47.5,0.48,0.497,-0.0005,1.0,2.5,0.55,0.5,-0.0673,1.0,False,2.01,2.012,-0.1,1.763,2.0,-11.9,2.342,2.367,-1.1,pass,pass,2026-09-13,2026-09-08T17:48:57,3.0,46.5,2026-09-09
2026_01_CLE_JAX,2026,1,REG,0,2026-09-13,"Sun Sep 13, 1:00 PM",2026-09-13T13:00:00-04:00,False,Sunday,JAX,CLE,AFC South,AFC North,False,False,0,,,Trevor Lawrence,Deshaun Watson,0.0,1.0,7.0,7.0,0.0,1243.4,0,40.5,-8.5,nflverse_close,-102.0,-118.0,-115.0,-105.0,DraftKings,DraftKings,0,0,41.19034968805222,9.326313643520878,41.0,45.9,0.5,0.5369522094726591,5.4,13.22,total_market,0.5162,8.6,8.8,0.1,0.05114536285400462,0.3,12.77,margin_market,0.5016,Over,0.5162,-102.0,0.9803921568627451,0.022,0.0,JAX,-8.5,JAX -8.5,0.5016,-115.0,0.8695652173913043,-0.062,0.0,True,0.7497,0.2503,0.81,0.2,-0.0711,0.0391,CLE,KXNFLGAME-26SEP13CLEJAC-CLE,True,,,0.7497,,,,,0.2,0.2503,0.0391,CLE,,,,,JAX,True,True,,,,,,0.0,,,,,,0.0,40.5,0.49,0.5151,0.0076,1.0,7.5,0.54,0.5343,-0.0231,2.0,False,1.97,1.941,1.5,1.794,1.872,-4.1,4.735,3.995,18.5,pass,pass,2026-09-13,2026-09-08T17:48:57,-8.5,40.5,2026-09-09
2026_01_NO_DET,2026,1,REG,0,2026-09-13,"Sun Sep 13, 1:00 PM",2026-09-13T13:00:00-04:00,False,Sunday,DET,NO,NFC North,NFC South,False,False,1,,,Jared Goff,Tyler Shough,0.0,0.0,7.0,7.0,0.0,1514.1,1,49.5,-7.0,nflverse_close,-115.0,-105.0,-110.0,-110.0,DraftKings,DraftKings,0,0,45.36979729589413,3.32253568992468,49.3,47.1,-0.2,-0.24411849975585653,-2.4,13.22,total_market,0.4926,6.9,6.1,-0.1,-0.13714442253112757,-0.9,12.77,margin_market,0.4957,Under,0.5074000000000001,-105.0,0.9523809523809523,-0.009,0.0,NO,7.0,NO +7.0,0.5043,-110.0,0.9090909090909091,-0.037,0.0,True,0.7055,0.2945,0.75,0.26,-0.0576,0.021,NO,KXNFLGAME-26SEP13NODET-NO,True,,,0.7055,,,,,0.26,0.2945,0.021,NO,,,,,NO,True,True,,,,,,0.0,,,,,,0.0,49.5,0.52,0.494,-0.0435,1.0,7.5,0.11,0.1297,0.0129,3.0,False,1.861,2.024,-8.1,8.558,7.71,11.0,3.657,3.396,7.7,pass,pass,2026-09-13,2026-09-08T17:48:57,-7.0,49.5,2026-09-09
2026_01_NYJ_TEN,2026,1,REG,0,2026-09-13,"Sun Sep 13, 1:00 PM",2026-09-13T13:00:00-04:00,False,Sunday,TEN,NYJ,AFC South,AFC East,False,False,0,,,Cam Ward,Geno Smith,0.0,1.0,7.0,7.0,0.0,1218.3,-1,39.5,-1.5,nflverse_close,-110.0,-110.0,-105.0,-115.0,DraftKings,DraftKings,0,0,47.236404812882455,7.20015183042814,39.8,42.1,0.3,0.2627357482910142,2.6,13.22,total_market,0.5079,0.7,-3.5,-0.8,-0.7527134299278259,-5.0,12.77,margin_market,0.4765,Over,0.5079,-110.0,0.9090909090909091,-0.03,0.0,NYJ,1.5,NYJ +1.5,0.5235000000000001,-115.0,0.8695652173913043,-0.021,0.0,True,0.5219,0.4781,0.52,0.49,-0.0156,-0.0294,TEN,KXNFLGAME-26SEP13NYJTEN-TEN,True,,,0.5219,,,,,0.52,0.5219,-0.0156,TEN,,,,,TEN,False,True,,,,,,0.0,,,,,,0.0,,,,,,1.5,0.48,0.475,-0.0224,1.0,False,,,,2.01,2.105,-4.5,1.861,1.916,-2.9,pass,thin,2026-09-13,2026-09-08T17:48:57,-1.5,38.5,2026-09-09
2026_01_TB_CIN,2026,1,REG,0,2026-09-13,"Sun Sep 13, 1:00 PM",2026-09-13T13:00:00-04:00,False,Sunday,CIN,TB,AFC North,NFC South,False,False,0,,,Joe Burrow,Baker Mayfield,0.0,0.0,7.0,7.0,0.0,1250.3,0,50.5,-3.5,nflverse_close,-108.0,-112.0,-118.0,-102.0,DraftKings,DraftKings,0,0,48.721586681054646,4.226384439215478,50.6,51.9,0.1,0.14232025146484517,1.4,13.22,total_market,0.5043,3.7,4.5,0.2,0.1518177509307863,1.0,12.77,margin_market,0.5047,Over,0.5043,-108.0,0.9259259259259259,-0.029,0.0,CIN,-3.5,CIN -3.5,0.5047,-118.0,0.847457627118644,-0.068,0.0,True,0.614,0.386,0.65,0.36,-0.0519,0.0099,TB,KXNFLGAME-26SEP13TBCIN-TB,True,,,0.614,,,,,0.36,0.386,0.0099,TB,,,,,TB,True,True,,,,,,0.0,,,,,,0.0,50.5,0.49,0.503,-0.0045,1.0,3.5,0.25,0.2864,0.0233,1.0,False,1.97,1.988,-0.9,3.8,3.492,8.8,2.659,2.591,2.6,pass,pass,2026-09-13,2026-09-08T17:48:57,-3.5,50.5,2026-09-09
2026_01_ARI_LAC,2026,1,REG,0,2026-09-13,"Sun Sep 13, 4:25 PM",2026-09-13T16:25:00-04:00,False,Sunday,LAC,ARI,AFC West,NFC West,False,False,1,,,Justin Herbert,Jacoby Brissett,0.0,0.0,7.0,7.0,0.0,563.8,-1,47.5,-9.5,nflverse_close,-105.0,-115.0,-110.0,-110.0,DraftKings,DraftKings,0,0,41.80217217047009,7.584854940251727,47.6,48.8,0.1,0.12844200134277628,1.3,13.22,total_market,0.5039,9.6,10.1,0.1,0.09017300605773926,0.6,12.77,margin_market,0.5028,Over,0.5039,-105.0,0.9523809523809523,-0.016,0.0,LAC,-9.5,LAC -9.5,0.5028,-110.0,0.9090909090909091,-0.04,0.0,True,0.7739,0.2261,0.81,0.19,-0.0469,0.0253,ARI,KXNFLGAME-26SEP13ARILAC-ARI,True,,,0.7739,,,,,0.19,0.2261,0.0253,ARI,,,,,ARI,False,True,,,,,,0.0,,,,,,0.0,,,,,,9.5,0.05,0.0674,0.014,1.0,False,,,,18.753,14.837,26.4,4.981,4.423,12.6,pass,pass,2026-09-13,2026-09-08T17:48:57,-9.5,47.5,2026-09-09
2026_01_GB_MIN,2026,1,REG,0,2026-09-13,"Sun Sep 13, 4:25 PM",2026-09-13T16:25:00-04:00,False,Sunday,MIN,GB,NFC North,NFC North,False,True,1,,,Kyler Murray,Jordan Love,1.0,0.0,7.0,7.0,0.0,413.6,0,46.5,-1.5,nflverse_close,-105.0,-115.0,-118.0,-102.0,DraftKings,DraftKings,0,0,38.735318716927566,4.782013729164316,46.2,43.1,-0.3,-0.3369777679443331,-3.4,13.22,total_market,0.4898,1.1,-1.2,-0.4,-0.40100551843643184,-2.7,12.77,margin_market,0.4875,Under,0.5102,-115.0,0.8695652173913043,-0.046,0.0,GB,1.5,GB +1.5,0.5125,-102.0,0.9803921568627451,0.015,0.0,True,0.5343,0.4657,0.55,0.46,-0.033,-0.0117,GB,KXNFLGAME-26SEP13GBMIN-GB,True,,,0.5343,,,,,0.46,0.4657,-0.0117,GB,,,,,MIN,True,True,,,,,,0.0,,,,,,0.0,46.5,0.49,0.4909,-0.0165,1.0,1.5,0.53,0.4875,-0.0599,1.0,False,1.97,2.037,-3.3,1.827,2.051,-10.9,2.095,2.147,-2.4,pass,pass,2026-09-13,2026-09-08T17:48:57,-1.5,46.5,2026-09-09
2026_01_MIA_LV,2026,1,REG,0,2026-09-13,"Sun Sep 13, 4:25 PM",2026-09-13T16:25:00-04:00,False,Sunday,LV,MIA,AFC West,AFC East,False,False,1,,,Kirk Cousins,Malik Willis,1.0,1.0,7.0,7.0,0.0,3493.3,-3,40.5,-3.0,nflverse_close,-110.0,-110.0,-110.0,-110.0,DraftKings,DraftKings,0,0,41.63346824111845,-0.35604732575154086,40.7,42.4,0.2,0.18640975952148153,1.9,13.22,total_market,0.5056,2.8,1.6,-0.2,-0.21230061650276166,-1.4,12.77,margin_market,0.4934,Over,0.5056,-110.0,0.9090909090909091,-0.035,0.0,MIA,3.0,MIA +3.0,0.5065999999999999,-110.0,0.9090909090909091,-0.033,0.0,True,0.5868,0.4132,0.61,0.4,-0.0399,-0.0036,MIA,KXNFLGAME-26SEP13MIALV-MIA,True,,,0.5868,,,,,0.4,0.4132,-0.0036,MIA,,,,,MIA,True,True,,,,,,0.0,,,,,,0.0,40.5,0.5,0.506,-0.0115,1.0,2.5,0.36,0.3391,-0.0371,1.0,False,1.932,1.976,-2.2,2.659,2.949,-9.8,2.399,2.42,-0.9,pass,pass,2026-09-13,2026-09-08T17:48:57,-3.5,41.5,2026-09-09
2026_01_WAS_PHI,2026,1,REG,0,2026-09-13,"Sun Sep 13, 4:25 PM",2026-09-13T16:25:00-04:00,False,Sunday,PHI,WAS,NFC East,NFC East,False,True,0,,,Jalen Hurts,Jayden Daniels,0.0,1.0,7.0,7.0,0.0,182.9,0,44.5,-6.0,nflverse_close,-105.0,-115.0,-112.0,-108.0,DraftKings,DraftKings,0,0,41.903900144129835,4.6417265047960425,44.4,43.4,-0.1,-0.1060306549072294,-1.1,13.22,total_market,0.4968,6.0,6.0,0.0,0.006154990196227672,0.0,12.77,margin_market,0.5002,Under,0.5032,-115.0,0.8695652173913043,-0.059,0.0,PHI,-6.0,PHI -6.0,0.5002,-112.0,0.8928571428571429,-0.053,0.0,True,0.6808,0.3192,0.7,0.3,-0.0339,0.0045,WAS,KXNFLGAME-26SEP13WASPHI-WAS,True,,,0.6808,,,,,0.3,0.3192,0.0045,WAS,,,,,WAS,True,True,,,,,,0.0,,,,,,0.0,44.5,0.47,0.497,0.0095,1.0,6.5,0.15,0.1638,0.0049,1.0,False,2.052,2.012,2.0,6.292,6.105,3.1,3.178,3.133,1.4,pass,pass,2026-09-13,2026-09-08T17:48:57,-5.5,44.5,2026-09-09
2026_01_DAL_NYG,2026,1,REG,0,2026-09-13,"Sun Sep 13, 8:20 PM",2026-09-13T20:20:00-04:00,False,Sunday,NYG,DAL,NFC East,NFC East,False,True,0,,,Jaxson Dart,Dak Prescott,0.0,0.0,7.0,7.0,0.0,2229.0,1,47.5,3.0,nflverse_close,-118.0,-102.0,-108.0,-112.0,DraftKings,DraftKings,0,0,51.64958871463918,5.260237061226449,47.3,45.2,-0.2,-0.22978553771972798,-2.3,13.22,total_market,0.4931,-3.1,-3.7,-0.1,-0.09918901920318612,-0.7,12.77,margin_market,0.4969,Under,0.5069,-102.0,0.9803921568627451,0.004,0.0,DAL,-3.0,DAL -3.0,0.5031,-112.0,0.8928571428571429,-0.048,0.0,True,0.4041,0.5959,0.4,0.61,-0.0127,-0.0308,NYG,KXNFLGAME-26SEP13DALNYG-NYG,True,,,0.4041,,,,,0.4,0.4041,-0.0127,NYG,,,,,NYG,False,True,,,,,,0.0,,,,,,0.0,,,,,,2.5,0.36,0.3305,-0.0456,1.0,False,,,,2.659,3.026,-12.1,2.399,2.475,-3.0,pass,pass,2026-09-13,2026-09-08T17:48:57,3.0,48.5,2026-09-09
2026_01_DEN_KC,2026,1,REG,0,2026-09-14,"Mon Sep 14, 8:15 PM",2026-09-14T20:15:00-04:00,False,Monday,KC,DEN,AFC West,AFC West,False,True,0,,,Patrick Mahomes,Bo Nix,1.0,1.0,7.0,7.0,0.0,908.1,1,43.5,-2.5,nflverse_close,-108.0,-112.0,-110.0,-110.0,DraftKings,DraftKings,0,0,38.187143608567624,-5.189263914527865,43.5,43.5,-0.0,-0.0030155181884765625,-0.0,13.22,total_market,0.4999,2.1,-0.2,-0.4,-0.40148546174168587,-2.7,12.77,margin_market,0.4875,Under,0.5001,-112.0,0.8928571428571429,-0.053,0.0,DEN,2.5,DEN +2.5,0.5125,-110.0,0.9090909090909091,-0.022,0.0,True,0.5653,0.4347,0.56,0.45,-0.0119,-0.0326,KC,KXNFLGAME-26SEP14DENKC-KC,True,,,0.5653,,,,,0.56,0.5653,-0.0119,KC,,,,,KC,True,True,,,,,,0.0,,,,,,0.0,43.5,0.5,0.5,-0.0175,1.0,2.5,0.5,0.4875,-0.03,1.0,False,1.932,2.0,-3.4,1.932,2.051,-5.8,1.732,1.769,-2.1,pass,pass,2026-09-13,2026-09-08T17:48:57,-3.0,43.5,2026-09-09
2026_02_DET_BUF,2026,2,REG,0,2026-09-17,"Thu Sep 17, 8:15 PM",2026-09-17T20:15:00-04:00,False,Thursday,BUF,DET,AFC East,NFC North,False,False,0,,,Josh Allen,Jared Goff,0.0,0.0,4.0,4.0,0.0,352.1,0,52.5,-3.0,nflverse_close,-105.0,-115.0,-115.0,-105.0,DraftKings,DraftKings,0,0,50.812969690152514,4.016644502006493,52.6,53.7,0.1,0.12240028381347656,1.2,13.22,total_market,0.5037,2.6,0.2,-0.4,-0.41458108574151975,-2.8,12.77,margin_market,0.4871,Over,0.5037,-105.0,0.9523809523809523,-0.017,0.0,DET,3.0,DET +3.0,0.5129,-105.0,0.9523809523809523,0.001,0.0,True,0.5807,0.4193,0.62,0.4,-0.0558,0.0025,DET,KXNFLGAME-26SEP17DETBUF-DET,True,,,0.5807,,,,,0.4,0.4193,0.0025,DET,,,,,DET,False,False,,,,,,0.0,,,,,,0.0,52.5,0.51,0.503,-0.0245,4.0,2.5,0.34,0.3448,-0.0109,5.0,False,1.896,1.988,-4.6,2.811,2.9,-3.1,2.399,2.385,0.6,pass,pass,2026-09-13,2026-09-08T17:48:57,-3.0,51.5,2026-09-10
2026_02_CAR_ATL,2026,2,REG,0,2026-09-20,"Sun Sep 20, 1:00 PM",2026-09-20T13:00:00-04:00,False,Sunday,ATL,CAR,NFC South,NFC South,False,True,0,,,Tua Tagovailoa,Bryce Young,1.0,0.0,7.0,7.0,0.0,363.9,0,42.5,-1.5,nflverse_close,-110.0,-110.0,-110.0,-110.0,DraftKings,DraftKings,0,0,42.843250685919415,2.98661871789729,42.2,39.1,-0.3,-0.34152374267578267,-3.4,13.22,total_market,0.4897,1.3,-0.1,-0.2,-0.24523384943604465,-1.6,12.77,margin_market,0.4923,Under,0.5103,-110.0,0.9090909090909091,-0.026,0.0,CAR,1.5,CAR +1.5,0.5077,-110.0,0.9090909090909091,-0.031,0.0,True,0.5405,0.4595,0.52,0.49,0.003,-0.048,ATL,KXNFLGAME-26SEP20CARATL-ATL,True,,,0.5405,,,,,0.52,0.5405,0.003,ATL,,,,,,False,False,,,,,,0.0,,,,,,0.0,,,,,,,,,,,False,,,,,,,1.861,1.85,0.6,pass,pass,2026-09-13,2026-09-08T17:48:57,-1.5,42.5,2026-09-13
2026_02_CIN_HOU,2026,2,REG,0,2026-09-20,"Sun Sep 20, 1:00 PM",2026-09-20T13:00:00-04:00,False,Sunday,HOU,CIN,AFC South,AFC North,False,False,0,,,C.J. Stroud,Joe Burrow,0.0,0.0,7.0,7.0,0.0,1445.0,-1,45.5,-2.5,nflverse_close,-110.0,-110.0,-118.0,-102.0,DraftKings,DraftKings,0,0,48.12860905030635,6.32664831958725,45.4,44.9,-0.1,-0.05698394775390625,-0.6,13.22,total_market,0.4983,2.3,1.4,-0.2,-0.17169195413589478,-1.1,12.77,margin_market,0.4946,Under,0.5017,-110.0,0.9090909090909091,-0.042,0.0,CIN,2.5,CIN +2.5,0.5054000000000001,-102.0,0.9803921568627451,0.001,0.0,True,0.5715,0.4285,0.57,0.45,-0.0157,-0.0388,HOU,KXNFLGAME-26SEP20CINHOU-HOU,True,,,0.5715,,,,,0.57,0.5715,-0.0157,HOU,,,,,,False,False,,,,,,0.0,,,,,,0.0,,,,,,,,,,,False,,,,,,,1.703,1.75,-2.7,pass,pass,2026-09-13,2026-09-08T17:48:57,-2.5,45.5,2026-09-13
2026_02_CLE_TB,2026,2,REG,0,2026-09-20,"Sun Sep 20, 1:00 PM",2026-09-20T13:00:00-04:00,False,Sunday,TB,CLE,NFC South,AFC North,False,False,0,,,Baker Mayfield,Deshaun Watson,0.0,1.0,7.0,7.0,0.0,1506.3,0,42.5,-6.5,nflverse_close,-110.0,-110.0,-110.0,-110.0,DraftKings,DraftKings,0,0,39.62767767251436,0.31250423324086163,42.8,45.2,0.3,0.2662513732910128,2.7,13.22,total_market,0.508,6.1,3.7,-0.4,-0.41905213594436663,-2.8,12.77,margin_market,0.4869,Over,0.508,-110.0,0.9090909090909091,-0.03,0.0,CLE,6.5,CLE +6.5,0.5131,-110.0,0.9090909090909091,-0.02,0.0,True,0.6836,0.3164,0.74,0.28,-0.0699,0.0223,CLE,KXNFLGAME-26SEP20CLETB-CLE,True,,,0.6836,,,,,0.28,0.3164,0.0223,CLE,,,,,,False,False,,,,,,0.0,,,,,,0.0,,,,,,,,,,,False,,,,,,,3.4,3.161,7.6,pass,pass,2026-09-13,2026-09-08T17:48:57,-6.5,42.5,2026-09-13
2026_02_GB_NYJ,2026,2,REG,0,2026-09-20,"Sun Sep 20, 1:00 PM",2026-09-20T13:00:00-04:00,False,Sunday,NYJ,GB,AFC East,NFC North,False,False,0,,,Geno Smith,Jordan Love,1.0,0.0,7.0,7.0,0.0,1213.2,1,42.5,5.5,nflverse_close,-110.0,-110.0,-110.0,-110.0,DraftKings,DraftKings,0,0,46.297827081751166,-7.393484079448801,42.4,41.2,-0.1,-0.13446655273437358,-1.3,13.22,total_market,0.4959,-5.7,-6.9,-0.2,-0.20492148399353027,-1.4,12.77,margin_market,0.4936,Under,0.5041,-110.0,0.9090909090909091,-0.038,0.0,GB,-5.5,GB -5.5,0.5064,-110.0,0.9090909090909091,-0.033,0.0,True,0.3277,0.6723,0.32,0.7,-0.0075,-0.0424,NYJ,KXNFLGAME-26SEP20GBNYJ-NYJ,True,,,0.3277,,,,,0.32,0.3277,-0.0075,NYJ,,,,,,False,False,,,,,,0.0,,,,,,0.0,,,,,,,,,,,False,,,,,,,2.983,3.052,-2.2,pass,pass,2026-09-13,2026-09-08T17:48:57,5.5,42.5,2026-09-13
2026_02_MIN_CHI,2026,2,REG,0,2026-09-20,"Sun Sep 20, 1:00 PM",2026-09-20T13:00:00-04:00,False,Sunday,CHI,MIN,NFC North,NFC North,False,True,0,,,Caleb Williams,Kyler Murray,0.0,1.0,7.0,7.0,0.0,571.9,0,45.5,-3.0,nflverse_close,-110.0,-110.0,-110.0,-110.0,DraftKings,DraftKings,0,0,37.95998764516261,1.1310718965185582,45.2,42.7,-0.3,-0.28029022216797017,-2.8,13.22,total_market,0.4915,3.0,2.7,-0.0,-0.044881117343902766,-0.3,12.77,margin_market,0.4986,Under,0.5085,-110.0,0.9090909090909091,-0.029,0.0,MIN,3.0,MIN +3.0,0.5014000000000001,-110.0,0.9090909090909091,-0.043,0.0,True,0.5929,0.4071,0.58,0.44,-0.0042,-0.0501,CHI,KXNFLGAME-26SEP20MINCHI-CHI,True,,,0.5929,,,,,0.58,0.5929,-0.0042,CHI,,,,,,False,False,,,,,,0.0,,,,,,0.0,,,,,,,,,,,False,,,,,,,1.675,1.687,-0.7,pass,pass,2026-09-13,2026-09-08T17:48:57,-3.0,45.5,2026-09-13
2026_02_NO_BAL,2026,2,REG,0,2026-09-20,"Sun Sep 20, 1:00 PM",2026-09-20T13:00:00-04:00,False,Sunday,BAL,NO,AFC North,NFC South,False,False,0,,,Lamar Jackson,Tyler Shough,0.0,0.0,7.0,7.0,0.0,1606.9,1,46.5,-7.5,nflverse_close,-110.0,-110.0,-110.0,-110.0,DraftKings,DraftKings,0,0,43.35323771988567,4.316844734046435,46.3,44.9,-0.2,-0.15936584472656534,-1.6,13.22,total_market,0.4952,7.6,7.9,0.1,0.0623160123825075,0.4,12.77,margin_market,0.5019,Under,0.5048,-110.0,0.9090909090909091,-0.036,0.0,BAL,-7.5,BAL -7.5,0.5019,-110.0,0.9090909090909091,-0.042,0.0,True,0.7241,0.2759,0.79,0.22,-0.0775,0.0439,NO,KXNFLGAME-26SEP20NOBAL-NO,False,,,0.7241,,,,,0.22,0.2759,0.0439,NO,,,,,,False,False,,,,,,0.0,,,,,,0.0,,,,,,,,,,,False,,,,,,,4.31,3.625,18.9,pass,pass,2026-09-13,2026-09-08T17:48:57,-7.5,46.5,2026-09-13
2026_02_PHI_TEN,2026,2,REG,0,2026-09-20,"Sun Sep 20, 1:00 PM",2026-09-20T13:00:00-04:00,False,Sunday,TEN,PHI,AFC South,NFC East,False,False,0,,,Cam Ward,Jalen Hurts,0.0,0.0,7.0,7.0,0.0,1096.8,-1,42.5,5.5,nflverse_close,-110.0,-110.0,-110.0,-110.0,DraftKings,DraftKings,0,0,42.35106883353835,-3.111006416454832,42.6,43.5,0.1,0.10091094970702841,1.0,13.22,total_market,0.503,-5.5,-5.3,0.0,0.03372366428375262,0.2,12.77,margin_market,0.5011,Over,0.503,-110.0,0.9090909090909091,-0.04,0.0,TEN,5.5,TEN +5.5,0.5011,-110.0,0.9090909090909091,-0.043,0.0,True,0.3333,0.6667,0.3,0.71,0.0186,-0.0577,TEN,KXNFLGAME-26SEP20PHITEN-TEN,False,,,0.3333,,,,,0.3,0.3333,0.0186,TEN,,,,,,False,False,,,,,,0.0,,,,,,0.0,,,,,,,,,,,False,,,,,,,3.178,3.0,5.9,pass,pass,2026-09-13,2026-09-08T17:48:57,5.5,42.5,2026-09-13
2026_02_PIT_NE,2026,2,REG,0,2026-09-20,"Sun Sep 20, 1:00 PM",2026-09-20T13:00:00-04:00,False,Sunday,NE,PIT,AFC East,AFC North,False,False,0,,,Drake Maye,Aaron Rodgers,0.0,0.0,11.0,7.0,4.0,753.5,0,43.5,-4.5,nflverse_close,-110.0,-110.0,-105.0,-115.0,DraftKings,DraftKings,1,0,38.72790679753231,9.625836137757535,43.9,47.5,0.4,0.4047698974609375,4.0,13.22,total_market,0.5122,4.7,5.6,0.2,0.16536483764648402,1.1,12.77,margin_market,0.5052,Over,0.5122,-110.0,0.9090909090909091,-0.022,0.0,NE,-4.5,NE -4.5,0.5052,-105.0,0.9523809523809523,-0.014,0.0,True,0.6436,0.3564,0.65,0.37,-0.0223,-0.0299,NE,KXNFLGAME-26SEP20PITNE-NE,True,,,0.6436,,,,,0.65,0.6436,-0.0223,NE,,,,,,False,False,,,,,,0.0,,,,,,0.0,,,,,,,,,,,False,,,,,,,1.502,1.554,-3.4,pass,pass,2026-09-13,2026-09-08T17:48:57,-4.5,43.5,2026-09-13
2026_02_JAX_DEN,2026,2,REG,0,2026-09-20,"Sun Sep 20, 4:05 PM",2026-09-20T16:05:00-04:00,False,Sunday,DEN,JAX,AFC West,AFC South,False,False,0,,,Bo Nix,Trevor Lawrence,1.0,0.0,6.0,7.0,-1.0,2362.9,-2,43.5,-3.0,nflverse_close,-110.0,-110.0,-110.0,-110.0,DraftKings,DraftKings,0,0,43.97271905228742,-0.8001861785046513,43.3,41.7,-0.2,-0.18417015075683452,-1.8,13.22,total_market,0.4944,3.0,3.2,0.0,0.023356711864471524,0.2,12.77,margin_market,0.5007,Under,0.5056,-110.0,0.9090909090909091,-0.035,0.0,DEN,-3.0,DEN -3.0,0.5007,-110.0,0.9090909090909091,-0.044,0.0,True,0.5929,0.4071,0.61,0.44,-0.0338,-0.0501,DEN,KXNFLGAME-26SEP20JACDEN-DEN,False,,,0.5929,,,,,0.61,0.5929,-0.0338,DEN,,,,,,False,False,,,,,,0.0,,,,,,0.0,,,,,,,,,,,False,,,,,,,1.596,1.687,-5.4,pass,pass,2026-09-13,2026-09-08T17:48:57,-3.0,43.5,2026-09-13
2026_02_LV_LAC,2026,2,REG,0,2026-09-20,"Sun Sep 20, 4:05 PM",2026-09-20T16:05:00-04:00,False,Sunday,LAC,LV,AFC West,AFC West,False,True,1,,,Justin Herbert,Kirk Cousins,0.0,1.0,7.0,7.0,0.0,372.9,0,42.5,-9.5,nflverse_close,-110.0,-110.0,-110.0,-110.0,DraftKings,DraftKings,0,0,37.308610830889315,8.66295001317826,42.8,45.6,0.3,0.30839691162109517,3.1,13.22,total_market,0.5093,9.8,11.3,0.3,0.2716966152191169,1.8,12.77,margin_market,0.5085,Over,0.5093,-110.0,0.9090909090909091,-0.028,0.0,LAC,-9.5,LAC -9.5,0.5085,-110.0,0.9090909090909091,-0.029,0.0,True,0.7786,0.2214,0.79,0.23,-0.023,-0.021,LV,KXNFLGAME-26SEP20LVLAC-LV,True,,,0.7786,,,,,0.23,0.2214,-0.021,LV,,,,,,False,False,,,,,,0.0,,,,,,0.0,,,,,,,,,,,False,,,,,,,4.125,4.517,-8.7,pass,pass,2026-09-13,2026-09-08T17:48:57,-9.5,42.5,2026-09-13
2026_02_MIA_SF,2026,2,REG,0,2026-09-20,"Sun Sep 20, 4:25 PM",2026-09-20T16:25:00-04:00,False,Sunday,SF,MIA,NFC West,AFC East,False,False,0,,,Brock Purdy,Malik Willis,0.0,1.0,10.0,7.0,3.0,4111.4,-3,45.5,-12.5,nflverse_close,,,,,,,1,0,44.414841840003035,12.704450336597068,45.6,46.8,0.1,0.1282554626464858,1.3,13.22,total_market,0.5039,13.3,17.6,0.8,0.7688956260681152,5.1,12.77,margin_market,0.524,Over,0.5039,,0.9090909090909091,-0.038,0.0,SF,-12.5,SF -12.5,0.524,,0.9090909090909091,0.0,0.0,True,0.8512,0.1488,0.87,0.15,-0.0267,-0.0101,MIA,KXNFLGAME-26SEP20MIASF-MIA,False,,,0.8512,,,,,0.15,0.1488,-0.0101,MIA,,,,,,False,False,,,,,,0.0,,,,,,0.0,,,,,,,,,,,False,,,,,,,6.292,6.72,-6.4,pass,thin,2026-09-13,2026-09-08T17:48:57,-12.5,45.5,2026-09-13
2026_02_WAS_DAL,2026,2,REG,0,2026-09-20,"Sun Sep 20, 4:25 PM",2026-09-20T16:25:00-04:00,False,Sunday,DAL,WAS,NFC East,NFC East,False,True,0,,,Dak Prescott,Jayden Daniels,0.0,1.0,7.0,7.0,0.0,1943.1,-1,51.5,-4.5,nflverse_close,-110.0,-110.0,-105.0,-115.0,DraftKings,DraftKings,0,0,52.06860582204391,0.4996906298867818,51.5,51.4,-0.0,-0.014234542846679688,-0.1,13.22,total_market,0.4996,4.2,2.3,-0.3,-0.33228220939636266,-2.2,12.77,margin_market,0.4896,Under,0.5004,-110.0,0.9090909090909091,-0.045,0.0,WAS,4.5,WAS +4.5,0.5104,-115.0,0.8695652173913043,-0.046,0.0,True,0.6289,0.3711,0.68,0.35,-0.0663,0.0052,WAS,KXNFLGAME-26SEP20WASDAL-WAS,True,,,0.6289,,,,,0.35,0.3711,0.0052,WAS,,,,,,False,False,,,,,,0.0,,,,,,0.0,,,,,,,,,,,False,,,,,,,2.733,2.695,1.4,pass,pass,2026-09-13,2026-09-08T17:48:57,-4.5,51.5,2026-09-13
2026_02_IND_KC,2026,2,REG,0,2026-09-20,"Sun Sep 20, 8:20 PM",2026-09-20T20:20:00-04:00,False,Sunday,KC,IND,AFC West,AFC South,False,False,0,,,Patrick Mahomes,Daniel Jones,1.0,1.0,6.0,7.0,-1.0,718.9,-1,47.5,-6.5,nflverse_close,-110.0,-110.0,-110.0,-110.0,DraftKings,DraftKings,0,0,44.60534419851456,-1.47810958272631,47.5,47.3,-0.0,-0.01622123718262003,-0.2,13.22,total_market,0.4995,6.4,6.0,-0.1,-0.08015484809875506,-0.5,12.77,margin_market,0.4975,Under,0.5005,-110.0,0.9090909090909091,-0.045,0.0,IND,6.5,IND +6.5,0.5025,-110.0,0.9090909090909091,-0.041,0.0,True,0.6919,0.3081,0.71,0.31,-0.0325,-0.0169,IND,KXNFLGAME-26SEP20INDKC-IND,True,,,0.6919,,,,,0.31,0.3081,-0.0169,IND,,,,,,False,False,,,,,,0.0,,,,,,0.0,,,,,,,,,,,False,,,,,,,3.077,3.246,-5.2,pass,pass,2026-09-13,2026-09-08T17:48:57,-6.5,47.5,2026-09-13
