season,team,ret_ppa,ret_pass_pct,ret_rush_pct,ret_usage
2014,Air Force,96.7,0.417,0.453,0.684
2014,Akron,168.8,1.0,0.48,0.952
2014,Alabama,197.4,0.021,0.915,0.589
2014,Arizona,91.4,0.0,-0.018,0.142
2014,Arizona State,243.5,0.953,0.668,0.713
2014,Arkansas,140.0,0.921,0.941,0.856
2014,Arkansas State,84.5,-0.013,0.325,0.335
2014,Army,173.2,1.0,0.974,0.946
2014,Auburn,233.2,1.0,0.662,0.68
2014,Ball State,-15.5,-0.029,1.195,0.342
2014,Baylor,376.6,1.001,0.497,0.738
2014,Boise State,221.1,0.398,1.43,0.661
2014,Boston College,42.3,-0.005,3.5,0.181
2014,Bowling Green,113.8,-1.0,1.019,0.642
2014,Buffalo,150.7,1.01,-0.113,0.512
2014,BYU,191.7,1.109,0.982,0.861
2014,California,290.2,1.043,0.326,0.742
2014,Central Michigan,232.1,0.981,0.627,0.858
2014,Cincinnati,158.1,0.101,-0.638,0.44
2014,Clemson,115.3,0.161,-0.105,0.288
2014,Colorado,126.0,0.942,0.872,0.718
2014,Colorado State,232.0,1.0,0.293,0.572
2014,Duke,265.2,0.728,0.358,0.728
2014,East Carolina,386.3,1.0,0.527,0.744
2014,Eastern Michigan,120.1,0.137,0.714,0.659
2014,Florida,89.8,0.413,1.73,0.639
2014,Florida Atlantic,161.9,1.007,76.667,0.711
2014,Florida International,83.9,1.867,0.558,0.584
2014,Florida State,281.2,1.0,0.595,0.621
2014,Fresno State,148.3,-0.021,0.717,0.385
2014,Georgia,210.8,0.283,0.013,0.528
2014,Georgia State,144.4,0.957,-0.181,0.7
2014,Georgia Tech,101.9,-0.111,0.434,0.367
2014,Hawai'i,72.5,-0.343,0.552,0.5
2014,Houston,252.7,0.965,0.714,0.884
2014,Idaho,151.4,1.766,0.713,0.575
2014,Illinois,88.7,0.019,0.316,0.387
2014,Indiana,161.4,0.797,0.404,0.546
2014,Iowa,182.3,1.0,1.115,0.952
2014,Iowa State,170.2,0.916,1.272,0.788
2014,Kansas,63.1,4.889,0.031,0.322
2014,Kansas State,228.7,0.792,0.41,0.506
2014,Kent State,150.0,1.016,0.418,0.775
2014,Kentucky,115.9,0.355,-0.748,0.525
2014,Louisiana,259.7,1.016,1.063,0.919
2014,Louisiana Tech,123.0,0.76,1.05,0.683
2014,Louisville,182.6,0.01,-0.2,0.373
2014,LSU,38.2,0.012,-0.014,0.25
2014,Marshall,307.5,0.982,0.814,0.691
2014,Maryland,246.2,1.0,0.673,0.946
2014,Massachusetts,74.4,0.355,0.706,0.692
2014,Memphis,187.9,1.012,0.082,0.888
2014,Miami,108.1,0.171,0.913,0.456
2014,Miami (OH),58.4,-5.636,0.741,0.627
2014,Michigan,214.5,1.006,0.18,0.696
2014,Michigan State,274.4,1.067,0.778,0.969
2014,Middle Tennessee,119.4,0.02,1.654,0.514
2014,Minnesota,150.9,0.436,0.168,0.652
2014,Mississippi State,315.9,0.69,2.359,0.737
2014,Missouri,101.0,0.43,0.359,0.373
2014,Navy,140.5,1.0,0.728,0.882
2014,NC State,58.1,0.024,-0.742,0.337
2014,Nebraska,156.9,0.15,0.947,0.666
2014,Nevada,222.3,1.015,-1.658,0.777
2014,New Mexico,171.0,1.07,0.758,0.727
2014,New Mexico State,129.4,-0.049,1.815,0.351
2014,North Carolina,177.5,0.425,0.651,0.628
2014,Northern Illinois,212.5,0.045,0.54,0.432
2014,North Texas,47.1,0.045,5.433,0.287
2014,Northwestern,206.2,0.76,1.186,0.647
2014,Notre Dame,108.7,0.0,0.542,0.627
2014,Ohio,61.6,0.031,-0.02,0.211
2014,Ohio State,185.3,0.802,0.455,0.571
2014,Oklahoma,156.2,1.064,0.88,0.522
2014,Oklahoma State,139.5,0.359,-4.1,0.472
2014,Ole Miss,229.9,1.062,0.325,0.749
2014,Oregon,292.0,1.019,0.831,0.807
2014,Oregon State,274.6,0.986,1.024,0.805
2014,Penn State,164.0,0.967,0.814,0.85
2014,Pittsburgh,161.6,0.031,0.349,0.548
2014,Purdue,187.1,0.813,1.115,0.748
2014,Rice,100.7,-0.118,0.215,0.253
2014,Rutgers,164.7,0.524,0.992,0.792
2014,San Diego State,181.3,1.098,1.646,0.575
2014,San José State,144.6,-0.005,0.614,0.424
2014,SMU,87.2,0.145,-0.607,0.37
2014,South Alabama,164.3,0.153,0.335,0.489
2014,South Carolina,198.4,0.257,0.403,0.57
2014,Southern Miss,112.4,0.357,0.315,0.581
2014,South Florida,139.2,1.216,0.283,0.486
2014,Stanford,248.9,1.0,0.6,0.568
2014,Syracuse,193.1,0.849,3.392,0.593
2014,TCU,88.2,0.773,0.959,0.592
2014,Temple,125.9,1.319,0.823,0.86
2014,Tennessee,143.8,1.168,1.183,0.649
2014,Texas,108.7,-0.166,0.413,0.565
2014,Texas A&M,109.7,0.04,0.244,0.28
2014,Texas State,104.5,0.641,0.725,0.681
2014,Texas Tech,235.9,0.495,0.848,0.56
2014,Toledo,119.9,1.0,0.517,0.59
2014,Troy,148.7,0.059,0.59,0.415
2014,Tulane,149.3,1.035,1.854,0.709
2014,Tulsa,52.2,0.127,0.458,0.321
2014,UAB,87.3,0.0,0.357,0.289
2014,UCF,157.5,-0.017,-1.197,0.334
2014,UCLA,288.3,0.998,1.096,0.882
2014,UConn,194.8,1.0,0.367,0.76
2014,UL Monroe,138.3,0.208,-4.125,0.42
2014,UNLV,160.9,-0.109,0.209,0.331
2014,USC,219.6,0.918,-0.096,0.759
2014,Utah,143.2,1.0,2.542,0.68
2014,Utah State,168.9,1.001,0.075,0.562
2014,UTEP,138.3,0.967,0.421,0.819
2014,UTSA,200.0,0.026,0.333,0.478
2014,Vanderbilt,22.0,-0.013,-0.04,0.429
2014,Virginia,181.1,1.0,0.559,0.926
2014,Virginia Tech,174.9,0.036,0.779,0.459
2014,Wake Forest,49.4,-0.025,1.01,0.251
2014,Washington,119.9,0.058,0.107,0.306
2014,Washington State,383.2,1.087,-1.25,0.909
2014,Western Kentucky,281.9,1.021,-0.054,0.657
2014,Western Michigan,100.3,-7.565,4.842,0.577
2014,West Virginia,169.0,0.832,0.917,0.683
2014,Wisconsin,149.3,1.087,0.626,0.617
2014,Wyoming,81.1,-0.047,0.367,0.275
2015,Air Force,201.2,0.134,0.686,0.646
2015,Akron,69.4,1.304,1.003,0.758
2015,Alabama,137.2,0.101,0.281,0.251
2015,App State,402.8,0.994,0.972,0.93
2015,Arizona,399.3,1.0,0.949,0.861
2015,Arizona State,217.1,0.408,0.656,0.536
2015,Arkansas,316.0,0.965,0.863,0.942
2015,Arkansas State,375.7,1.023,1.011,0.96
2015,Army,46.1,0.871,0.166,0.278
2015,Auburn,87.1,0.254,0.142,0.157
2015,Ball State,147.1,0.43,-0.223,0.521
2015,Baylor,416.0,0.314,0.817,0.549
2015,Boise State,198.9,0.274,0.15,0.259
2015,Boston College,49.2,-0.025,0.049,0.483
2015,Bowling Green,272.6,0.928,0.957,0.839
2015,Buffalo,373.7,1.0,1.0,0.939
2015,BYU,266.7,0.326,0.701,0.53
2015,California,467.6,1.002,0.985,0.936
2015,Central Michigan,265.7,0.983,0.566,0.575
2015,Cincinnati,445.9,0.854,0.845,0.892
2015,Clemson,305.4,0.797,0.391,0.632
2015,Colorado,316.3,0.985,1.08,0.839
2015,Colorado State,263.9,0.013,0.316,0.414
2015,Duke,105.3,0.218,0.652,0.37
2015,East Carolina,98.0,0.021,0.442,0.246
2015,Eastern Michigan,64.7,-3.175,2.615,0.49
2015,Florida,108.1,0.634,0.262,0.426
2015,Florida Atlantic,137.3,1.168,1.284,0.641
2015,Florida International,78.3,0.99,0.942,0.855
2015,Florida State,134.2,0.144,0.419,0.372
2015,Fresno State,110.2,0.04,0.525,0.302
2015,Georgia,200.2,0.23,0.927,0.558
2015,Georgia Southern,224.3,1.0,0.745,0.79
2015,Georgia State,263.0,0.988,0.171,0.802
2015,Georgia Tech,229.9,0.888,0.419,0.413
2015,Hawai'i,152.0,0.826,0.618,0.778
2015,Houston,253.4,0.731,0.967,0.642
2015,Idaho,105.4,0.547,0.566,0.584
2015,Illinois,236.5,0.768,-0.265,0.555
2015,Indiana,59.6,0.766,0.177,0.471
2015,Iowa,116.9,0.145,0.038,0.356
2015,Iowa State,165.1,0.732,1.17,0.657
2015,Kansas,56.3,0.844,-0.297,0.543
2015,Kansas State,68.6,0.063,0.427,0.233
2015,Kent State,76.0,1.019,0.786,0.752
2015,Kentucky,178.3,0.933,0.972,0.818
2015,Louisiana,198.1,0.459,0.476,0.369
2015,Louisiana Tech,206.5,0.039,0.658,0.519
2015,Louisville,227.2,0.816,0.947,0.619
2015,LSU,194.1,0.907,0.713,0.77
2015,Marshall,253.4,0.091,0.619,0.347
2015,Maryland,55.5,0.341,0.22,0.34
2015,Massachusetts,327.4,0.954,1.186,0.885
2015,Memphis,262.3,0.84,0.718,0.769
2015,Miami,213.5,0.853,1.111,0.844
2015,Miami (OH),94.8,-0.01,-0.346,0.266
2015,Michigan,89.7,-0.695,0.718,0.434
2015,Michigan State,336.2,0.963,0.232,0.576
2015,Middle Tennessee,243.2,1.005,0.885,0.8
2015,Minnesota,120.9,0.706,0.665,0.495
2015,Mississippi State,368.1,0.981,0.656,0.703
2015,Missouri,160.3,0.836,0.768,0.649
2015,Navy,230.6,1.056,0.68,0.702
2015,NC State,289.4,1.005,0.917,0.804
2015,Nebraska,230.7,0.947,0.432,0.696
2015,Nevada,137.7,0.087,0.251,0.442
2015,New Mexico,190.9,1.246,0.906,0.847
2015,New Mexico State,204.2,1.0,1.303,0.836
2015,North Carolina,360.1,0.958,1.0,0.95
2015,Northern Illinois,315.6,0.898,0.725,0.668
2015,North Texas,111.1,-2.464,0.479,0.64
2015,Northwestern,77.7,0.236,0.322,0.442
2015,Notre Dame,190.8,0.138,0.742,0.407
2015,Ohio,184.1,0.933,0.943,0.897
2015,Ohio State,490.7,0.781,0.963,0.913
2015,Oklahoma,331.5,0.974,0.876,0.866
2015,Oklahoma State,203.3,0.514,0.242,0.443
2015,Old Dominion,172.1,0.059,0.487,0.341
2015,Ole Miss,189.3,0.112,0.959,0.445
2015,Oregon,353.9,0.275,0.496,0.56
2015,Oregon State,93.2,0.087,-0.154,0.203
2015,Penn State,133.1,0.816,3.609,0.789
2015,Pittsburgh,289.8,0.926,0.913,0.875
2015,Purdue,104.8,0.605,0.375,0.449
2015,Rice,296.0,0.963,1.015,0.899
2015,Rutgers,162.4,-0.097,0.637,0.609
2015,San Diego State,174.9,-0.503,0.988,0.62
2015,San José State,247.5,0.844,1.191,0.806
2015,SMU,60.1,0.581,1.327,0.753
2015,South Alabama,67.9,-0.472,0.341,0.363
2015,South Carolina,157.8,0.121,0.528,0.284
2015,Southern Miss,168.8,0.84,1.057,0.816
2015,South Florida,68.5,0.053,-0.917,0.584
2015,Stanford,289.8,0.946,1.049,0.774
2015,Syracuse,101.0,2.234,0.953,0.638
2015,TCU,454.4,0.933,0.829,0.842
2015,Temple,58.1,1.235,0.557,0.699
2015,Tennessee,206.6,0.899,1.082,0.602
2015,Texas,108.1,0.851,1.306,0.63
2015,Texas A&M,263.4,0.237,0.547,0.594
2015,Texas State,320.6,0.962,0.779,0.802
2015,Texas Tech,403.8,0.879,0.845,0.877
2015,Toledo,419.0,0.971,0.921,0.912
2015,Troy,192.5,0.965,0.989,0.797
2015,Tulane,102.2,1.252,0.981,0.781
2015,Tulsa,244.0,1.0,1.0,0.986
2015,UAB,0.7,0.0,0.0,0.001
2015,UCF,139.1,0.825,-40.667,0.698
2015,UCLA,193.8,0.318,0.532,0.516
2015,UConn,32.8,0.083,14.692,0.443
2015,UL Monroe,88.0,0.067,1.396,0.297
2015,UNLV,203.9,1.875,0.717,0.677
2015,USC,260.9,0.905,0.01,0.567
2015,Utah,202.4,0.826,1.037,0.873
2015,Utah State,142.3,0.229,0.701,0.523
2015,UTEP,71.7,0.328,0.473,0.397
2015,UTSA,58.8,-1.967,3.825,0.423
2015,Vanderbilt,110.4,-129.5,1.185,0.767
2015,Virginia,147.0,0.417,2.609,0.376
2015,Virginia Tech,240.0,0.89,1.034,0.936
2015,Wake Forest,10.1,4.313,0.799,0.744
2015,Washington,174.8,0.059,0.384,0.463
2015,Washington State,228.2,0.342,0.337,0.459
2015,Western Kentucky,564.9,1.003,0.937,0.882
2015,Western Michigan,440.3,1.0,0.978,0.929
2015,West Virginia,150.2,0.155,0.743,0.421
2015,Wisconsin,226.0,0.904,0.368,0.623
2015,Wyoming,114.5,0.075,0.56,0.493
2016,Air Force,211.8,0.347,0.801,0.625
2016,Akron,181.5,0.978,0.439,0.548
2016,Alabama,148.2,0.15,-0.179,0.279
2016,App State,305.4,0.898,0.878,0.862
2016,Arizona,261.0,0.893,0.552,0.601
2016,Arizona State,159.5,0.027,0.651,0.39
2016,Arkansas,229.6,0.117,0.2,0.3
2016,Arkansas State,119.7,0.0,0.533,0.301
2016,Army,189.3,1.023,0.809,0.521
2016,Auburn,182.5,1.0,0.428,0.488
2016,Ball State,152.6,1.0,1.032,0.952
2016,Baylor,388.3,0.486,0.808,0.605
2016,Boise State,394.1,0.985,0.741,0.771
2016,Boston College,95.8,1.143,1.243,0.869
2016,Bowling Green,142.2,0.431,0.957,0.483
2016,Buffalo,68.5,0.0,-0.087,0.266
2016,BYU,325.7,0.981,0.916,0.748
2016,California,90.0,0.078,0.535,0.283
2016,Central Michigan,364.2,1.01,-0.107,0.853
2016,Charlotte,65.3,1.0,1.392,0.833
2016,Cincinnati,292.3,0.86,0.742,0.643
2016,Clemson,555.6,0.956,0.984,0.89
2016,Colorado,252.4,0.894,1.153,0.701
2016,Colorado State,194.9,0.949,0.522,0.611
2016,Duke,214.7,0.9,0.953,0.753
2016,East Carolina,141.7,0.133,0.808,0.392
2016,Eastern Michigan,160.7,0.987,0.257,0.583
2016,Florida,94.3,0.119,-0.023,0.218
2016,Florida Atlantic,69.8,0.496,0.035,0.489
2016,Florida International,187.7,0.964,0.981,0.827
2016,Florida State,356.4,0.441,1.058,0.749
2016,Fresno State,57.9,-0.23,0.182,0.286
2016,Georgia,244.2,0.983,0.873,0.802
2016,Georgia Southern,205.2,1.0,1.043,0.927
2016,Georgia State,202.9,0.009,0.971,0.505
2016,Georgia Tech,204.8,0.974,0.842,0.855
2016,Hawai'i,129.6,-1.302,0.744,0.712
2016,Houston,386.9,0.947,0.747,0.615
2016,Idaho,184.5,0.892,0.405,0.603
2016,Illinois,119.7,0.988,0.186,0.71
2016,Indiana,191.0,0.073,0.009,0.47
2016,Iowa,314.7,0.965,0.871,0.744
2016,Iowa State,175.2,0.505,0.829,0.573
2016,Kansas,121.9,0.913,-0.144,0.759
2016,Kansas State,179.4,0.725,0.909,0.775
2016,Kent State,5.1,1.0,0.945,0.828
2016,Kentucky,215.7,0.031,0.743,0.648
2016,Louisiana,162.7,0.204,0.859,0.625
2016,Louisiana Tech,171.8,0.05,0.126,0.307
2016,Louisville,354.1,1.0,0.972,0.992
2016,LSU,347.9,0.895,0.97,0.956
2016,Marshall,201.8,1.049,0.255,0.655
2016,Maryland,142.7,0.453,0.766,0.799
2016,Massachusetts,44.8,0.188,0.536,0.226
2016,Memphis,169.7,0.015,0.241,0.336
2016,Miami,309.2,0.947,0.883,0.866
2016,Miami (OH),160.2,0.276,0.611,0.841
2016,Michigan,202.0,0.202,0.284,0.531
2016,Michigan State,92.6,-0.002,0.449,0.46
2016,Middle Tennessee,363.3,0.973,0.552,0.737
2016,Minnesota,238.6,1.0,1.303,0.949
2016,Mississippi State,169.4,0.19,0.219,0.397
2016,Missouri,55.8,9.5,-6.0,0.623
2016,Navy,108.7,0.127,0.205,0.203
2016,NC State,173.5,0.086,0.56,0.525
2016,Nebraska,399.0,1.002,0.724,0.846
2016,Nevada,290.7,0.964,0.823,0.789
2016,New Mexico,191.6,1.045,0.722,0.758
2016,New Mexico State,117.0,0.385,0.816,0.574
2016,North Carolina,343.6,0.411,0.56,0.471
2016,Northern Illinois,298.3,0.949,1.057,0.87
2016,North Texas,6.2,-0.002,-0.112,0.133
2016,Northwestern,110.5,1.012,0.953,0.848
2016,Notre Dame,246.8,0.906,0.71,0.688
2016,Ohio,195.7,-0.006,0.666,0.453
2016,Ohio State,87.4,0.051,0.362,0.285
2016,Oklahoma,442.7,0.895,0.958,0.805
2016,Oklahoma State,390.3,0.886,-0.287,0.753
2016,Old Dominion,245.9,1.0,1.002,0.968
2016,Ole Miss,460.5,0.944,0.987,0.723
2016,Oregon,299.1,0.079,0.905,0.514
2016,Oregon State,112.9,1.493,0.991,0.688
2016,Penn State,177.8,0.251,0.585,0.521
2016,Pittsburgh,230.7,1.061,0.81,0.723
2016,Purdue,177.3,0.368,0.854,0.711
2016,Rice,129.1,-0.015,0.512,0.545
2016,Rutgers,225.9,0.815,0.765,0.828
2016,San Diego State,191.6,0.335,0.621,0.538
2016,San José State,253.6,0.71,0.506,0.5
2016,SMU,263.2,1.071,0.931,0.89
2016,South Alabama,125.1,0.069,1.073,0.449
2016,South Carolina,165.6,0.876,0.737,0.564
2016,Southern Miss,342.7,0.959,0.426,0.613
2016,South Florida,332.3,0.874,0.979,0.949
2016,Stanford,203.3,0.112,0.427,0.478
2016,Syracuse,181.5,1.149,1.192,0.914
2016,TCU,145.4,0.078,0.057,0.295
2016,Temple,187.9,0.967,0.324,0.831
2016,Tennessee,327.1,1.018,1.018,0.909
2016,Texas,181.9,1.0,0.988,0.773
2016,Texas A&M,178.7,0.266,0.14,0.396
2016,Texas State,80.4,1.051,0.536,0.527
2016,Texas Tech,436.9,0.843,0.559,0.696
2016,Toledo,218.5,0.063,1.032,0.579
2016,Troy,163.5,0.868,-45.5,0.533
2016,Tulane,110.4,0.153,2.357,0.411
2016,Tulsa,325.6,0.964,0.682,0.691
2016,UCF,102.6,0.522,0.737,0.784
2016,UCLA,263.2,0.977,0.456,0.616
2016,UConn,209.0,0.992,2.492,0.887
2016,UL Monroe,201.6,1.135,-0.607,0.658
2016,UNLV,149.2,-0.136,0.75,0.543
2016,USC,328.5,0.186,0.631,0.543
2016,Utah,96.5,0.091,-0.059,0.232
2016,Utah State,176.7,0.842,0.783,0.642
2016,UTEP,137.7,0.929,2.229,0.769
2016,UTSA,152.7,0.393,1.022,0.689
2016,Vanderbilt,65.4,-0.714,0.016,0.65
2016,Virginia,236.5,0.936,0.918,0.877
2016,Virginia Tech,253.4,0.547,0.996,0.675
2016,Wake Forest,137.8,0.94,1.0,0.927
2016,Washington,246.6,0.98,0.96,0.767
2016,Washington State,441.1,1.004,0.998,0.836
2016,Western Kentucky,261.6,0.077,1.11,0.415
2016,Western Michigan,407.1,1.0,0.995,0.87
2016,West Virginia,277.9,1.0,0.502,0.754
2016,Wisconsin,93.1,0.126,0.026,0.512
2016,Wyoming,187.6,-0.108,0.886,0.7
2017,Air Force,211.3,0.921,0.66,0.556
2017,Akron,170.2,0.871,0.973,0.726
2017,Alabama,315.7,0.71,1.001,0.791
2017,App State,210.4,1.092,0.566,0.729
2017,Arizona,163.6,0.633,0.953,0.745
2017,Arizona State,231.1,0.931,1.119,0.875
2017,Arkansas,276.0,0.858,0.279,0.544
2017,Arkansas State,262.4,0.853,0.396,0.77
2017,Army,204.2,0.896,0.808,0.84
2017,Auburn,183.2,-0.022,0.665,0.552
2017,Ball State,195.5,0.902,0.908,0.772
2017,Baylor,207.3,0.505,0.451,0.493
2017,Boise State,336.5,0.89,0.229,0.536
2017,Boston College,74.4,-0.037,7.405,0.555
2017,Bowling Green,111.0,0.229,0.705,0.634
2017,Buffalo,69.2,0.543,0.551,0.552
2017,BYU,101.4,0.382,0.052,0.255
2017,California,176.0,0.169,0.662,0.351
2017,Central Michigan,227.4,0.182,0.841,0.418
2017,Charlotte,112.2,1.281,0.948,0.527
2017,Cincinnati,185.2,0.802,-0.093,0.613
2017,Clemson,148.4,0.085,0.043,0.229
2017,Colorado,306.0,0.373,0.696,0.671
2017,Colorado State,348.4,0.943,0.902,0.873
2017,Duke,230.8,1.0,0.881,0.809
2017,East Carolina,193.2,0.385,0.157,0.42
2017,Eastern Michigan,387.7,0.782,0.857,0.831
2017,Florida,192.4,0.706,0.81,0.727
2017,Florida Atlantic,237.0,1.0,0.981,0.965
2017,Florida International,151.9,0.954,1.0,0.931
2017,Florida State,295.1,0.842,0.459,0.562
2017,Fresno State,170.8,0.981,-1.394,0.609
2017,Georgia,247.5,0.867,0.92,0.895
2017,Georgia Southern,84.9,0.153,0.388,0.2
2017,Georgia State,180.1,0.953,1.0,0.855
2017,Georgia Tech,159.0,-0.001,0.405,0.347
2017,Hawai'i,230.2,0.736,0.612,0.634
2017,Houston,186.7,0.148,0.086,0.486
2017,Idaho,158.9,0.937,0.782,0.81
2017,Illinois,82.3,0.025,0.819,0.541
2017,Indiana,227.3,0.943,2.797,0.609
2017,Iowa,68.5,0.038,0.26,0.264
2017,Iowa State,346.7,1.0,0.905,0.944
2017,Kansas,67.9,0.485,0.392,0.435
2017,Kansas State,274.6,0.837,0.945,0.789
2017,Kent State,131.2,0.0,1.023,0.903
2017,Kentucky,207.5,0.981,0.593,0.654
2017,Louisiana,47.5,0.196,-0.111,0.252
2017,Louisiana Tech,168.2,0.02,0.658,0.331
2017,Louisville,391.9,0.801,0.856,0.699
2017,LSU,242.0,0.994,0.798,0.685
2017,Marshall,72.7,1.0,1.051,0.74
2017,Maryland,108.2,0.122,0.712,0.422
2017,Massachusetts,219.1,1.02,0.914,0.848
2017,Memphis,470.2,0.914,1.114,0.9
2017,Miami,132.5,0.052,0.684,0.324
2017,Miami (OH),340.8,0.951,1.108,0.854
2017,Michigan,248.9,0.821,0.684,0.619
2017,Michigan State,62.5,0.037,0.703,0.441
2017,Middle Tennessee,423.1,0.95,0.366,0.724
2017,Minnesota,95.3,0.156,0.493,0.511
2017,Mississippi State,291.0,0.852,0.97,0.758
2017,Missouri,336.1,0.914,0.918,0.881
2017,Navy,131.0,0.134,0.276,0.295
2017,NC State,333.2,1.0,0.655,0.72
2017,Nebraska,59.0,0.052,-0.132,0.241
2017,Nevada,142.9,0.489,0.128,0.382
2017,New Mexico,217.7,0.541,0.539,0.615
2017,New Mexico State,198.6,0.613,0.718,0.835
2017,North Carolina,80.0,0.081,-0.177,0.127
2017,Northern Illinois,137.8,0.403,0.411,0.399
2017,North Texas,70.5,0.521,0.634,0.477
2017,Northwestern,220.8,1.044,1.142,0.872
2017,Notre Dame,200.6,0.076,0.553,0.388
2017,Ohio,107.5,0.426,0.34,0.51
2017,Ohio State,256.4,0.738,0.718,0.766
2017,Oklahoma,432.8,0.899,0.269,0.526
2017,Oklahoma State,418.5,0.973,0.465,0.762
2017,Old Dominion,202.6,0.067,0.913,0.536
2017,Ole Miss,133.5,0.113,0.311,0.369
2017,Oregon,231.7,0.48,0.822,0.658
2017,Oregon State,115.0,-7.346,0.879,0.636
2017,Penn State,402.1,0.938,0.967,0.925
2017,Pittsburgh,184.8,0.03,0.595,0.365
2017,Purdue,171.2,0.689,1.306,0.779
2017,Rice,88.6,0.212,0.475,0.313
2017,Rutgers,33.8,1.108,1.886,0.532
2017,San Diego State,263.3,0.968,0.449,0.609
2017,San José State,119.7,0.205,0.465,0.325
2017,SMU,285.4,0.925,0.926,0.891
2017,South Alabama,166.8,0.806,0.821,0.628
2017,South Carolina,213.3,0.652,0.907,0.695
2017,Southern Miss,248.6,0.012,0.793,0.578
2017,South Florida,376.0,0.883,0.715,0.731
2017,Stanford,158.5,1.0,0.305,0.65
2017,Syracuse,239.0,0.986,1.093,0.805
2017,TCU,417.9,1.073,1.001,0.872
2017,Temple,242.9,0.029,0.804,0.429
2017,Tennessee,81.6,0.035,0.118,0.247
2017,Texas,238.3,0.963,0.257,0.639
2017,Texas A&M,139.6,0.288,0.521,0.466
2017,Texas State,113.4,0.124,0.0,0.238
2017,Texas Tech,235.9,0.112,0.27,0.402
2017,Toledo,396.6,0.968,0.19,0.606
2017,Troy,240.4,1.0,0.991,0.986
2017,Tulane,10.1,1.0,0.169,0.862
2017,Tulsa,134.8,0.036,0.34,0.299
2017,UCF,95.2,1.167,-0.039,0.684
2017,UCLA,246.5,0.676,2.135,0.67
2017,UConn,96.1,1.16,0.951,0.73
2017,UL Monroe,136.0,1.0,1.041,0.905
2017,UNLV,214.9,0.537,0.629,0.773
2017,USC,364.2,0.928,0.728,0.67
2017,Utah,176.4,1.0,0.357,0.673
2017,Utah State,148.3,1.0,0.758,0.744
2017,UTEP,69.3,0.817,0.271,0.582
2017,UTSA,273.5,0.791,0.953,0.712
2017,Vanderbilt,253.0,0.975,0.84,0.943
2017,Virginia,148.7,2.713,0.104,0.551
2017,Virginia Tech,107.3,0.044,-0.041,0.249
2017,Wake Forest,181.6,2.5,1.038,0.947
2017,Washington,486.8,0.914,0.98,0.872
2017,Washington State,437.6,0.947,0.971,0.847
2017,Western Kentucky,255.6,1.003,0.038,0.558
2017,Western Michigan,130.6,0.027,0.654,0.421
2017,West Virginia,125.2,0.052,0.626,0.337
2017,Wisconsin,234.5,0.45,0.765,0.461
2017,Wyoming,232.6,0.979,0.772,0.465
2018,Air Force,195.1,0.778,0.577,0.72
2018,Akron,80.4,0.275,0.124,0.375
2018,Alabama,352.9,0.798,0.868,0.756
2018,App State,122.4,0.056,0.363,0.455
2018,Arizona,330.6,0.88,0.616,0.632
2018,Arizona State,378.6,0.967,0.457,0.694
2018,Arkansas,247.0,0.337,0.646,0.653
2018,Arkansas State,308.2,0.918,0.833,0.742
2018,Army,163.7,0.526,0.601,0.63
2018,Auburn,326.3,0.925,0.579,0.704
2018,Ball State,175.4,-1.561,0.918,0.776
2018,Baylor,273.8,0.744,0.318,0.689
2018,Boise State,239.2,0.72,0.475,0.602
2018,Boston College,162.6,0.245,1.342,0.698
2018,Bowling Green,161.2,1.041,0.559,0.414
2018,Buffalo,302.8,0.665,0.931,0.811
2018,BYU,207.2,1.028,0.889,0.836
2018,California,287.1,1.0,0.886,0.824
2018,Central Michigan,53.3,0.064,0.538,0.384
2018,Charlotte,40.6,1.021,1.162,0.78
2018,Cincinnati,211.5,1.084,0.868,0.765
2018,Clemson,349.7,0.783,0.987,0.779
2018,Coastal Carolina,90.1,-0.098,0.403,0.485
2018,Colorado,201.0,1.048,0.446,0.521
2018,Colorado State,109.7,0.0,0.338,0.232
2018,Duke,213.4,1.102,0.77,0.835
2018,East Carolina,95.4,0.082,0.589,0.282
2018,Eastern Michigan,37.6,0.008,0.919,0.422
2018,Florida,173.1,0.663,0.738,0.721
2018,Florida Atlantic,251.3,0.019,0.599,0.458
2018,Florida International,80.0,-0.109,0.299,0.343
2018,Florida State,167.3,0.767,0.644,0.874
2018,Fresno State,323.9,0.862,0.848,0.862
2018,Georgia,325.9,0.872,0.286,0.597
2018,Georgia Southern,88.9,1.0,0.677,0.76
2018,Georgia State,142.9,0.036,-0.367,0.332
2018,Georgia Tech,150.6,0.913,0.936,0.867
2018,Hawai'i,77.3,-0.059,0.104,0.131
2018,Houston,117.1,0.418,0.45,0.32
2018,Idaho,50.9,0.248,-0.322,0.299
2018,Illinois,102.4,-2.667,0.613,0.368
2018,Indiana,87.0,0.357,4.224,0.483
2018,Iowa,229.2,0.933,1.711,0.598
2018,Iowa State,248.9,0.72,0.415,0.657
2018,Kansas,142.1,1.0,-0.025,0.845
2018,Kansas State,173.7,0.303,0.711,0.724
2018,Kent State,47.4,0.564,0.211,0.594
2018,Kentucky,101.6,0.009,0.446,0.471
2018,Louisiana,220.4,0.628,0.552,0.703
2018,Louisiana Tech,267.2,1.0,0.474,0.684
2018,Louisville,213.9,0.024,0.165,0.302
2018,LSU,65.6,0.07,0.018,0.158
2018,Marshall,153.3,0.0,-33.667,0.523
2018,Maryland,115.6,1.032,0.976,0.792
2018,Massachusetts,366.4,1.025,1.0,0.921
2018,Memphis,257.1,0.086,0.719,0.4
2018,Miami,243.2,0.819,0.878,0.803
2018,Miami (OH),196.0,0.627,1.178,0.756
2018,Michigan,165.5,0.736,0.525,0.561
2018,Michigan State,315.8,1.134,1.357,0.817
2018,Middle Tennessee,245.4,0.619,0.909,0.71
2018,Minnesota,95.5,0.0,0.261,0.491
2018,Mississippi State,250.2,0.905,0.999,0.89
2018,Missouri,435.1,1.0,0.482,0.729
2018,Navy,224.4,1.009,0.857,0.706
2018,NC State,367.4,0.962,0.279,0.689
2018,Nebraska,129.6,0.037,-0.483,0.483
2018,Nevada,256.2,1.096,0.982,0.853
2018,New Mexico,97.3,-90.0,0.64,0.526
2018,New Mexico State,136.7,0.028,0.451,0.287
2018,North Carolina,227.5,1.0,0.832,0.831
2018,Northern Illinois,148.9,0.704,0.723,0.621
2018,North Texas,390.8,0.982,0.279,0.801
2018,Northwestern,188.8,0.954,0.559,0.641
2018,Notre Dame,252.2,0.538,0.651,0.615
2018,Ohio,246.8,0.976,0.759,0.809
2018,Ohio State,352.0,0.404,0.6,0.525
2018,Oklahoma,333.7,0.154,0.615,0.441
2018,Oklahoma State,206.5,0.046,0.792,0.445
2018,Old Dominion,97.3,1.107,0.174,0.761
2018,Ole Miss,294.1,0.458,0.499,0.526
2018,Oregon,244.6,0.974,0.259,0.616
2018,Oregon State,121.3,0.396,0.173,0.383
2018,Penn State,319.9,0.844,0.549,0.631
2018,Pittsburgh,150.5,0.247,0.658,0.449
2018,Purdue,205.1,1.0,1.066,0.902
2018,Rice,96.8,0.723,0.57,0.695
2018,Rutgers,52.4,-0.365,1.066,0.412
2018,San Diego State,168.2,1.0,0.254,0.564
2018,San José State,144.9,1.309,0.977,0.97
2018,SMU,318.2,0.892,0.904,0.754
2018,South Alabama,135.2,0.302,1.949,0.649
2018,South Carolina,268.9,0.967,0.947,0.94
2018,Southern Miss,161.7,0.712,0.389,0.406
2018,South Florida,120.3,0.17,0.025,0.161
2018,Stanford,380.5,0.688,0.977,0.809
2018,Syracuse,166.1,0.833,0.844,0.723
2018,TCU,192.5,0.243,0.7,0.366
2018,Temple,183.1,0.641,-4.286,0.537
2018,Tennessee,103.6,0.351,1.0,0.537
2018,Texas,192.3,0.954,0.739,0.824
2018,Texas A&M,239.6,0.911,0.668,0.69
2018,Texas State,70.7,0.367,0.288,0.486
2018,Texas Tech,78.0,0.142,0.19,0.224
2018,Toledo,286.2,0.11,0.512,0.439
2018,Troy,161.7,0.14,0.397,0.237
2018,Tulane,260.2,1.214,0.575,0.666
2018,Tulsa,202.3,0.731,0.676,0.686
2018,UAB,265.9,1.0,1.016,0.939
2018,UCF,494.8,0.926,1.03,0.79
2018,UCLA,169.8,0.177,0.497,0.422
2018,UConn,166.0,-0.009,0.429,0.547
2018,UL Monroe,340.1,0.741,0.842,0.81
2018,UNLV,243.9,0.455,1.032,0.773
2018,USC,167.2,0.069,0.134,0.269
2018,Utah,202.4,0.827,0.829,0.688
2018,Utah State,188.0,0.828,0.318,0.56
2018,UTEP,7.2,0.841,0.432,0.656
2018,UTSA,11.7,-0.184,-0.315,0.272
2018,Vanderbilt,214.0,0.936,-2.286,0.601
2018,Virginia,99.0,-0.286,0.807,0.413
2018,Virginia Tech,223.8,0.665,1.204,0.773
2018,Wake Forest,169.9,0.084,0.394,0.481
2018,Washington,335.9,0.879,0.978,0.774
2018,Washington State,208.7,0.143,-0.054,0.332
2018,Western Kentucky,95.7,-0.043,-0.151,0.356
2018,Western Michigan,200.4,1.181,0.625,0.584
2018,West Virginia,200.7,0.852,0.455,0.66
2018,Wisconsin,386.2,1.0,0.875,0.882
2018,Wyoming,104.2,0.13,1.636,0.608
2019,Air Force,182.2,0.931,0.746,0.581
2019,Akron,126.1,1.0,0.135,0.689
2019,Alabama,436.0,0.757,0.33,0.632
2019,App State,342.2,0.967,0.696,0.839
2019,Arizona,212.8,0.949,0.946,0.79
2019,Arizona State,178.7,-0.005,0.611,0.462
2019,Arkansas,86.3,-0.182,0.337,0.466
2019,Arkansas State,171.5,0.07,0.359,0.331
2019,Army,230.4,0.995,0.499,0.542
2019,Auburn,145.0,0.159,1.04,0.447
2019,Ball State,171.7,0.263,0.311,0.484
2019,Baylor,392.1,0.957,0.774,0.797
2019,Boise State,165.5,0.017,0.469,0.225
2019,Boston College,205.1,0.699,0.549,0.799
2019,Bowling Green,99.0,0.094,0.922,0.373
2019,Buffalo,70.4,-0.034,0.667,0.353
2019,BYU,234.9,0.804,0.722,0.543
2019,California,96.8,4.767,1.008,0.406
2019,Central Michigan,5.6,0.934,0.81,0.863
2019,Charlotte,156.4,0.936,0.7,0.829
2019,Cincinnati,370.4,0.936,0.881,0.861
2019,Clemson,510.7,0.95,0.643,0.752
2019,Coastal Carolina,182.4,0.57,0.407,0.471
2019,Colorado,241.8,0.996,1.587,0.679
2019,Colorado State,87.2,0.147,-0.007,0.396
2019,Duke,93.3,0.058,0.427,0.391
2019,East Carolina,183.0,1.145,2.792,0.735
2019,Eastern Michigan,197.6,0.446,1.244,0.554
2019,Florida,360.1,0.986,0.733,0.854
2019,Florida Atlantic,169.8,1.062,-0.016,0.48
2019,Florida International,381.3,0.859,0.789,0.801
2019,Florida State,143.7,0.296,0.121,0.421
2019,Fresno State,142.7,0.012,0.542,0.416
2019,Georgia,294.5,0.771,0.534,0.601
2019,Georgia Southern,164.1,0.96,0.824,0.581
2019,Georgia State,234.1,0.805,0.835,0.773
2019,Georgia Tech,134.2,0.283,0.56,0.506
2019,Hawai'i,348.9,0.96,1.095,0.799
2019,Houston,508.4,1.01,0.913,0.892
2019,Illinois,154.2,-0.234,0.6,0.463
2019,Indiana,260.9,0.882,1.185,0.871
2019,Iowa,242.8,0.893,1.114,0.811
2019,Iowa State,204.8,0.762,0.414,0.47
2019,Kansas,94.1,0.399,0.644,0.504
2019,Kansas State,122.0,1.727,0.339,0.396
2019,Kent State,193.1,0.617,1.054,0.84
2019,Kentucky,147.0,0.876,0.387,0.568
2019,Liberty,289.4,1.016,0.693,0.872
2019,Louisiana,304.1,0.219,0.991,0.593
2019,Louisiana Tech,228.4,1.0,0.679,0.791
2019,Louisville,133.7,4.6,0.704,0.728
2019,LSU,303.9,1.0,0.725,0.731
2019,Marshall,188.0,1.015,0.664,0.703
2019,Maryland,190.5,0.153,0.812,0.587
2019,Massachusetts,135.4,0.106,0.222,0.225
2019,Memphis,380.2,0.992,0.287,0.677
2019,Miami,134.3,0.264,0.411,0.524
2019,Miami (OH),119.6,0.04,-0.196,0.319
2019,Michigan,331.6,0.99,0.557,0.618
2019,Michigan State,171.8,1.0,1.591,0.861
2019,Middle Tennessee,142.1,-0.027,0.51,0.372
2019,Minnesota,311.1,1.0,1.017,0.993
2019,Mississippi State,200.2,0.626,0.38,0.384
2019,Missouri,217.4,0.048,0.549,0.454
2019,Navy,108.1,0.787,0.54,0.441
2019,NC State,58.6,0.029,-1.529,0.248
2019,Nebraska,260.5,1.0,0.581,0.703
2019,Nevada,187.4,0.0,0.915,0.548
2019,New Mexico,148.2,1.251,1.551,0.589
2019,New Mexico State,155.9,1.09,0.974,0.857
2019,North Carolina,122.1,-0.421,0.863,0.423
2019,Northern Illinois,94.4,1.03,1.003,0.84
2019,North Texas,365.4,1.041,0.931,0.86
2019,Northwestern,103.4,-0.004,0.363,0.347
2019,Notre Dame,299.9,0.821,0.449,0.617
2019,Ohio,218.9,0.832,0.394,0.458
2019,Ohio State,203.5,0.095,0.307,0.324
2019,Oklahoma,294.5,0.04,0.455,0.424
2019,Oklahoma State,242.1,0.095,0.345,0.312
2019,Old Dominion,83.6,0.124,1.109,0.296
2019,Ole Miss,148.9,0.077,0.847,0.33
2019,Oregon,302.8,0.965,0.861,0.828
2019,Oregon State,276.0,0.608,0.909,0.761
2019,Penn State,129.5,0.522,0.108,0.198
2019,Pittsburgh,139.3,0.901,0.309,0.584
2019,Purdue,177.7,0.05,0.201,0.258
2019,Rice,77.0,0.217,-25.2,0.391
2019,Rutgers,5.3,0.792,0.07,0.732
2019,San Diego State,179.3,0.681,1.262,0.788
2019,San José State,105.1,0.624,0.453,0.564
2019,SMU,243.1,0.487,0.769,0.503
2019,South Alabama,51.3,-0.034,0.143,0.386
2019,South Carolina,319.2,0.764,0.885,0.772
2019,Southern Miss,178.2,1.028,-7.632,0.916
2019,South Florida,257.9,0.907,0.894,0.732
2019,Stanford,264.9,1.0,1.49,0.643
2019,Syracuse,144.7,-0.052,0.308,0.434
2019,TCU,150.4,0.799,0.635,0.595
2019,Temple,219.6,0.73,0.154,0.585
2019,Tennessee,228.3,0.78,0.885,0.871
2019,Texas,352.4,0.908,0.884,0.684
2019,Texas A&M,300.1,0.864,0.402,0.667
2019,Texas State,91.6,0.302,-13.437,0.643
2019,Texas Tech,304.4,0.914,0.538,0.626
2019,Toledo,217.6,1.0,0.854,0.712
2019,Troy,165.1,0.49,0.957,0.518
2019,Tulane,172.1,0.702,0.731,0.689
2019,Tulsa,180.5,0.934,0.73,0.744
2019,UAB,143.1,0.439,0.634,0.546
2019,UCF,479.1,0.954,0.826,0.87
2019,UCLA,183.4,0.372,0.808,0.65
2019,UConn,6.6,-0.002,-0.139,0.309
2019,UL Monroe,209.8,1.0,0.775,0.692
2019,UNLV,233.3,1.0,0.679,0.696
2019,USC,251.8,0.873,0.457,0.845
2019,Utah,339.1,0.973,0.99,0.87
2019,Utah State,326.3,0.972,0.496,0.595
2019,UTEP,35.3,3.875,1.079,0.68
2019,UTSA,23.6,0.756,-10.0,0.627
2019,Vanderbilt,227.8,-0.002,0.864,0.476
2019,Virginia,251.6,0.986,0.529,0.668
2019,Virginia Tech,276.8,0.848,0.843,0.707
2019,Wake Forest,260.9,1.028,0.901,0.759
2019,Washington,231.5,0.017,0.315,0.387
2019,Washington State,232.6,0.059,0.284,0.316
2019,Western Kentucky,166.5,0.782,0.679,0.783
2019,Western Michigan,256.8,1.0,0.696,0.668
2019,West Virginia,113.4,-0.011,1.019,0.476
2019,Wisconsin,267.2,0.296,0.696,0.652
2019,Wyoming,92.8,1.015,0.488,0.608
2020,Air Force,99.1,0.0,0.518,0.365
2020,Akron,83.1,-0.796,0.153,0.811
2020,Alabama,343.4,0.412,0.816,0.593
2020,App State,358.7,0.978,0.575,0.757
2020,Arizona,247.7,0.371,0.483,0.516
2020,Arizona State,195.0,0.921,1.122,0.511
2020,Arkansas,110.7,-0.877,1.023,0.505
2020,Arkansas State,314.8,0.983,0.973,0.8
2020,Army,174.6,0.889,0.607,0.515
2020,Auburn,285.6,0.983,0.595,0.71
2020,Ball State,319.1,1.0,0.652,0.776
2020,Baylor,340.2,0.942,0.905,0.781
2020,Boise State,335.9,0.617,0.731,0.73
2020,Boston College,191.3,0.358,0.339,0.514
2020,Bowling Green,91.2,0.793,0.103,0.723
2020,Buffalo,303.5,1.0,1.0,1.0
2020,BYU,293.0,0.913,0.878,0.728
2020,California,250.9,1.0,0.989,0.906
2020,Central Michigan,347.4,1.0,0.442,0.862
2020,Charlotte,338.7,0.984,0.636,0.696
2020,Cincinnati,237.4,0.888,0.761,0.612
2020,Clemson,521.0,0.852,0.95,0.849
2020,Coastal Carolina,279.2,1.0,0.836,0.82
2020,Colorado,89.6,0.022,0.28,0.443
2020,Colorado State,338.7,0.778,0.129,0.751
2020,Duke,59.2,-0.362,-0.243,0.476
2020,East Carolina,366.3,1.0,1.0,1.0
2020,Eastern Michigan,161.8,0.132,0.123,0.297
2020,Florida,297.3,0.777,0.475,0.631
2020,Florida Atlantic,135.2,0.05,0.9,0.385
2020,Florida International,56.9,0.034,0.231,0.233
2020,Florida State,244.8,0.704,0.401,0.527
2020,Fresno State,163.4,0.047,0.522,0.403
2020,Georgia,144.1,0.096,0.263,0.304
2020,Georgia Southern,148.8,0.906,1.0,0.966
2020,Georgia State,155.4,-0.024,0.286,0.361
2020,Georgia Tech,142.2,1.986,1.147,0.888
2020,Hawai'i,264.2,0.139,0.63,0.497
2020,Houston,219.4,1.235,0.46,0.757
2020,Illinois,204.9,1.0,0.647,0.711
2020,Indiana,249.7,0.347,0.634,0.594
2020,Iowa,189.5,0.004,0.34,0.522
2020,Iowa State,381.0,0.971,0.988,0.817
2020,Kansas,125.1,-0.025,0.76,0.439
2020,Kansas State,251.8,1.016,0.686,0.684
2020,Kent State,297.8,0.984,1.04,0.701
2020,Kentucky,122.2,1.71,0.481,0.657
2020,Liberty,145.8,-0.015,0.468,0.302
2020,Louisiana,424.9,0.921,0.765,0.783
2020,Louisiana Tech,198.7,0.026,0.479,0.53
2020,Louisville,391.3,0.963,1.0,0.961
2020,LSU,232.8,0.112,0.05,0.273
2020,Marshall,148.9,-0.005,0.754,0.491
2020,Maryland,87.4,-0.189,0.254,0.517
2020,Massachusetts,-5.5,3.971,-2.546,0.494
2020,Memphis,463.9,0.996,0.609,0.78
2020,Miami,183.9,0.25,0.543,0.476
2020,Miami (OH),160.3,1.037,0.902,0.859
2020,Michigan,151.1,0.104,0.842,0.443
2020,Michigan State,40.4,-0.015,8.379,0.396
2020,Middle Tennessee,272.5,1.0,0.657,0.833
2020,Minnesota,392.0,0.986,0.507,0.632
2020,Mississippi State,180.8,0.465,0.618,0.585
2020,Missouri,78.9,0.04,0.474,0.519
2020,Navy,208.2,0.129,0.423,0.553
2020,NC State,159.7,0.169,0.694,0.712
2020,Nebraska,167.9,0.885,0.76,0.729
2020,Nevada,194.6,0.883,0.665,0.706
2020,New Mexico,132.7,0.768,0.619,0.71
2020,New Mexico State,53.7,0.151,0.022,0.094
2020,North Carolina,502.3,0.98,0.778,0.95
2020,Northern Illinois,157.5,0.888,-0.243,0.543
2020,North Texas,186.8,0.029,-2.073,0.508
2020,Northwestern,88.3,1.0,1.022,0.969
2020,Notre Dame,278.2,0.83,0.578,0.64
2020,Ohio,232.8,0.035,0.444,0.566
2020,Ohio State,452.6,0.869,0.502,0.615
2020,Oklahoma,200.7,0.11,0.285,0.372
2020,Oklahoma State,360.3,0.788,0.983,0.856
2020,Old Dominion,81.5,0.954,0.818,0.722
2020,Ole Miss,321.8,1.0,0.983,0.853
2020,Oregon,251.1,0.076,0.758,0.541
2020,Oregon State,131.8,0.097,0.572,0.366
2020,Penn State,332.0,1.0,0.96,0.819
2020,Pittsburgh,198.6,0.892,1.848,0.782
2020,Purdue,281.9,1.0,1.0,0.933
2020,Rice,116.4,0.229,-1.098,0.529
2020,Rutgers,81.7,1.0,1.341,0.931
2020,San Diego State,159.8,0.183,0.4,0.492
2020,San José State,244.4,0.055,0.383,0.422
2020,SMU,361.5,0.947,0.168,0.571
2020,South Alabama,100.8,1.642,-0.203,0.536
2020,South Carolina,72.2,1.136,0.233,0.579
2020,Southern Miss,216.8,0.914,-1.581,0.618
2020,South Florida,146.9,0.325,0.542,0.618
2020,Stanford,225.9,0.685,0.276,0.57
2020,Syracuse,149.9,1.082,0.414,0.639
2020,TCU,177.2,1.978,0.54,0.568
2020,Temple,223.9,0.824,0.809,0.736
2020,Tennessee,166.2,0.944,1.326,0.709
2020,Texas,377.6,0.972,0.964,0.841
2020,Texas A&M,295.5,0.97,0.786,0.801
2020,Texas State,115.0,0.744,-1.179,0.581
2020,Texas Tech,187.5,0.214,0.474,0.487
2020,Toledo,205.7,0.384,0.582,0.739
2020,Troy,264.0,0.012,0.742,0.452
2020,Tulane,196.1,0.2,0.536,0.388
2020,Tulsa,299.8,1.0,1.0,0.94
2020,UAB,195.2,0.923,1.268,0.907
2020,UCF,446.1,0.89,0.768,0.818
2020,UCLA,264.8,0.88,0.457,0.753
2020,UConn,141.4,1.764,0.876,0.715
2020,UL Monroe,135.5,-0.171,0.301,0.396
2020,UNLV,207.5,1.0,1.0,1.0
2020,USC,469.8,0.93,1.004,0.875
2020,Utah,189.4,0.038,0.197,0.303
2020,Utah State,91.9,0.015,0.06,0.275
2020,UTEP,69.0,-0.03,-0.185,0.299
2020,UTSA,174.5,1.15,0.949,0.905
2020,Vanderbilt,35.0,0.014,0.092,0.194
2020,Virginia,106.7,0.031,0.177,0.234
2020,Virginia Tech,218.2,0.606,0.878,0.571
2020,Wake Forest,166.7,0.279,0.414,0.33
2020,Washington,110.1,0.037,0.294,0.261
2020,Washington State,228.3,0.107,1.049,0.412
2020,Western Kentucky,113.9,-0.02,0.267,0.391
2020,Western Michigan,138.9,0.021,0.123,0.225
2020,West Virginia,207.8,1.032,0.301,0.79
2020,Wisconsin,319.5,0.911,0.48,0.649
2020,Wyoming,195.3,1.638,0.856,0.745
2021,Air Force,127.1,1.0,0.777,0.724
2021,Akron,27.7,0.756,0.888,0.805
2021,Alabama,141.0,0.058,0.327,0.26
2021,App State,274.6,0.127,0.655,0.584
2021,Arizona,40.2,-2.98,0.749,0.478
2021,Arizona State,127.9,1.0,1.0,0.966
2021,Arkansas,157.6,-0.081,0.737,0.423
2021,Arkansas State,358.4,0.952,0.118,0.661
2021,Army,161.0,1.0,0.835,0.858
2021,Auburn,169.5,0.994,0.918,0.714
2021,Ball State,234.0,1.0,0.547,0.838
2021,Baylor,92.8,-0.093,-2.333,0.45
2021,Boise State,176.5,0.908,1.44,0.917
2021,Boston College,316.3,1.0,-1.25,0.801
2021,Bowling Green,5.3,1.0,1.145,0.582
2021,Buffalo,130.8,1.0,0.405,0.602
2021,BYU,262.4,0.101,0.682,0.557
2021,California,54.7,1.029,1.147,0.904
2021,Central Michigan,120.4,0.855,0.824,0.768
2021,Charlotte,120.7,1.0,0.347,0.815
2021,Cincinnati,314.8,0.955,0.754,0.735
2021,Clemson,145.0,0.206,0.234,0.351
2021,Coastal Carolina,409.3,0.964,0.707,0.72
2021,Colorado,102.3,0.189,0.716,0.547
2021,Colorado State,26.2,-0.285,1.071,0.69
2021,Duke,159.7,0.078,0.99,0.379
2021,East Carolina,206.2,1.0,1.0,1.0
2021,Eastern Michigan,194.3,1.0,0.983,0.921
2021,Florida,167.5,0.044,0.651,0.41
2021,Florida Atlantic,137.8,1.0,0.895,0.94
2021,Florida International,25.6,0.684,1.293,0.699
2021,Florida State,165.7,0.318,0.862,0.735
2021,Fresno State,230.7,0.977,0.953,0.96
2021,Georgia,304.6,1.135,0.979,0.923
2021,Georgia Southern,120.5,0.137,0.552,0.535
2021,Georgia State,269.6,1.0,1.017,0.981
2021,Georgia Tech,189.8,0.846,0.992,0.901
2021,Hawai'i,193.6,1.023,0.836,0.685
2021,Houston,128.9,0.986,0.773,0.723
2021,Illinois,124.0,1.0,0.98,0.921
2021,Indiana,147.5,1.0,0.354,0.678
2021,Iowa,118.5,0.935,0.515,0.765
2021,Iowa State,384.2,0.975,0.988,0.904
2021,Kansas,43.3,0.707,2.556,0.909
2021,Kansas State,177.4,1.119,1.249,0.785
2021,Kent State,230.2,1.0,1.0,0.911
2021,Kentucky,38.6,-7.316,0.302,0.423
2021,Liberty,380.7,0.919,0.847,0.831
2021,Louisiana,238.2,1.0,0.356,0.65
2021,Louisiana Tech,125.1,0.959,0.574,0.619
2021,Louisville,278.6,1.033,1.017,0.847
2021,LSU,200.4,0.571,0.871,0.668
2021,Marshall,175.8,0.952,0.515,0.728
2021,Maryland,120.3,0.921,0.057,0.675
2021,Massachusetts,-9.3,0.048,0.824,0.547
2021,Memphis,143.8,0.002,-0.528,0.494
2021,Miami,330.5,0.897,1.149,0.882
2021,Miami (OH),93.5,1.0,-0.074,0.92
2021,Michigan,92.7,0.29,0.825,0.531
2021,Michigan State,63.9,0.429,1.192,0.671
2021,Middle Tennessee,130.1,0.078,-0.33,0.435
2021,Minnesota,180.0,0.981,0.977,0.893
2021,Mississippi State,142.3,1.264,1.072,0.622
2021,Missouri,239.7,1.0,0.176,0.673
2021,Navy,42.7,-0.022,0.139,0.33
2021,NC State,264.5,0.374,0.75,0.689
2021,Nebraska,120.4,0.842,0.657,0.499
2021,Nevada,338.7,1.0,1.0,0.995
2021,New Mexico,100.7,1.0,0.939,0.834
2021,New Mexico State,6.8,1.0,0.519,0.923
2021,North Carolina,304.1,0.985,0.199,0.541
2021,Northern Illinois,71.2,0.0,0.35,0.522
2021,North Texas,231.4,0.568,0.611,0.517
2021,Northwestern,32.2,0.0,2.385,0.179
2021,Notre Dame,153.9,0.032,0.631,0.46
2021,Ohio,60.5,1.0,1.133,0.906
2021,Ohio State,170.0,0.106,0.235,0.401
2021,Oklahoma,351.1,0.872,0.161,0.591
2021,Oklahoma State,141.1,0.725,0.418,0.679
2021,Ole Miss,415.5,1.001,1.019,0.892
2021,Oregon,130.5,0.173,0.471,0.54
2021,Oregon State,163.3,1.0,0.662,0.765
2021,Penn State,249.6,0.93,0.781,0.808
2021,Pittsburgh,240.7,0.942,0.833,0.935
2021,Purdue,180.8,1.0,0.068,0.895
2021,Rice,40.7,0.124,0.819,0.706
2021,Rutgers,141.8,0.604,1.595,0.848
2021,San Diego State,109.0,0.604,1.1,0.798
2021,San José State,194.7,1.0,1.0,0.832
2021,SMU,175.4,-0.009,0.691,0.468
2021,South Alabama,197.9,0.859,-1.467,0.655
2021,South Carolina,147.9,0.268,0.887,0.518
2021,Southern Miss,112.1,0.006,0.409,0.469
2021,South Florida,136.8,0.714,1.06,0.941
2021,Stanford,97.5,0.133,0.827,0.489
2021,Syracuse,74.1,-0.097,-0.041,0.644
2021,TCU,200.5,0.888,0.853,0.863
2021,Temple,59.4,-0.016,1.0,0.499
2021,Tennessee,76.0,0.305,0.036,0.273
2021,Texas,160.0,0.136,0.668,0.395
2021,Texas A&M,241.5,0.05,0.875,0.599
2021,Texas State,248.8,1.002,1.005,0.905
2021,Texas Tech,180.0,0.459,0.986,0.679
2021,Toledo,201.2,0.397,0.898,0.715
2021,Troy,172.9,0.781,1.019,0.678
2021,Tulane,266.9,1.414,0.682,0.699
2021,Tulsa,166.9,0.229,0.574,0.471
2021,UAB,158.7,0.963,0.503,0.635
2021,UCF,320.3,0.948,0.439,0.589
2021,UCLA,220.0,1.0,0.678,0.757
2021,UL Monroe,144.3,1.035,-1.053,0.778
2021,UNLV,73.1,0.397,0.136,0.584
2021,USC,182.1,0.794,-8.333,0.653
2021,Utah,40.5,-0.056,0.065,0.268
2021,Utah State,41.7,-0.064,0.472,0.51
2021,UTEP,198.6,1.032,2.6,0.873
2021,UTSA,280.1,1.0,0.963,0.958
2021,Vanderbilt,149.9,1.0,0.54,0.934
2021,Virginia,259.7,0.973,1.0,0.942
2021,Virginia Tech,187.0,0.385,0.237,0.528
2021,Wake Forest,312.3,1.0,0.222,0.853
2021,Washington,114.6,0.964,1.014,0.916
2021,Washington State,25.1,0.179,0.983,0.855
2021,Western Kentucky,63.8,-0.198,0.155,0.319
2021,Western Michigan,219.2,1.0,0.981,0.894
2021,West Virginia,236.5,0.93,1.424,0.845
2021,Wisconsin,105.8,0.854,0.869,0.665
2021,Wyoming,93.8,1.0,0.913,0.946
2022,Air Force,261.7,0.998,0.84,0.861
2022,Akron,47.0,0.075,0.01,0.467
2022,Alabama,393.8,0.894,0.537,0.586
2022,App State,290.8,0.967,1.055,0.673
2022,Arizona,154.2,1.0,0.677,0.825
2022,Arizona State,54.3,0.084,0.107,0.134
2022,Arkansas,275.7,1.007,0.959,0.744
2022,Arkansas State,109.1,0.082,-0.184,0.252
2022,Army,174.8,-0.038,0.684,0.525
2022,Auburn,173.4,0.046,0.662,0.558
2022,Ball State,100.3,0.075,0.082,0.459
2022,Baylor,88.1,0.257,0.1,0.171
2022,Boise State,283.7,1.027,0.614,0.635
2022,Boston College,202.2,0.538,0.736,0.597
2022,Bowling Green,109.0,1.145,1.0,0.993
2022,Buffalo,94.6,0.117,0.213,0.363
2022,BYU,300.9,0.82,0.297,0.587
2022,California,63.0,0.0,0.343,0.226
2022,Central Michigan,269.5,0.782,0.781,0.7
2022,Charlotte,382.8,1.0,0.979,0.916
2022,Cincinnati,148.1,-0.003,0.183,0.241
2022,Clemson,206.2,0.206,0.732,0.621
2022,Coastal Carolina,354.2,0.943,0.613,0.623
2022,Colorado,131.2,0.596,0.635,0.717
2022,Colorado State,104.0,-0.006,-0.948,0.422
2022,Duke,108.0,0.071,0.468,0.329
2022,East Carolina,313.9,0.913,1.07,0.873
2022,Eastern Michigan,184.9,0.09,0.318,0.451
2022,Florida,155.2,0.131,0.27,0.302
2022,Florida Atlantic,149.4,1.081,1.077,0.746
2022,Florida International,103.5,0.153,0.373,0.372
2022,Florida State,265.1,0.758,0.647,0.598
2022,Fresno State,474.1,0.986,1.2,0.791
2022,Georgia,389.9,0.768,0.475,0.63
2022,Georgia Southern,90.3,0.114,0.375,0.403
2022,Georgia State,326.4,0.957,0.956,0.79
2022,Georgia Tech,168.5,0.829,0.746,0.407
2022,Hawai'i,85.9,0.111,0.263,0.282
2022,Houston,417.2,1.017,0.889,0.834
2022,Illinois,126.5,-0.075,0.747,0.694
2022,Indiana,30.4,0.354,0.781,0.377
2022,Iowa,182.9,1.009,13.048,0.648
2022,Iowa State,142.6,0.028,0.215,0.222
2022,Kansas,212.9,0.913,1.108,0.722
2022,Kansas State,187.7,0.133,0.796,0.585
2022,Kent State,244.1,0.039,0.592,0.49
2022,Kentucky,271.5,1.001,0.981,0.642
2022,Liberty,136.9,0.112,0.184,0.255
2022,Louisiana,149.9,0.22,0.179,0.28
2022,Louisiana Tech,98.3,0.007,-0.504,0.269
2022,Louisville,391.1,0.697,0.678,0.653
2022,LSU,214.0,0.128,0.177,0.287
2022,Marshall,165.5,0.013,0.754,0.408
2022,Maryland,337.5,0.901,0.659,0.676
2022,Massachusetts,103.9,0.018,0.839,0.848
2022,Memphis,338.0,1.077,0.795,0.797
2022,Miami,317.1,0.848,0.69,0.589
2022,Miami (OH),296.6,0.703,0.883,0.737
2022,Michigan,338.4,1.008,0.465,0.741
2022,Michigan State,334.4,0.976,0.274,0.644
2022,Middle Tennessee,198.5,0.87,1.321,0.604
2022,Minnesota,305.0,1.0,0.568,0.674
2022,Mississippi State,229.3,0.067,0.948,0.401
2022,Missouri,145.7,0.119,0.334,0.299
2022,Navy,34.6,3.889,0.268,0.472
2022,NC State,288.5,0.938,0.189,0.62
2022,Nebraska,324.5,0.537,0.377,0.556
2022,Nevada,40.3,0.0,0.988,0.287
2022,New Mexico,21.2,-10.917,1.449,0.344
2022,New Mexico State,62.5,0.296,-0.053,0.287
2022,North Carolina,225.1,0.26,0.21,0.356
2022,Northern Illinois,394.5,0.992,0.803,0.763
2022,North Texas,267.9,0.966,0.748,0.749
2022,Northwestern,139.8,0.409,0.631,0.694
2022,Notre Dame,211.7,0.223,0.525,0.402
2022,Ohio,106.2,0.701,0.308,0.551
2022,Ohio State,582.1,0.875,0.766,0.743
2022,Oklahoma,143.4,0.085,0.176,0.211
2022,Oklahoma State,336.0,0.899,0.82,0.66
2022,Old Dominion,299.0,0.936,1.024,0.914
2022,Ole Miss,14.7,-0.16,0.007,0.107
2022,Oregon,75.2,0.077,0.083,0.183
2022,Oregon State,323.0,0.934,0.634,0.641
2022,Penn State,250.4,0.914,2.029,0.692
2022,Pittsburgh,187.7,0.104,0.546,0.387
2022,Purdue,332.8,0.834,0.497,0.603
2022,Rice,94.3,0.117,0.686,0.389
2022,Rutgers,127.3,0.936,0.806,0.709
2022,San Diego State,91.2,0.03,0.21,0.242
2022,San José State,137.3,0.357,0.647,0.483
2022,SMU,412.7,0.984,0.753,0.743
2022,South Alabama,113.4,0.165,-0.073,0.503
2022,South Carolina,181.3,0.438,0.078,0.548
2022,Southern Miss,133.1,0.926,0.68,0.877
2022,South Florida,157.9,-0.127,0.512,0.38
2022,Stanford,194.8,0.98,0.349,0.678
2022,Syracuse,245.0,0.64,0.798,0.766
2022,TCU,386.2,0.974,0.658,0.826
2022,Temple,146.3,1.416,0.289,0.543
2022,Tennessee,390.7,1.018,0.757,0.806
2022,Texas,266.2,0.262,0.796,0.601
2022,Texas A&M,164.4,0.308,0.567,0.338
2022,Texas State,150.5,0.066,0.665,0.422
2022,Texas Tech,267.3,0.669,0.69,0.664
2022,Toledo,227.0,0.819,0.543,0.533
2022,Troy,256.6,0.548,0.657,0.642
2022,Tulane,273.6,0.996,0.917,0.864
2022,Tulsa,229.4,1.0,0.873,0.654
2022,UAB,285.6,0.919,0.93,0.776
2022,UCF,239.5,0.685,0.772,0.799
2022,UCLA,320.9,1.0,0.806,0.751
2022,UConn,92.7,2.143,0.457,0.446
2022,UL Monroe,185.8,0.785,0.887,0.737
2022,UNLV,97.9,0.777,0.125,0.495
2022,USC,118.9,0.016,0.247,0.15
2022,Utah,408.0,0.874,0.971,0.825
2022,Utah State,355.3,0.824,0.507,0.698
2022,UTEP,242.6,0.941,0.516,0.786
2022,UTSA,460.9,0.995,0.445,0.69
2022,Vanderbilt,127.0,0.981,1.292,0.83
2022,Virginia,488.0,1.0,0.701,0.814
2022,Virginia Tech,79.9,0.07,0.055,0.323
2022,Wake Forest,513.8,1.005,0.84,0.776
2022,Washington,239.8,1.023,0.695,0.735
2022,Washington State,18.4,-0.008,-0.173,0.088
2022,Western Kentucky,239.0,0.0,0.28,0.287
2022,Western Michigan,178.3,0.079,0.705,0.396
2022,West Virginia,65.9,-0.034,0.235,0.219
2022,Wisconsin,195.9,0.898,0.999,0.799
2022,Wyoming,79.3,0.0,0.205,0.228
2023,Air Force,121.7,0.295,0.444,0.267
2023,Akron,261.0,0.952,0.739,0.761
2023,Alabama,233.1,0.135,0.492,0.409
2023,App State,208.3,0.089,0.508,0.392
2023,Arizona,472.7,0.995,1.013,0.924
2023,Arizona State,252.0,0.753,0.075,0.411
2023,Arkansas,273.0,0.904,0.983,0.777
2023,Arkansas State,52.0,0.045,5.909,0.221
2023,Army,122.5,-0.019,0.472,0.485
2023,Auburn,231.3,0.794,0.86,0.657
2023,Ball State,65.9,0.0,0.132,0.145
2023,Baylor,255.6,0.755,0.565,0.691
2023,Boise State,395.3,0.935,1.021,0.857
2023,Boston College,121.9,0.511,2.776,0.593
2023,Bowling Green,100.6,0.087,0.104,0.465
2023,Buffalo,196.2,0.876,0.915,0.791
2023,BYU,139.1,0.084,-0.004,0.225
2023,California,178.4,0.0,0.58,0.34
2023,Central Michigan,104.3,-0.073,0.997,0.323
2023,Charlotte,59.0,0.035,0.33,0.222
2023,Cincinnati,27.6,-0.024,0.429,0.261
2023,Clemson,238.4,0.296,0.741,0.505
2023,Coastal Carolina,416.2,0.982,1.128,0.893
2023,Colorado,16.6,0.0,0.272,0.13
2023,Colorado State,159.2,1.0,-2.348,0.825
2023,Duke,428.1,1.0,1.005,0.991
2023,East Carolina,46.9,0.016,-0.255,0.209
2023,Eastern Michigan,225.2,0.281,0.946,0.536
2023,Florida,155.7,0.087,0.401,0.438
2023,Florida Atlantic,162.8,0.169,0.913,0.442
2023,Florida International,186.9,0.889,0.993,0.78
2023,Florida State,411.4,0.96,0.832,0.792
2023,Fresno State,81.0,0.179,0.23,0.261
2023,Georgia,300.2,0.178,0.532,0.446
2023,Georgia Southern,250.3,0.007,0.617,0.375
2023,Georgia State,273.8,1.0,0.782,0.669
2023,Georgia Tech,69.9,0.86,0.473,0.382
2023,Hawai'i,172.4,0.92,0.595,0.67
2023,Houston,154.2,0.005,0.333,0.269
2023,Illinois,93.7,-0.007,-0.119,0.268
2023,Indiana,75.2,-0.362,0.6,0.345
2023,Iowa,64.2,-0.068,0.673,0.426
2023,Iowa State,224.7,0.911,7.143,0.687
2023,James Madison,47.7,-0.026,-0.654,0.321
2023,Kansas,565.6,1.027,1.015,0.937
2023,Kansas State,216.0,0.763,0.293,0.369
2023,Kent State,24.9,0.126,0.047,0.117
2023,Kentucky,150.0,-0.182,-0.7,0.417
2023,Liberty,189.7,0.98,0.151,0.544
2023,Louisiana,231.7,0.804,1.168,0.744
2023,Louisiana Tech,158.9,0.092,0.928,0.445
2023,Louisville,84.2,0.164,0.257,0.395
2023,LSU,519.9,0.983,0.993,0.888
2023,Marshall,113.2,0.287,0.535,0.481
2023,Maryland,371.7,1.011,1.086,0.88
2023,Massachusetts,56.8,-1.96,0.905,0.678
2023,Memphis,242.3,0.9,0.743,0.71
2023,Miami,247.0,0.779,0.675,0.658
2023,Miami (OH),151.3,0.863,1.081,0.784
2023,Michigan,409.3,0.936,0.963,0.825
2023,Michigan State,70.3,0.152,-0.536,0.254
2023,Middle Tennessee,130.6,0.029,0.609,0.315
2023,Minnesota,170.6,0.336,0.161,0.344
2023,Mississippi State,271.7,0.96,0.605,0.715
2023,Missouri,240.3,0.984,1.002,0.83
2023,Navy,100.8,0.68,0.624,0.751
2023,NC State,123.6,0.268,0.011,0.449
2023,Nebraska,49.8,-0.063,0.179,0.403
2023,Nevada,38.1,-0.03,-0.185,0.333
2023,New Mexico,18.9,0.726,0.419,0.395
2023,New Mexico State,300.2,0.958,0.969,0.946
2023,North Carolina,478.5,0.971,0.952,0.873
2023,Northern Illinois,213.3,0.976,0.501,0.555
2023,North Texas,226.1,-0.002,0.819,0.535
2023,Northwestern,160.2,0.958,-1.882,0.599
2023,Notre Dame,127.7,0.118,0.418,0.324
2023,Ohio,491.8,1.0,0.998,0.935
2023,Ohio State,397.3,0.201,0.957,0.636
2023,Oklahoma,201.7,0.895,0.348,0.675
2023,Oklahoma State,103.5,0.251,-0.088,0.335
2023,Old Dominion,63.2,0.066,-4.5,0.223
2023,Ole Miss,305.2,0.956,0.738,0.728
2023,Oregon,442.0,0.932,0.844,0.844
2023,Oregon State,244.5,0.465,0.624,0.624
2023,Penn State,186.0,0.118,0.884,0.489
2023,Pittsburgh,130.3,0.244,0.209,0.292
2023,Purdue,154.6,0.03,1.0,0.363
2023,Rice,162.5,0.195,0.605,0.464
2023,Rutgers,81.3,0.765,0.5,0.765
2023,San Diego State,235.7,1.07,1.865,0.611
2023,San José State,275.4,1.001,1.183,0.841
2023,SMU,253.0,0.253,0.806,0.413
2023,South Alabama,405.1,0.985,1.019,0.856
2023,South Carolina,278.0,0.935,0.49,0.644
2023,Southern Miss,213.8,0.435,1.521,0.651
2023,South Florida,163.1,0.699,0.497,0.446
2023,Stanford,144.1,0.133,0.984,0.382
2023,Syracuse,283.7,0.938,0.649,0.706
2023,TCU,80.4,0.084,-0.015,0.125
2023,Temple,277.4,1.0,0.831,0.819
2023,Tennessee,271.4,0.271,0.578,0.508
2023,Texas,266.7,0.71,0.096,0.561
2023,Texas A&M,196.3,0.559,0.239,0.516
2023,Texas State,115.8,0.028,1.068,0.447
2023,Texas Tech,337.1,0.521,0.646,0.65
2023,Toledo,351.3,1.0,0.951,0.91
2023,Troy,234.3,0.765,0.766,0.674
2023,Tulane,311.3,0.917,0.437,0.635
2023,Tulsa,107.9,0.231,0.423,0.351
2023,UAB,178.0,0.21,0.311,0.44
2023,UCF,345.6,0.695,0.663,0.666
2023,UCLA,174.8,0.129,0.161,0.277
2023,UConn,133.3,0.606,0.68,0.753
2023,UL Monroe,89.6,0.085,-0.155,0.123
2023,UNLV,166.0,1.059,0.529,0.621
2023,USC,599.9,0.925,0.605,0.764
2023,Utah,364.9,1.0,0.752,0.781
2023,Utah State,125.7,0.559,0.927,0.451
2023,UTEP,188.9,0.715,0.474,0.659
2023,UTSA,487.5,1.001,0.936,0.736
2023,Vanderbilt,139.7,0.501,-0.328,0.618
2023,Virginia,31.6,0.111,-0.393,0.302
2023,Virginia Tech,134.7,0.762,0.635,0.691
2023,Wake Forest,235.8,0.075,-0.186,0.363
2023,Washington,610.9,1.004,0.544,0.851
2023,Washington State,231.9,0.805,0.97,0.828
2023,Western Kentucky,327.8,1.007,0.551,0.764
2023,Western Michigan,92.9,0.901,0.075,0.605
2023,West Virginia,151.7,0.231,1.034,0.362
2023,Wisconsin,205.8,0.309,0.693,0.5
2023,Wyoming,172.3,0.894,0.797,0.643
2024,Air Force,100.6,0.106,0.238,0.217
2024,Akron,65.6,0.074,0.536,0.215
2024,Alabama,303.8,1.009,0.699,0.547
2024,App State,503.6,0.966,0.859,0.792
2024,Arizona,295.2,0.909,0.045,0.542
2024,Arizona State,145.1,0.905,0.907,0.595
2024,Arkansas,182.3,0.027,0.008,0.307
2024,Arkansas State,341.0,1.045,1.021,0.849
2024,Army,140.4,1.035,0.662,0.743
2024,Auburn,233.5,1.047,0.872,0.845
2024,Ball State,108.0,0.553,0.534,0.563
2024,Baylor,204.8,0.308,0.617,0.596
2024,Boise State,249.8,0.562,0.548,0.486
2024,Boston College,352.0,1.024,0.972,0.84
2024,Bowling Green,246.8,0.969,0.741,0.721
2024,Buffalo,38.1,0.067,0.455,0.168
2024,BYU,109.5,-0.407,0.698,0.561
2024,California,205.4,0.84,0.512,0.661
2024,Central Michigan,174.4,0.174,0.357,0.519
2024,Charlotte,134.6,0.575,0.328,0.545
2024,Cincinnati,121.2,-0.016,0.399,0.33
2024,Clemson,256.2,0.872,0.732,0.778
2024,Coastal Carolina,126.6,0.168,0.518,0.393
2024,Colorado,287.1,0.994,0.567,0.621
2024,Colorado State,306.5,0.914,0.91,0.733
2024,Duke,165.2,0.533,0.221,0.496
2024,East Carolina,53.1,-0.101,-0.924,0.327
2024,Eastern Michigan,35.4,0.0,-0.118,0.112
2024,Florida,321.2,0.906,0.605,0.718
2024,Florida Atlantic,7.8,0.037,-0.107,0.083
2024,Florida International,178.6,0.93,0.777,0.804
2024,Florida State,95.2,-0.047,0.459,0.262
2024,Fresno State,330.4,0.884,0.795,0.762
2024,Georgia,438.1,0.966,0.36,0.579
2024,Georgia Southern,212.6,0.054,0.971,0.375
2024,Georgia State,125.5,0.057,0.208,0.136
2024,Georgia Tech,412.8,1.0,0.767,0.852
2024,Hawai'i,396.9,0.964,0.106,0.883
2024,Houston,231.4,0.977,1.282,0.828
2024,Illinois,192.2,0.547,0.86,0.554
2024,Indiana,126.1,0.432,-0.148,0.285
2024,Iowa,56.1,-0.145,2.079,0.617
2024,Iowa State,385.8,0.945,1.25,0.762
2024,Jacksonville State,132.0,0.366,0.35,0.405
2024,James Madison,20.2,-0.016,-0.241,0.056
2024,Kansas,380.3,0.314,0.78,0.69
2024,Kansas State,206.9,0.147,0.515,0.396
2024,Kent State,126.0,0.558,5.4,0.502
2024,Kentucky,135.3,0.079,0.18,0.186
2024,Liberty,463.7,1.03,0.893,0.821
2024,Louisiana,189.6,0.437,0.244,0.577
2024,Louisiana Tech,101.0,0.379,0.191,0.27
2024,Louisville,76.3,0.066,0.068,0.171
2024,LSU,148.1,0.121,0.214,0.302
2024,Marshall,88.1,0.206,0.007,0.26
2024,Maryland,168.7,-0.038,0.472,0.413
2024,Massachusetts,99.0,0.501,0.272,0.393
2024,Memphis,496.5,0.937,0.697,0.735
2024,Miami,234.9,0.183,0.418,0.413
2024,Miami (OH),199.9,0.816,0.594,0.494
2024,Michigan,145.6,0.083,0.204,0.321
2024,Michigan State,75.6,0.022,2.091,0.314
2024,Middle Tennessee,227.1,0.945,0.87,0.795
2024,Minnesota,143.5,0.08,0.727,0.386
2024,Mississippi State,50.4,-0.081,0.461,0.223
2024,Missouri,461.9,1.0,0.462,0.659
2024,Navy,89.7,-7.621,0.674,0.603
2024,NC State,111.0,0.041,0.204,0.221
2024,Nebraska,147.4,0.543,0.572,0.589
2024,Nevada,111.8,0.874,1.43,0.682
2024,New Mexico,163.4,0.219,0.381,0.261
2024,New Mexico State,75.4,0.0,0.278,0.099
2024,North Carolina,238.3,-0.01,0.497,0.454
2024,Northern Illinois,200.9,0.218,0.806,0.575
2024,North Texas,110.5,0.062,-0.006,0.1
2024,Northwestern,144.2,0.057,0.141,0.42
2024,Notre Dame,214.4,0.247,0.17,0.346
2024,Ohio,53.4,0.073,0.344,0.095
2024,Ohio State,120.7,0.024,0.626,0.318
2024,Oklahoma,269.4,0.171,0.373,0.37
2024,Oklahoma State,388.4,0.972,0.886,0.8
2024,Old Dominion,190.4,0.791,0.668,0.567
2024,Ole Miss,488.2,0.896,0.879,0.642
2024,Oregon,298.2,0.077,0.387,0.323
2024,Oregon State,37.2,0.003,0.037,0.078
2024,Penn State,346.3,0.968,0.885,0.856
2024,Pittsburgh,171.0,0.456,1.321,0.418
2024,Purdue,170.0,0.909,0.569,0.688
2024,Rice,216.6,0.075,0.919,0.512
2024,Rutgers,124.4,0.084,0.535,0.421
2024,Sam Houston,119.5,-0.004,3.69,0.48
2024,San Diego State,84.5,0.0,0.523,0.408
2024,San José State,104.6,-0.006,-0.044,0.118
2024,SMU,585.2,0.989,0.825,0.915
2024,South Alabama,207.3,0.153,0.428,0.343
2024,South Carolina,79.8,0.099,0.134,0.138
2024,Southern Miss,66.8,0.161,0.24,0.283
2024,South Florida,395.1,1.0,0.886,0.905
2024,Stanford,252.8,1.006,0.936,0.834
2024,Syracuse,91.3,0.163,0.146,0.48
2024,TCU,287.1,0.585,0.06,0.522
2024,Temple,94.7,-0.016,-0.162,0.175
2024,Tennessee,153.8,0.071,0.336,0.357
2024,Texas,244.9,0.814,0.503,0.561
2024,Texas A&M,279.7,0.564,0.988,0.631
2024,Texas State,228.0,0.008,0.372,0.362
2024,Texas Tech,227.1,0.765,0.927,0.742
2024,Toledo,249.9,0.168,0.106,0.421
2024,Troy,127.2,0.079,0.067,0.169
2024,Tulane,121.0,0.112,0.684,0.481
2024,Tulsa,252.4,0.891,0.79,0.677
2024,UAB,334.6,0.934,0.574,0.709
2024,UCF,244.9,-0.001,0.574,0.446
2024,UCLA,276.0,0.51,0.656,0.472
2024,UConn,85.2,0.01,1.072,0.397
2024,UL Monroe,39.0,-0.417,0.811,0.239
2024,UNLV,234.0,0.071,0.241,0.305
2024,USC,150.8,0.19,0.159,0.196
2024,Utah,91.2,0.244,0.015,0.276
2024,Utah State,200.0,0.02,0.324,0.312
2024,UTEP,85.5,0.57,-0.404,0.3
2024,UTSA,149.4,0.094,0.572,0.531
2024,Vanderbilt,47.5,0.0,-0.332,0.238
2024,Virginia,230.7,0.918,0.389,0.716
2024,Virginia Tech,318.4,0.684,1.004,0.869
2024,Wake Forest,92.2,0.258,0.263,0.391
2024,Washington,18.2,0.009,0.021,0.035
2024,Washington State,134.4,0.093,0.342,0.217
2024,Western Kentucky,191.4,0.131,0.425,0.345
2024,Western Michigan,202.5,0.754,0.812,0.702
2024,West Virginia,369.2,0.966,1.05,0.899
2024,Wisconsin,179.5,0.104,0.301,0.446
2024,Wyoming,77.1,0.108,0.323,0.448
2025,Air Force,132.2,0.226,0.501,0.556
2025,Akron,105.8,0.788,0.064,0.531
2025,Alabama,187.5,0.394,0.208,0.395
2025,App State,48.8,0.0,-0.092,0.127
2025,Arizona,199.6,1.044,1.089,0.675
2025,Arizona State,341.1,0.905,0.424,0.612
2025,Arkansas,204.1,0.848,0.47,0.553
2025,Arkansas State,258.9,0.896,0.354,0.701
2025,Army,92.9,0.106,0.245,0.297
2025,Auburn,97.6,0.0,0.037,0.19
2025,Ball State,28.7,-0.007,-0.156,0.097
2025,Baylor,428.0,1.0,1.029,0.782
2025,Boise State,363.0,0.957,0.305,0.545
2025,Boston College,257.8,0.394,0.871,0.448
2025,Bowling Green,34.7,0.024,0.173,0.056
2025,Buffalo,165.4,0.364,0.95,0.684
2025,BYU,148.9,0.127,0.531,0.278
2025,California,23.5,-0.066,0.1,0.073
2025,Central Michigan,26.0,0.572,0.123,0.342
2025,Charlotte,61.8,0.0,0.077,0.095
2025,Cincinnati,211.1,1.008,0.637,0.636
2025,Clemson,374.4,1.0,0.696,0.753
2025,Coastal Carolina,141.1,-0.029,0.026,0.161
2025,Colorado,38.1,-0.026,-0.143,0.196
2025,Colorado State,194.5,0.85,0.363,0.649
2025,Duke,65.9,0.017,0.479,0.267
2025,East Carolina,225.5,0.762,0.336,0.453
2025,Eastern Michigan,77.6,0.04,0.036,0.124
2025,Florida,194.9,0.702,0.715,0.639
2025,Florida Atlantic,72.8,-0.068,0.273,0.179
2025,Florida International,141.9,1.009,0.955,0.613
2025,Florida State,26.1,-0.884,-0.07,0.34
2025,Fresno State,58.8,0.037,1.087,0.3
2025,Georgia,188.4,0.132,0.378,0.351
2025,Georgia Southern,284.7,0.846,0.781,0.684
2025,Georgia State,179.2,0.619,0.233,0.377
2025,Georgia Tech,323.2,0.997,0.846,0.736
2025,Hawai'i,202.6,0.438,0.119,0.349
2025,Houston,96.6,1.0,0.61,0.669
2025,Illinois,251.6,0.912,0.518,0.74
2025,Indiana,154.3,0.031,0.099,0.148
2025,Iowa,126.8,0.113,0.202,0.357
2025,Iowa State,299.9,0.953,1.07,0.755
2025,Jacksonville State,62.4,0.025,0.013,0.079
2025,James Madison,214.9,0.71,0.894,0.762
2025,Kansas,197.2,0.952,0.466,0.512
2025,Kansas State,349.1,0.933,0.635,0.691
2025,Kennesaw State,54.1,0.338,-5.909,0.511
2025,Kent State,19.5,-0.052,0.284,0.299
2025,Kentucky,71.5,-0.322,0.261,0.253
2025,Liberty,104.9,0.021,0.031,0.216
2025,Louisiana,82.0,-0.011,0.383,0.347
2025,Louisiana Tech,127.7,1.022,1.027,0.627
2025,Louisville,192.9,0.0,0.849,0.376
2025,LSU,331.2,0.951,0.672,0.711
2025,Marshall,26.2,0.0,0.0,0.024
2025,Maryland,49.7,0.05,-0.014,0.119
2025,Massachusetts,83.0,0.228,-0.011,0.17
2025,Memphis,66.7,0.017,0.173,0.078
2025,Miami,94.6,0.059,0.401,0.189
2025,Miami (OH),28.9,0.059,0.196,0.104
2025,Michigan,102.9,0.861,0.07,0.36
2025,Michigan State,207.2,1.001,0.891,0.653
2025,Middle Tennessee,177.6,1.0,1.153,0.65
2025,Minnesota,119.0,0.069,0.575,0.302
2025,Mississippi State,156.9,0.321,0.637,0.495
2025,Missouri,80.4,-0.009,0.184,0.131
2025,Navy,331.9,1.0,0.972,0.909
2025,NC State,336.0,0.83,0.733,0.625
2025,Nebraska,173.8,0.843,0.519,0.651
2025,Nevada,93.4,0.169,-0.015,0.178
2025,New Mexico,12.5,0.0,0.0,0.009
2025,New Mexico State,117.1,-26.167,0.336,0.339
2025,North Carolina,68.5,-0.079,0.17,0.173
2025,Northern Illinois,67.6,0.197,0.322,0.315
2025,North Texas,138.8,0.109,0.232,0.26
2025,Northwestern,43.0,-0.452,0.333,0.315
2025,Notre Dame,195.6,0.073,0.478,0.382
2025,Ohio,282.4,0.968,0.739,0.606
2025,Ohio State,221.2,0.04,0.053,0.195
2025,Oklahoma,145.8,0.635,0.486,0.489
2025,Oklahoma State,56.1,0.062,0.294,0.151
2025,Old Dominion,163.6,0.85,0.677,0.443
2025,Ole Miss,117.2,0.043,0.061,0.146
2025,Oregon,116.9,0.009,0.113,0.246
2025,Oregon State,179.7,-0.027,0.395,0.498
2025,Penn State,343.3,0.879,0.705,0.767
2025,Pittsburgh,274.7,0.727,0.535,0.674
2025,Purdue,46.2,0.133,0.496,0.367
2025,Rice,30.1,-0.067,0.23,0.146
2025,Rutgers,259.5,1.0,0.528,0.663
2025,Sam Houston,138.6,0.776,0.679,0.439
2025,San Diego State,31.0,0.13,-0.007,0.065
2025,San José State,185.5,0.504,1.767,0.591
2025,SMU,282.3,0.914,0.244,0.498
2025,South Alabama,135.4,0.24,0.319,0.332
2025,South Carolina,283.6,0.837,0.534,0.634
2025,Southern Miss,24.5,0.429,-0.013,0.085
2025,South Florida,115.9,0.189,0.291,0.231
2025,Stanford,38.6,1.236,-0.15,0.321
2025,Syracuse,88.6,0.013,-0.298,0.124
2025,TCU,331.9,0.956,0.282,0.595
2025,Temple,101.1,1.078,2.0,0.585
2025,Tennessee,95.0,0.025,0.237,0.225
2025,Texas,172.5,0.266,0.614,0.395
2025,Texas A&M,213.3,0.679,0.906,0.695
2025,Texas State,117.3,0.021,0.409,0.234
2025,Texas Tech,332.6,0.962,0.304,0.622
2025,Toledo,266.6,0.81,-2.175,0.756
2025,Troy,100.2,0.274,0.14,0.267
2025,Tulane,75.2,0.017,0.388,0.203
2025,Tulsa,73.8,0.388,0.111,0.296
2025,UAB,149.0,0.805,-0.069,0.438
2025,UCF,37.9,-0.427,0.264,0.175
2025,UCLA,76.3,0.0,-0.339,0.213
2025,UConn,258.5,0.963,0.492,0.757
2025,UL Monroe,144.9,0.922,0.437,0.393
2025,UNLV,64.3,0.14,0.222,0.195
2025,USC,192.5,0.151,0.222,0.29
2025,Utah,36.0,0.116,0.092,0.303
2025,Utah State,113.5,0.208,0.484,0.23
2025,UTEP,156.5,1.244,0.295,0.537
2025,UTSA,377.3,1.083,0.759,0.749
2025,Vanderbilt,318.7,0.992,0.906,0.924
2025,Virginia,88.4,0.133,0.315,0.202
2025,Virginia Tech,123.6,1.031,0.418,0.52
2025,Wake Forest,97.5,0.0,0.575,0.359
2025,Washington,206.8,0.237,0.818,0.491
2025,Washington State,103.8,0.189,0.108,0.178
2025,Western Kentucky,63.4,0.056,0.218,0.098
2025,Western Michigan,121.4,0.047,0.658,0.235
2025,West Virginia,85.3,0.157,0.207,0.291
2025,Wisconsin,132.3,0.061,0.324,0.248
2025,Wyoming,189.6,1.0,1.46,0.689
2026,Air Force,185.9,1.017,0.697,0.625
2026,Akron,158.8,0.874,1.022,0.943
2026,Alabama,120.2,0.123,-0.669,0.301
2026,App State,107.7,-0.309,0.85,0.523
2026,Arizona,202.4,1.199,0.603,0.686
2026,Arizona State,37.6,0.054,-0.048,0.135
2026,Arkansas,65.7,0.187,0.145,0.196
2026,Arkansas State,73.9,0.072,-2.463,0.389
2026,Army,168.5,0.626,0.886,0.586
2026,Auburn,35.8,0.0,0.263,0.196
2026,Ball State,5.6,0.0,-1.036,0.173
2026,Baylor,212.6,0.777,0.677,0.651
2026,Boise State,234.2,0.943,1.004,0.734
2026,Boston College,45.8,0.083,-0.623,0.095
2026,Bowling Green,-7.1,9.4,0.0,0.226
2026,Buffalo,-1.6,0.094,0.09,0.146
2026,BYU,284.3,1.0,0.965,0.882
2026,California,188.8,0.887,0.0,0.53
2026,Central Michigan,134.9,0.092,1.228,0.422
2026,Charlotte,53.6,1.13,0.268,0.478
2026,Cincinnati,34.8,0.035,0.041,0.071
2026,Clemson,124.3,0.141,-0.377,0.373
2026,Coastal Carolina,28.4,0.115,0.161,0.226
2026,Colorado,26.4,-0.261,-0.371,0.36
2026,Colorado State,79.6,0.23,-0.28,0.306
2026,Delaware,299.8,0.963,0.877,0.917
2026,Duke,75.6,0.041,0.432,0.22
2026,East Carolina,50.6,0.0,0.268,0.136
2026,Eastern Michigan,228.5,0.974,0.486,0.587
2026,Florida,143.0,0.943,0.893,0.79
2026,Florida Atlantic,266.8,0.934,1.068,0.65
2026,Florida International,75.2,-0.006,0.164,0.263
2026,Florida State,162.9,0.125,0.282,0.305
2026,Fresno State,104.6,0.073,0.166,0.491
2026,Georgia,248.1,0.997,0.993,0.742
2026,Georgia Southern,19.4,-0.04,0.066,0.212
2026,Georgia State,131.7,0.642,1.268,0.286
2026,Georgia Tech,47.7,0.0,0.348,0.145
2026,Hawai'i,234.7,0.912,0.211,0.578
2026,Houston,242.7,0.915,5.226,0.6
2026,Illinois,83.5,0.032,0.342,0.435
2026,Indiana,97.9,0.019,0.245,0.118
2026,Iowa,80.4,0.163,0.197,0.404
2026,Iowa State,4.7,0.03,0.045,0.029
2026,Jacksonville State,133.7,0.76,0.416,0.466
2026,James Madison,31.0,0.093,0.066,0.079
2026,Kansas,59.5,-0.015,0.145,0.162
2026,Kansas State,167.8,1.0,0.606,0.795
2026,Kennesaw State,23.1,0.0,-0.038,0.052
2026,Kent State,108.3,1.032,0.758,0.516
2026,Kentucky,43.8,-0.029,-0.093,0.18
2026,Liberty,86.9,0.746,0.45,0.425
2026,Louisiana,189.3,1.011,0.824,0.661
2026,Louisiana Tech,138.6,0.991,0.785,0.489
2026,Louisville,92.3,0.0,0.846,0.268
2026,LSU,42.9,0.132,0.402,0.269
2026,Marshall,284.6,1.002,2.104,0.752
2026,Maryland,112.3,0.866,1.418,0.705
2026,Massachusetts,-3.4,-0.365,2.209,0.135
2026,Memphis,20.7,0.017,0.0,0.031
2026,Miami,167.9,0.055,0.914,0.491
2026,Miami (OH),31.9,-0.024,0.333,0.287
2026,Michigan,212.5,1.037,0.589,0.711
2026,Michigan State,52.9,0.162,0.185,0.304
2026,Middle Tennessee,70.8,0.392,0.601,0.287
2026,Minnesota,113.5,0.971,10.0,0.679
2026,Mississippi State,109.5,-0.002,0.873,0.398
2026,Missouri,132.8,-0.023,0.775,0.502
2026,Missouri State,98.9,0.053,-0.032,0.192
2026,Navy,46.7,-0.031,0.194,0.136
2026,NC State,233.7,0.931,1.015,0.622
2026,Nebraska,146.2,0.052,0.295,0.392
2026,Nevada,32.3,-1.3,-0.118,0.444
2026,New Mexico,174.1,0.74,0.714,0.573
2026,New Mexico State,34.2,0.401,0.807,0.301
2026,North Carolina,46.9,0.095,0.536,0.316
2026,Northern Illinois,35.8,1.377,0.289,0.473
2026,North Texas,13.8,0.024,0.028,0.017
2026,Northwestern,198.2,0.939,0.88,0.948
2026,Notre Dame,175.6,0.907,0.123,0.461
2026,Ohio,205.6,0.937,1.004,0.833
2026,Ohio State,355.9,0.94,0.549,0.709
2026,Oklahoma,181.3,0.921,1.216,0.746
2026,Oklahoma State,0.0,0.0,0.0,0.0
2026,Old Dominion,32.8,-0.019,0.098,0.306
2026,Ole Miss,279.4,0.791,0.838,0.679
2026,Oregon,373.3,0.945,0.683,0.67
2026,Oregon State,97.3,0.897,1.437,0.503
2026,Penn State,21.5,0.033,-0.016,0.035
2026,Pittsburgh,149.9,0.586,0.672,0.505
2026,Purdue,111.7,0.97,0.606,0.49
2026,Rice,32.7,-3.17,0.773,0.318
2026,Rutgers,165.0,0.099,0.926,0.407
2026,Sam Houston,38.1,-0.311,-0.032,0.521
2026,San Diego State,182.6,1.0,1.0,0.998
2026,San José State,11.2,-0.076,0.355,0.137
2026,SMU,219.8,0.966,0.009,0.578
2026,South Alabama,180.8,0.951,0.617,0.759
2026,South Carolina,148.3,0.654,0.801,0.676
2026,Southern Miss,289.4,0.974,1.019,0.921
2026,South Florida,55.0,0.058,-0.007,0.161
2026,Stanford,47.9,-0.012,1.346,0.298
2026,Syracuse,80.1,0.834,-0.186,0.29
2026,TCU,94.3,0.11,0.313,0.251
2026,Temple,96.1,0.0,0.229,0.292
2026,Tennessee,186.2,0.066,0.48,0.367
2026,Texas,187.5,0.854,1.264,0.58
2026,Texas A&M,266.6,0.972,0.681,0.702
2026,Texas State,306.4,0.998,0.48,0.667
2026,Texas Tech,231.6,0.268,0.988,0.567
2026,Toledo,224.9,0.985,0.263,0.564
2026,Troy,75.1,1.028,1.357,0.568
2026,Tulane,72.5,0.0,0.595,0.185
2026,Tulsa,89.6,0.693,0.109,0.4
2026,UAB,245.1,1.0,0.633,0.855
2026,UCF,62.3,0.039,-0.168,0.196
2026,UCLA,108.3,0.547,0.861,0.635
2026,UConn,11.4,0.032,-0.001,0.027
2026,UL Monroe,63.5,0.782,0.157,0.458
2026,UNLV,66.1,0.038,0.311,0.271
2026,USC,305.5,0.909,0.78,0.657
2026,Utah,278.5,0.974,0.827,0.715
2026,Utah State,215.0,0.866,0.744,0.708
2026,UTEP,-0.9,0.181,-0.309,0.098
2026,UTSA,234.1,0.927,0.358,0.7
2026,Vanderbilt,203.3,0.087,0.501,0.326
2026,Virginia,34.9,0.011,0.21,0.136
2026,Virginia Tech,94.3,0.0,0.308,0.277
2026,Wake Forest,44.1,0.229,0.046,0.121
2026,Washington,228.1,0.942,0.519,0.571
2026,Washington State,228.3,1.0,1.0,0.975
2026,Western Kentucky,312.2,0.951,0.547,0.784
2026,Western Michigan,155.5,1.0,1.0,1.0
2026,West Virginia,21.1,0.624,-0.035,0.262
2026,Wisconsin,29.8,-5.0,0.318,0.468
2026,Wyoming,36.8,0.032,0.807,0.281
