season,team,sp_overall,sp_off,sp_def
2014,Alabama,34.3,44.5,10.7
2014,Florida State,28.5,45.0,18.9
2014,Georgia,27.6,44.2,16.8
2014,Ohio State,25.8,45.6,20.1
2014,Oregon,24.7,48.1,23.2
2014,Auburn,24.2,45.2,22.1
2014,Michigan State,24.1,42.5,17.9
2014,Baylor,23.9,43.0,19.5
2014,TCU,23.3,39.3,17.5
2014,Mississippi State,22.2,43.2,20.7
2014,LSU,21.5,34.2,13.3
2014,Stanford,21.4,33.5,12.0
2014,Wisconsin,20.8,38.7,18.1
2014,Ole Miss,20.7,35.4,14.4
2014,Texas A&M,20.2,43.6,26.3
2014,Missouri,19.3,33.0,15.2
2014,Oklahoma,19.2,39.9,22.2
2014,Clemson,18.1,29.0,11.6
2014,UCLA,17.7,39.9,23.0
2014,South Carolina,17.4,43.6,26.5
2014,Florida,17.3,29.8,14.1
2014,USC,17.1,38.8,22.5
2014,Louisville,17.0,34.0,16.7
2014,Marshall,16.8,38.4,23.1
2014,Kansas State,16.3,37.7,23.2
2014,Pittsburgh,14.1,37.4,25.3
2014,Miami,13.9,35.0,21.3
2014,Arizona State,13.5,36.1,23.3
2014,Nebraska,13.1,33.8,21.0
2014,Tennessee,12.2,31.0,19.9
2014,Arkansas,12.2,32.4,19.4
2014,Boise State,11.6,36.6,24.7
2014,Georgia Tech,11.2,44.1,32.0
2014,Notre Dame,10.8,37.5,26.0
2014,BYU,10.2,33.1,24.1
2014,Penn State,9.2,20.6,11.0
2014,Texas,9.0,26.0,17.2
2014,Utah,8.8,29.1,23.0
2014,Oklahoma State,8.6,32.0,24.0
2014,East Carolina,8.5,34.7,24.6
2014,West Virginia,8.4,31.3,24.3
2014,Michigan,8.2,27.0,19.0
2014,NC State,8.1,34.1,27.1
2014,Virginia Tech,7.8,25.7,17.2
2014,Washington,7.8,28.5,21.8
2014,Arizona,7.6,33.4,25.7
2014,Duke,7.0,29.6,25.1
2014,Cincinnati,6.9,36.3,29.8
2014,Minnesota,6.8,29.7,24.3
2014,Iowa,6.8,32.5,24.2
2014,Kentucky,6.6,29.8,24.8
2014,Utah State,6.0,25.2,18.6
2014,UCF,5.7,25.8,19.7
2014,Maryland,5.7,30.4,26.1
2014,Memphis,5.6,26.5,22.0
2014,Houston,5.4,30.4,23.6
2014,Texas Tech,4.9,39.9,35.3
2014,Boston College,4.9,28.7,23.7
2014,Colorado State,4.5,33.2,29.2
2014,Virginia,4.0,23.5,20.4
2014,Navy,3.4,36.5,32.5
2014,Oregon State,3.2,30.3,27.9
2014,Toledo,2.3,38.0,35.2
2014,Louisiana,2.2,30.0,29.3
2014,Indiana,1.8,30.1,27.8
2014,Northwestern,1.5,23.7,21.6
2014,San Diego State,1.0,25.1,24.6
2014,Illinois,0.4,28.3,27.9
2014,North Carolina,0.0,35.8,35.1
2014,Arkansas State,-0.3,31.5,31.6
2014,California,-0.6,36.6,36.3
2014,Northern Illinois,-0.6,29.8,29.6
2014,Western Michigan,-0.8,30.2,31.8
2014,Air Force,-1.4,26.2,29.5
2014,Rutgers,-1.5,32.0,33.1
2014,Washington State,-1.7,33.0,32.8
2014,Louisiana Tech,-1.7,27.0,27.5
2014,Syracuse,-2.1,18.8,20.9
2014,Georgia Southern,-2.4,32.0,33.4
2014,Western Kentucky,-2.6,40.1,41.6
2014,Rice,-3.1,27.9,29.8
2014,UTSA,-3.4,16.6,22.1
2014,UAB,-4.2,26.0,32.8
2014,South Alabama,-4.3,23.4,28.3
2014,Vanderbilt,-4.3,22.0,25.3
2014,Temple,-4.7,15.8,18.9
2014,Colorado,-5.0,32.5,38.9
2014,Central Michigan,-5.2,26.1,30.2
2014,Bowling Green,-5.4,27.7,33.5
2014,Purdue,-6.2,22.7,30.2
2014,Ball State,-6.6,25.6,33.9
2014,Fresno State,-6.9,24.5,31.0
2014,Nevada,-7.3,26.7,33.7
2014,Texas State,-7.4,27.9,35.3
2014,Buffalo,-7.7,27.1,33.5
2014,Wake Forest,-7.8,13.1,22.6
2014,Iowa State,-7.9,21.7,30.2
2014,App State,-8.3,26.2,32.0
2014,Middle Tennessee,-8.7,29.6,36.5
2014,Akron,-9.4,18.9,28.1
2014,North Texas,-9.4,20.2,31.2
2014,Kansas,-9.8,21.1,29.1
2014,UL Monroe,-10.0,18.4,28.8
2014,Florida Atlantic,-10.4,25.2,34.9
2014,San José State,-11.5,22.1,30.5
2014,Ohio,-11.7,17.8,28.2
2014,South Florida,-11.8,19.0,32.3
2014,UTEP,-12.0,23.5,35.4
2014,Old Dominion,-12.7,32.8,43.3
2014,Kent State,-13.7,16.7,29.5
2014,Wyoming,-14.0,20.0,34.1
2014,UConn,-14.1,14.6,27.7
2014,Hawai'i,-15.0,15.7,30.6
2014,New Mexico,-15.0,28.4,42.4
2014,Tulane,-15.0,16.2,28.0
2014,Tulsa,-15.8,23.6,37.7
2014,Troy,-15.9,22.4,37.5
2014,Southern Miss,-15.9,19.0,34.8
2014,Florida International,-16.2,15.0,30.3
2014,Army,-16.9,25.2,40.9
2014,Idaho,-17.4,24.6,41.4
2014,UNLV,-17.6,22.0,39.1
2014,Miami (OH),-18.7,21.5,37.9
2014,Massachusetts,-20.2,22.6,39.9
2014,SMU,-21.2,16.6,34.9
2014,Georgia State,-22.8,22.8,45.9
2014,New Mexico State,-23.3,23.0,43.3
2014,Eastern Michigan,-25.9,17.8,42.7
2014,nationalAverages,2.1671875,29.4984375,27.3234375
2015,Ohio State,29.5,41.3,13.5
2015,Alabama,29.0,37.7,9.1
2015,Ole Miss,27.0,43.1,17.4
2015,Clemson,24.0,41.9,17.2
2015,Florida State,23.2,38.0,15.0
2015,Stanford,22.8,44.5,24.5
2015,Oklahoma,22.7,41.7,19.3
2015,Notre Dame,22.4,44.1,21.2
2015,North Carolina,20.0,43.3,25.3
2015,Michigan,19.7,35.2,16.2
2015,LSU,19.7,41.3,21.8
2015,Baylor,19.5,45.1,24.1
2015,Tennessee,19.5,35.7,17.8
2015,Arkansas,19.2,46.6,28.0
2015,TCU,19.0,40.8,21.7
2015,UCLA,18.6,42.4,22.6
2015,USC,16.8,38.6,23.3
2015,Georgia,16.8,28.6,10.7
2015,Oregon,15.9,46.7,30.4
2015,Michigan State,15.6,35.7,20.6
2015,Mississippi State,15.1,40.2,23.8
2015,Wisconsin,15.1,27.0,12.4
2015,Auburn,14.6,36.1,23.1
2015,Texas A&M,14.1,31.9,18.8
2015,Florida,13.8,26.7,15.8
2015,Louisville,13.2,33.4,20.0
2015,West Virginia,12.9,34.4,19.9
2015,Navy,12.1,38.9,27.8
2015,California,12.1,41.3,29.5
2015,Boise State,11.8,32.2,20.2
2015,Virginia Tech,11.4,30.8,19.7
2015,Penn State,11.3,28.4,19.0
2015,Nebraska,11.1,35.4,25.0
2015,Pittsburgh,11.1,33.9,22.4
2015,Utah,11.0,28.8,19.8
2015,Miami,11.0,34.9,25.8
2015,Western Kentucky,10.8,40.1,29.8
2015,Arizona State,10.2,34.9,27.2
2015,Oklahoma State,9.9,37.7,28.8
2015,Washington,9.7,30.1,20.8
2015,NC State,9.6,36.2,24.7
2015,Iowa,9.3,30.1,21.0
2015,Georgia Tech,9.0,33.1,25.4
2015,BYU,8.7,31.9,24.6
2015,Louisiana Tech,8.3,35.6,27.4
2015,Minnesota,8.1,28.1,22.4
2015,San Diego State,8.0,28.6,22.6
2015,Memphis,8.0,35.1,30.4
2015,App State,7.9,33.2,25.1
2015,Toledo,7.7,30.4,21.8
2015,Bowling Green,7.5,39.4,32.1
2015,Georgia Southern,7.3,32.8,26.5
2015,Houston,6.2,33.6,28.4
2015,Temple,6.0,26.4,20.6
2015,Cincinnati,5.3,34.4,28.2
2015,Western Michigan,4.9,36.7,32.2
2015,Boston College,4.7,18.0,12.5
2015,Arizona,4.7,38.0,31.6
2015,Air Force,4.7,32.6,29.2
2015,Texas Tech,4.5,44.8,40.3
2015,Washington State,4.2,35.8,29.4
2015,Texas,3.7,30.7,27.0
2015,South Florida,3.6,30.1,26.8
2015,Marshall,3.5,25.4,20.3
2015,Duke,3.4,27.0,21.5
2015,Missouri,3.4,16.7,12.4
2015,South Carolina,3.4,31.3,28.6
2015,Illinois,2.7,22.7,20.2
2015,Kansas State,2.6,32.2,30.8
2015,Southern Miss,1.4,31.3,31.1
2015,Virginia,1.4,33.0,30.8
2015,Colorado State,0.5,29.4,30.2
2015,Arkansas State,0.5,30.9,28.4
2015,Indiana,0.4,37.5,35.9
2015,Northwestern,0.2,16.8,15.0
2015,Utah State,-0.1,24.1,22.9
2015,Kentucky,-0.3,26.8,27.2
2015,Iowa State,-0.3,31.2,33.7
2015,East Carolina,-0.5,28.6,27.9
2015,Ohio,-0.5,24.5,26.6
2015,Akron,-0.8,24.8,25.9
2015,Northern Illinois,-0.9,26.1,25.4
2015,Vanderbilt,-1.6,17.8,19.3
2015,Maryland,-1.6,26.1,26.5
2015,Central Michigan,-3.1,26.4,27.2
2015,Syracuse,-3.9,30.0,33.2
2015,Colorado,-4.0,25.8,28.5
2015,San José State,-4.5,26.8,32.0
2015,Wake Forest,-4.5,19.8,25.2
2015,Middle Tennessee,-4.6,27.7,32.1
2015,UConn,-6.3,18.1,23.9
2015,Georgia State,-6.7,28.0,31.9
2015,Troy,-7.0,24.5,31.9
2015,Louisiana,-7.1,24.2,32.1
2015,Nevada,-7.1,26.9,32.6
2015,Purdue,-7.4,26.6,33.5
2015,Tulsa,-8.5,32.4,41.2
2015,New Mexico,-8.7,24.9,34.8
2015,Massachusetts,-9.5,22.1,29.3
2015,Florida Atlantic,-9.8,18.8,29.3
2015,Rutgers,-10.1,29.3,37.1
2015,Oregon State,-10.1,25.9,35.3
2015,Buffalo,-10.3,24.1,32.2
2015,South Alabama,-10.4,24.3,33.4
2015,Kent State,-11.9,10.6,21.3
2015,Idaho,-12.2,30.7,44.4
2015,Fresno State,-12.6,19.6,32.8
2015,Miami (OH),-13.5,16.8,29.5
2015,Tulane,-14.0,20.3,32.5
2015,Rice,-14.6,24.0,37.9
2015,UL Monroe,-14.7,18.4,32.9
2015,Old Dominion,-14.8,22.5,37.5
2015,UCF,-15.5,16.3,33.7
2015,Ball State,-15.5,21.9,37.3
2015,Texas State,-15.5,26.3,40.5
2015,UNLV,-16.2,24.2,39.9
2015,Hawai'i,-16.3,16.6,35.1
2015,Florida International,-16.6,21.7,36.5
2015,Wyoming,-16.7,22.9,39.7
2015,SMU,-17.5,27.3,42.3
2015,UTSA,-17.7,19.3,36.6
2015,New Mexico State,-18.6,24.5,42.2
2015,UTEP,-19.5,18.7,37.8
2015,Eastern Michigan,-19.7,25.6,45.5
2015,Kansas,-21.3,20.2,40.6
2015,Army,-21.7,20.3,39.0
2015,Charlotte,-21.7,11.9,31.9
2015,North Texas,-25.0,13.3,39.2
2015,nationalAverages,2.2265625,29.76328125,27.5265625
2016,Alabama,31.7,40.0,8.6
2016,Clemson,28.7,43.5,14.1
2016,Washington,26.7,40.2,13.9
2016,Oklahoma,26.1,48.7,22.9
2016,LSU,25.3,34.2,9.0
2016,Michigan,24.4,34.8,11.1
2016,Florida State,24.0,42.6,18.8
2016,USC,23.6,39.2,17.1
2016,Louisville,22.9,40.8,17.7
2016,Ohio State,22.4,35.6,15.0
2016,Penn State,19.0,38.0,20.9
2016,Miami,18.6,34.1,17.3
2016,Stanford,16.4,31.2,17.5
2016,Oklahoma State,16.4,42.4,27.0
2016,Tennessee,16.3,39.9,25.2
2016,Wisconsin,16.1,30.5,14.8
2016,North Carolina,15.9,38.5,24.6
2016,Notre Dame,15.7,39.4,23.2
2016,Western Kentucky,15.5,40.7,25.8
2016,Florida,15.4,26.6,14.0
2016,Auburn,15.3,32.1,18.4
2016,Virginia Tech,15.2,34.5,19.6
2016,Pittsburgh,13.1,43.0,29.4
2016,Minnesota,12.6,27.8,17.5
2016,Ole Miss,12.4,38.9,27.9
2016,Toledo,12.3,40.6,27.4
2016,Texas A&M,12.0,37.2,26.1
2016,Temple,11.9,31.5,19.8
2016,Boise State,11.5,36.7,25.0
2016,Western Michigan,11.5,40.0,28.9
2016,San Diego State,11.4,32.0,22.5
2016,Baylor,11.3,37.0,24.2
2016,West Virginia,11.3,35.7,22.8
2016,TCU,11.0,34.5,23.4
2016,Utah,10.9,32.5,23.6
2016,Texas,10.6,37.4,26.8
2016,Iowa,10.3,29.0,18.9
2016,Nebraska,10.3,37.7,28.3
2016,Houston,10.1,30.8,21.7
2016,South Florida,9.8,44.4,34.9
2016,NC State,9.4,30.5,19.3
2016,Georgia,9.3,28.0,17.6
2016,App State,9.2,30.0,20.5
2016,UCLA,9.1,27.5,17.3
2016,Kansas State,8.2,34.2,27.2
2016,BYU,8.0,29.6,23.1
2016,Arkansas,7.9,36.2,28.9
2016,Georgia Tech,7.8,35.0,28.5
2016,Memphis,7.7,33.8,29.3
2016,Michigan State,7.4,31.0,24.1
2016,Tulsa,7.4,34.6,27.6
2016,Navy,6.8,39.8,33.9
2016,Colorado,6.3,29.3,21.7
2016,Washington State,6.2,36.2,27.8
2016,Oregon,6.1,42.5,36.1
2016,Mississippi State,5.4,34.5,27.8
2016,Indiana,4.6,25.1,19.4
2016,Air Force,4.4,33.0,29.9
2016,Texas Tech,3.7,40.6,36.9
2016,Louisiana Tech,3.1,39.8,36.9
2016,Northwestern,2.9,27.9,23.5
2016,California,2.4,38.4,36.3
2016,Troy,1.1,25.7,25.1
2016,Colorado State,0.8,33.5,34.0
2016,Southern Miss,0.7,29.1,29.6
2016,Iowa State,0.7,27.0,28.5
2016,Wake Forest,-0.6,21.5,22.9
2016,Maryland,-0.6,28.7,28.1
2016,Old Dominion,-0.7,29.9,30.9
2016,Missouri,-1.0,31.2,31.3
2016,Vanderbilt,-1.2,25.3,26.3
2016,Arkansas State,-1.2,21.9,21.1
2016,Boston College,-1.6,20.1,20.8
2016,Middle Tennessee,-1.9,35.0,36.8
2016,Ohio,-2.1,22.0,25.8
2016,UCF,-2.2,19.3,23.3
2016,Northern Illinois,-2.4,32.0,32.7
2016,Kentucky,-2.6,30.8,33.4
2016,Syracuse,-2.7,29.2,31.2
2016,Duke,-2.8,26.8,27.6
2016,Arizona State,-3.0,32.2,37.6
2016,Cincinnati,-3.6,24.5,27.3
2016,Virginia,-3.8,25.4,28.5
2016,Georgia Southern,-3.9,27.8,32.6
2016,South Carolina,-4.0,22.7,27.5
2016,Utah State,-4.4,24.7,27.7
2016,Arizona,-4.5,29.6,32.4
2016,Oregon State,-4.6,26.1,30.0
2016,New Mexico,-5.1,32.2,38.6
2016,Akron,-5.6,22.3,28.2
2016,Miami (OH),-6.1,23.8,29.0
2016,Central Michigan,-6.1,27.6,31.4
2016,Bowling Green,-6.6,25.0,31.8
2016,Illinois,-6.7,22.7,29.5
2016,Wyoming,-6.9,30.4,37.5
2016,Ball State,-7.0,28.2,35.1
2016,Eastern Michigan,-8.2,28.3,36.6
2016,Idaho,-8.6,24.7,34.9
2016,Louisiana,-8.7,19.8,29.4
2016,East Carolina,-9.0,27.2,35.1
2016,South Alabama,-9.4,25.2,33.3
2016,Army,-9.9,22.2,29.2
2016,Hawai'i,-10.1,28.6,40.8
2016,SMU,-10.8,24.3,32.6
2016,Purdue,-11.0,25.1,35.6
2016,UTSA,-11.2,22.7,33.6
2016,UConn,-11.6,19.8,30.9
2016,Kent State,-12.0,16.6,27.4
2016,Georgia State,-12.1,17.3,26.7
2016,Marshall,-12.7,24.6,35.8
2016,Nevada,-13.0,26.2,37.9
2016,San José State,-13.6,22.4,36.7
2016,Florida Atlantic,-14.1,28.7,43.5
2016,UNLV,-14.3,26.7,40.4
2016,Tulane,-14.6,15.7,28.4
2016,North Texas,-14.6,22.0,37.5
2016,Rutgers,-14.9,17.3,29.9
2016,Massachusetts,-15.3,23.7,36.7
2016,Kansas,-15.9,21.0,36.0
2016,UTEP,-16.1,25.0,40.6
2016,Rice,-16.5,22.8,38.6
2016,Fresno State,-16.9,16.4,33.9
2016,New Mexico State,-17.2,23.2,39.5
2016,Buffalo,-18.8,16.8,33.5
2016,Florida International,-19.0,25.0,42.2
2016,Charlotte,-20.9,17.6,36.9
2016,UL Monroe,-21.3,20.4,41.5
2016,Texas State,-25.5,18.4,42.5
2016,nationalAverages,1.946875,30.0125,28.0578125
2017,Alabama,33.5,38.7,5.6
2017,Ohio State,30.9,42.9,12.8
2017,Wisconsin,26.8,37.4,11.6
2017,Georgia,26.7,39.6,15.4
2017,Clemson,26.4,36.5,8.3
2017,Penn State,26.0,41.5,14.9
2017,Oklahoma,25.5,49.8,24.2
2017,Auburn,24.7,35.4,11.0
2017,Florida State,22.8,33.3,12.5
2017,Washington,22.1,39.4,16.3
2017,LSU,21.1,35.6,14.0
2017,Notre Dame,20.8,37.4,16.9
2017,Michigan,19.6,31.1,11.8
2017,Louisville,19.2,43.3,24.9
2017,Oklahoma State,19.1,42.2,23.0
2017,TCU,18.9,35.7,18.7
2017,USC,17.9,38.5,20.0
2017,Miami,17.4,35.3,17.0
2017,Mississippi State,16.0,32.4,18.1
2017,Stanford,15.8,37.7,24.5
2017,Virginia Tech,14.3,27.8,14.4
2017,UCF,14.1,40.5,26.9
2017,Michigan State,13.8,27.7,15.1
2017,NC State,12.9,38.0,23.3
2017,Utah,12.0,30.6,20.5
2017,Ole Miss,11.6,38.9,28.8
2017,Northwestern,11.2,28.8,17.4
2017,Missouri,11.1,35.5,26.4
2017,Kansas State,10.9,34.4,26.1
2017,Texas,10.6,26.7,16.3
2017,Wake Forest,10.5,35.7,25.1
2017,South Florida,10.2,31.6,21.2
2017,Indiana,10.2,28.6,20.2
2017,Florida,10.1,30.8,22.4
2017,Iowa,9.8,28.4,19.4
2017,Texas A&M,9.4,33.1,25.2
2017,Boise State,9.1,28.6,20.5
2017,Oregon,9.1,35.0,25.1
2017,Georgia Tech,8.9,34.9,25.1
2017,Washington State,8.6,30.9,22.1
2017,Memphis,7.8,37.6,30.6
2017,South Carolina,7.8,28.4,19.7
2017,Houston,7.7,32.3,25.8
2017,Iowa State,7.5,38.2,30.7
2017,Toledo,6.6,32.2,25.7
2017,Duke,6.1,25.5,19.2
2017,Pittsburgh,6.0,31.4,25.0
2017,Purdue,5.8,28.6,22.1
2017,West Virginia,5.6,33.6,27.2
2017,Florida Atlantic,5.1,34.7,31.3
2017,UCLA,4.9,39.3,34.5
2017,Texas Tech,4.8,34.4,28.3
2017,Boston College,4.6,25.2,19.9
2017,San Diego State,4.5,28.5,24.8
2017,North Carolina,4.3,29.3,25.9
2017,Syracuse,4.0,29.3,27.3
2017,Colorado State,3.9,34.6,32.7
2017,App State,3.8,29.5,24.8
2017,Arizona,3.7,38.1,33.9
2017,Ohio,3.3,32.2,30.6
2017,Kentucky,2.7,30.8,29.5
2017,Nebraska,2.5,25.6,23.7
2017,Arkansas,2.1,34.1,31.8
2017,Colorado,2.0,30.3,30.1
2017,Troy,1.6,27.5,23.5
2017,Arkansas State,1.5,29.3,28.6
2017,Tennessee,1.2,25.8,25.7
2017,Arizona State,1.0,33.9,33.1
2017,Virginia,0.8,25.0,23.3
2017,Vanderbilt,0.6,32.3,29.0
2017,Temple,0.5,25.1,24.1
2017,Minnesota,0.4,23.9,22.1
2017,Navy,-0.7,32.5,32.1
2017,California,-1.0,28.7,29.9
2017,Baylor,-1.4,26.9,29.0
2017,Northern Illinois,-1.4,21.0,20.5
2017,Miami (OH),-2.2,24.2,26.9
2017,Western Michigan,-2.4,25.7,28.4
2017,UTSA,-2.5,18.7,22.5
2017,Wyoming,-2.5,19.7,23.1
2017,Fresno State,-2.7,22.3,25.5
2017,SMU,-2.9,35.4,37.4
2017,Utah State,-3.3,24.4,28.0
2017,Southern Miss,-3.4,24.9,28.3
2017,Maryland,-4.5,26.7,28.3
2017,North Texas,-4.5,28.6,34.3
2017,Marshall,-4.5,19.4,23.9
2017,Western Kentucky,-4.9,25.5,30.0
2017,Middle Tennessee,-4.9,21.2,26.8
2017,Army,-5.3,32.1,35.0
2017,Eastern Michigan,-5.3,22.0,26.4
2017,Rutgers,-5.5,23.3,29.0
2017,Louisiana Tech,-5.5,26.8,32.7
2017,Tulane,-5.7,28.5,35.0
2017,Cincinnati,-6.4,23.3,28.2
2017,Illinois,-7.4,21.6,29.9
2017,BYU,-7.4,18.6,25.8
2017,Central Michigan,-8.6,21.4,28.2
2017,New Mexico State,-9.4,24.5,32.6
2017,Massachusetts,-9.7,24.1,31.9
2017,Bowling Green,-10.0,27.5,38.9
2017,Florida International,-10.4,24.0,35.0
2017,Tulsa,-10.7,27.3,37.8
2017,Air Force,-11.0,28.8,40.5
2017,Buffalo,-11.2,24.9,33.9
2017,South Alabama,-12.0,18.3,31.4
2017,New Mexico,-12.4,20.8,34.2
2017,Idaho,-12.4,18.7,30.2
2017,Oregon State,-12.6,28.8,39.9
2017,UL Monroe,-12.9,32.3,45.5
2017,East Carolina,-14.0,27.2,41.8
2017,Georgia State,-14.0,17.0,28.6
2017,UNLV,-14.5,26.2,39.8
2017,Kansas,-14.8,21.6,36.7
2017,Louisiana,-15.8,27.5,42.9
2017,Georgia Southern,-15.8,18.3,35.5
2017,Nevada,-16.4,25.6,41.1
2017,Old Dominion,-16.8,16.3,32.8
2017,Akron,-17.6,24.1,39.6
2017,UConn,-19.2,22.4,40.7
2017,Ball State,-19.7,20.3,37.7
2017,Hawai'i,-19.7,23.3,40.4
2017,San José State,-20.0,15.2,37.5
2017,Kent State,-20.2,14.3,32.4
2017,Texas State,-23.5,14.7,36.9
2017,Rice,-23.6,19.2,40.9
2017,Charlotte,-26.1,13.7,37.7
2017,UTEP,-27.4,12.8,38.7
2017,nationalAverages,1.66953125,28.9046875,27.23515625
2018,Alabama,36.3,50.9,14.2
2018,Georgia,32.9,45.9,14.2
2018,Clemson,29.7,43.0,12.6
2018,Oklahoma,24.9,54.0,30.0
2018,LSU,24.2,34.8,13.4
2018,Ohio State,24.1,44.4,21.2
2018,Auburn,23.6,36.9,14.1
2018,Mississippi State,23.2,34.6,10.5
2018,Florida,23.0,38.6,17.4
2018,Michigan,22.0,35.5,14.3
2018,Texas A&M,21.6,40.3,19.8
2018,Missouri,20.8,41.3,21.0
2018,Notre Dame,20.7,34.6,14.5
2018,Washington,19.9,34.5,12.7
2018,Penn State,19.0,33.9,14.6
2018,Fresno State,17.4,33.5,15.5
2018,Utah,16.8,31.9,18.1
2018,UCF,16.5,39.9,25.2
2018,Wisconsin,15.5,39.3,21.6
2018,South Carolina,14.9,36.4,23.6
2018,Utah State,14.2,36.3,22.5
2018,Oklahoma State,13.8,42.0,28.9
2018,Iowa,13.3,30.3,17.7
2018,West Virginia,13.2,41.1,29.2
2018,Kentucky,13.1,29.5,16.3
2018,Stanford,13.0,35.4,24.3
2018,Miami,12.7,29.3,15.8
2018,Boise State,12.2,37.1,22.8
2018,App State,11.9,30.0,19.0
2018,Michigan State,11.5,22.0,10.8
2018,Washington State,11.3,38.8,27.3
2018,Texas,11.3,35.3,24.4
2018,Ole Miss,9.8,42.1,31.2
2018,USC,9.7,31.7,22.5
2018,NC State,9.4,35.1,26.7
2018,Memphis,9.2,38.8,30.5
2018,Texas Tech,8.7,36.2,29.8
2018,Iowa State,7.9,29.9,21.5
2018,Vanderbilt,7.6,35.6,27.1
2018,Syracuse,7.5,32.1,27.4
2018,Oregon,7.3,34.7,25.8
2018,Virginia,7.1,29.7,22.0
2018,TCU,6.9,25.7,16.9
2018,Purdue,6.5,37.2,30.8
2018,Minnesota,6.3,28.2,22.8
2018,BYU,6.2,28.9,22.3
2018,San Diego State,6.0,25.6,21.0
2018,Tennessee,5.5,33.4,28.9
2018,Cincinnati,5.4,28.3,22.6
2018,Nebraska,5.4,32.7,26.9
2018,Duke,5.0,30.5,25.0
2018,Arizona State,5.0,33.9,30.4
2018,Arkansas,4.5,29.7,25.7
2018,Ohio,4.0,38.2,35.0
2018,Virginia Tech,3.9,32.8,29.4
2018,California,3.9,18.3,15.6
2018,Arizona,3.6,32.3,29.0
2018,Wake Forest,3.6,31.2,28.1
2018,Maryland,3.0,27.6,25.9
2018,Temple,2.9,28.1,23.9
2018,Pittsburgh,2.7,29.0,26.6
2018,Troy,2.6,26.4,25.6
2018,Boston College,2.4,26.5,22.1
2018,Houston,2.3,36.7,34.9
2018,North Texas,2.1,29.2,29.5
2018,Baylor,2.0,33.1,30.3
2018,Toledo,2.0,35.2,34.4
2018,Wyoming,1.9,25.1,23.7
2018,Northwestern,1.9,25.5,21.6
2018,Indiana,1.6,30.2,29.1
2018,Florida State,1.4,25.0,22.8
2018,Arkansas State,1.2,29.9,27.9
2018,Marshall,1.0,22.0,20.5
2018,Georgia Tech,0.3,33.0,33.9
2018,UAB,-0.3,24.1,24.4
2018,UCLA,-0.4,30.7,32.4
2018,Kansas State,-0.5,27.2,27.5
2018,Nevada,-0.5,27.5,28.0
2018,Colorado,-0.7,27.0,27.2
2018,Miami (OH),-0.7,26.2,28.4
2018,Florida Atlantic,-0.8,30.8,29.9
2018,Buffalo,-1.1,31.3,29.9
2018,South Florida,-1.2,29.1,29.8
2018,Army,-1.5,29.4,28.7
2018,Air Force,-1.8,29.2,31.2
2018,Eastern Michigan,-2.0,25.5,26.1
2018,Georgia Southern,-2.4,27.9,31.6
2018,North Carolina,-2.5,29.9,31.9
2018,Northern Illinois,-2.7,19.1,20.8
2018,Tulane,-3.5,23.8,28.3
2018,Middle Tennessee,-3.8,24.4,28.7
2018,Southern Miss,-5.0,16.6,21.4
2018,SMU,-5.4,24.0,29.7
2018,Louisiana,-6.9,30.5,38.9
2018,Louisiana Tech,-6.9,22.0,27.0
2018,Florida International,-7.4,26.7,34.7
2018,Illinois,-7.9,29.1,38.6
2018,Louisville,-9.1,24.5,33.6
2018,New Mexico,-9.5,23.8,35.7
2018,Kansas,-10.0,21.9,31.9
2018,Navy,-10.2,27.5,38.3
2018,Colorado State,-10.3,27.6,36.7
2018,Hawai'i,-10.4,29.5,39.5
2018,Western Michigan,-10.7,29.8,37.4
2018,UL Monroe,-10.9,26.5,35.4
2018,UNLV,-11.1,30.7,38.9
2018,Tulsa,-11.2,22.9,32.3
2018,Rutgers,-12.3,15.0,28.5
2018,Old Dominion,-14.1,24.9,39.7
2018,East Carolina,-14.9,18.3,34.2
2018,Oregon State,-16.0,28.8,43.4
2018,Massachusetts,-16.1,27.8,42.2
2018,Western Kentucky,-16.1,17.9,31.8
2018,Texas State,-16.4,14.9,29.0
2018,San José State,-17.1,17.3,34.7
2018,Coastal Carolina,-17.2,28.1,45.7
2018,South Alabama,-17.7,24.5,42.0
2018,Charlotte,-18.5,15.0,33.5
2018,Ball State,-18.9,22.5,40.2
2018,Akron,-19.3,11.9,31.0
2018,Liberty,-19.7,25.1,41.7
2018,Central Michigan,-20.0,9.0,28.7
2018,New Mexico State,-20.2,19.2,38.0
2018,Kent State,-20.4,20.5,40.3
2018,Georgia State,-20.4,23.6,43.6
2018,Bowling Green,-22.0,24.7,43.9
2018,UTSA,-22.1,11.1,34.4
2018,Rice,-26.4,15.0,42.5
2018,UConn,-26.4,24.7,51.9
2018,UTEP,-26.6,12.1,37.1
2018,nationalAverages,1.4430769230769231,29.34769230769231,27.90692307692308
2019,Ohio State,35.4,44.4,10.6
2019,LSU,33.1,48.9,17.7
2019,Alabama,32.4,47.7,14.6
2019,Clemson,28.1,43.5,14.6
2019,Georgia,26.8,34.2,10.0
2019,Penn State,24.3,37.5,15.7
2019,Florida,24.0,37.8,15.5
2019,Oklahoma,22.9,46.1,24.9
2019,Auburn,21.0,33.9,14.9
2019,Michigan,20.7,35.7,16.0
2019,Wisconsin,20.3,37.7,16.4
2019,Utah,19.5,36.5,17.0
2019,Minnesota,19.4,39.8,19.6
2019,UCF,19.1,37.3,18.1
2019,Oregon,19.0,35.6,15.5
2019,Washington,18.3,35.3,19.5
2019,Memphis,18.0,39.5,23.4
2019,Baylor,17.8,34.7,17.3
2019,Notre Dame,17.7,35.8,18.5
2019,Iowa,16.7,30.0,15.2
2019,Texas A&M,15.0,34.0,19.4
2019,USC,13.1,39.0,26.7
2019,Indiana,12.8,35.6,23.8
2019,Iowa State,12.6,31.8,19.5
2019,Air Force,12.1,36.2,25.8
2019,Texas,12.0,38.7,28.5
2019,App State,11.3,34.3,23.2
2019,Washington State,11.1,41.7,33.1
2019,Tennessee,10.8,27.8,17.4
2019,North Carolina,10.3,35.1,24.6
2019,Navy,9.9,36.0,25.5
2019,Louisiana,9.6,36.7,28.3
2019,Miami,9.6,26.0,15.6
2019,Kentucky,9.1,30.1,22.2
2019,Cincinnati,9.1,29.1,21.1
2019,Oklahoma State,8.7,35.0,26.2
2019,Boise State,8.1,32.9,25.0
2019,Virginia Tech,8.0,29.9,23.3
2019,Missouri,7.8,24.5,17.1
2019,Tulane,7.5,33.1,25.9
2019,Michigan State,7.2,24.4,16.1
2019,TCU,6.7,28.8,22.9
2019,Virginia,6.3,30.4,25.2
2019,Arizona State,6.3,28.0,23.7
2019,Kansas State,6.0,28.8,24.8
2019,South Carolina,4.8,23.4,20.8
2019,SMU,4.4,34.6,28.3
2019,Pittsburgh,4.1,20.4,16.0
2019,Ohio,3.7,35.9,33.5
2019,Mississippi State,3.5,33.1,28.7
2019,Temple,3.2,24.6,20.8
2019,Ole Miss,2.9,28.6,23.8
2019,Texas Tech,2.7,32.5,31.2
2019,Nebraska,2.6,32.2,27.4
2019,Wake Forest,2.0,29.4,28.6
2019,San Diego State,2.0,16.6,16.6
2019,Florida State,1.8,30.2,27.1
2019,Western Kentucky,1.7,23.6,21.1
2019,BYU,1.3,28.6,26.2
2019,Illinois,0.6,24.4,25.8
2019,Louisville,0.2,34.6,33.6
2019,Louisiana Tech,0.2,25.3,25.0
2019,Florida Atlantic,-0.6,28.6,29.5
2019,Purdue,-0.7,30.8,31.0
2019,Oregon State,-0.7,33.8,32.8
2019,Wyoming,-1.1,20.5,21.7
2019,UAB,-1.4,18.3,20.2
2019,Duke,-1.8,19.7,23.0
2019,Hawai'i,-1.9,34.7,35.8
2019,Marshall,-1.9,23.8,26.6
2019,Buffalo,-2.0,25.0,24.6
2019,Army,-2.1,28.6,30.4
2019,Tulsa,-2.5,24.6,25.2
2019,Liberty,-2.6,29.3,32.0
2019,California,-2.6,23.8,24.7
2019,Arkansas State,-2.9,30.1,34.2
2019,Syracuse,-3.0,24.5,29.6
2019,Colorado State,-3.9,26.1,30.1
2019,UCLA,-3.9,28.4,32.5
2019,Fresno State,-4.0,30.6,33.6
2019,Colorado,-4.1,30.1,34.7
2019,Utah State,-4.3,26.2,31.0
2019,Houston,-4.3,29.6,35.4
2019,Central Michigan,-4.4,26.0,29.0
2019,Troy,-4.4,32.2,35.4
2019,Ball State,-4.5,29.5,32.6
2019,Georgia Southern,-4.5,22.2,27.4
2019,Stanford,-4.7,27.2,32.2
2019,Southern Miss,-4.8,23.6,27.7
2019,Western Michigan,-4.9,29.6,32.5
2019,Northwestern,-5.5,16.5,20.0
2019,Boston College,-5.7,31.3,35.4
2019,North Texas,-6.1,25.0,32.6
2019,Maryland,-6.3,26.3,30.3
2019,Charlotte,-6.3,29.9,35.1
2019,NC State,-6.3,22.0,29.7
2019,Florida International,-7.0,22.0,29.4
2019,West Virginia,-7.0,22.9,29.1
2019,San José State,-7.2,29.6,36.7
2019,Arizona,-8.0,30.1,36.1
2019,Eastern Michigan,-8.6,29.3,37.8
2019,Miami (OH),-9.2,19.8,30.0
2019,Kansas,-9.8,26.2,34.8
2019,South Florida,-9.8,20.4,27.4
2019,Kent State,-10.2,25.9,37.9
2019,Vanderbilt,-10.4,21.8,33.6
2019,Georgia State,-10.5,29.4,38.4
2019,Arkansas,-10.6,21.7,32.3
2019,UL Monroe,-10.7,31.5,40.8
2019,Middle Tennessee,-11.3,27.2,37.4
2019,Georgia Tech,-12.0,18.8,28.9
2019,Nevada,-12.3,19.4,31.9
2019,Coastal Carolina,-12.8,23.4,35.3
2019,Toledo,-13.7,25.6,38.4
2019,Northern Illinois,-13.9,20.7,34.2
2019,East Carolina,-14.0,24.0,38.1
2019,Rutgers,-14.6,17.4,31.8
2019,Texas State,-16.2,17.6,33.0
2019,New Mexico,-17.0,20.6,39.2
2019,UNLV,-17.4,19.3,36.1
2019,Rice,-18.0,15.1,33.2
2019,South Alabama,-20.3,16.3,34.0
2019,New Mexico State,-22.0,19.0,40.3
2019,UTSA,-23.7,18.9,41.7
2019,UConn,-24.4,16.2,39.7
2019,Old Dominion,-24.4,10.6,34.3
2019,UTEP,-25.6,18.0,43.5
2019,Bowling Green,-27.5,14.9,39.5
2019,Akron,-29.8,7.7,35.3
2019,Massachusetts,-34.6,15.3,49.3
2019,nationalAverages,0.7595419847328244,28.348091603053437,27.599236641221374
2020,Ohio State,28.4,45.3,16.7
2020,Alabama,28.3,46.8,18.6
2020,Wisconsin,26.5,38.7,12.2
2020,Clemson,26.1,42.6,16.7
2020,Notre Dame,21.0,38.3,17.3
2020,Florida,19.8,43.3,23.9
2020,BYU,19.2,39.2,20.3
2020,Georgia,19.1,30.8,12.1
2020,Cincinnati,18.6,34.5,15.9
2020,Oregon,18.1,35.1,16.9
2020,North Carolina,18.0,43.7,25.6
2020,Oklahoma,17.8,43.0,25.2
2020,Iowa,16.3,29.7,13.5
2020,Texas A&M,16.2,37.7,21.5
2020,Oklahoma State,14.2,30.7,16.7
2020,Penn State,13.9,35.0,21.0
2020,Virginia Tech,13.7,38.0,24.4
2020,UCF,13.6,39.4,25.7
2020,Iowa State,13.3,34.5,21.1
2020,Miami,12.8,32.6,20.2
2020,Auburn,12.6,33.0,20.7
2020,USC,12.4,38.0,25.5
2020,Utah,11.9,36.1,24.3
2020,Washington,11.7,30.9,19.1
2020,Arizona State,11.4,30.2,18.9
2020,Indiana,11.2,33.6,22.6
2020,Michigan,10.7,33.0,22.2
2020,App State,10.3,33.0,22.6
2020,Texas,9.7,34.8,25.2
2020,Marshall,9.5,28.6,19.0
2020,SMU,9.2,36.4,27.3
2020,Northwestern,9.0,24.0,15.2
2020,West Virginia,8.5,27.9,19.4
2020,Louisiana,8.1,33.8,25.6
2020,Nebraska,7.7,33.7,25.9
2020,Boise State,6.7,33.1,26.4
2020,Coastal Carolina,6.6,33.7,27.3
2020,Louisville,6.5,37.7,31.1
2020,Liberty,6.5,34.2,27.6
2020,UAB,6.3,24.7,18.7
2020,LSU,6.0,33.8,28.3
2020,Pittsburgh,6.0,24.7,18.9
2020,Purdue,5.9,32.6,26.8
2020,Memphis,5.7,34.8,29.4
2020,Tulsa,5.6,29.5,23.5
2020,San Diego State,5.3,20.2,15.0
2020,Ole Miss,4.8,38.1,33.2
2020,Minnesota,4.7,35.8,30.7
2020,Tulane,4.2,33.2,29.1
2020,Washington State,4.2,37.8,33.7
2020,Houston,3.3,32.2,29.0
2020,Army,2.7,27.8,25.3
2020,California,2.4,30.6,28.2
2020,Troy,2.3,28.4,25.8
2020,Kentucky,2.2,25.9,24.1
2020,Kansas State,2.0,26.7,24.7
2020,Nevada,1.9,27.5,25.6
2020,Arkansas,1.6,28.5,26.7
2020,Stanford,1.6,30.0,28.4
2020,TCU,1.6,24.3,22.8
2020,Buffalo,1.4,27.1,25.6
2020,Baylor,1.3,25.6,24.2
2020,Boston College,0.9,30.7,29.7
2020,Tennessee,0.9,24.3,23.6
2020,Virginia,0.9,28.3,27.5
2020,Wake Forest,0.8,28.6,27.9
2020,Western Michigan,0.6,31.6,31.2
2020,Georgia Southern,0.2,27.4,27.1
2020,San José State,0.1,30.4,30.4
2020,NC State,0.0,29.8,30.0
2020,Maryland,-0.1,27.8,28.0
2020,Florida Atlantic,-0.3,23.2,23.7
2020,Colorado,-0.4,30.1,30.4
2020,Oregon State,-0.7,29.4,30.0
2020,Missouri,-1.0,23.4,24.6
2020,Georgia Tech,-1.0,27.2,27.8
2020,UCLA,-1.1,30.6,31.7
2020,Mississippi State,-1.4,25.4,26.9
2020,Central Michigan,-1.8,25.6,27.4
2020,Michigan State,-2.4,18.3,20.6
2020,South Carolina,-2.4,27.5,29.7
2020,Wyoming,-2.5,22.4,24.9
2020,Ohio,-3.2,29.9,33.0
2020,Western Kentucky,-3.2,18.9,22.3
2020,Arizona,-3.5,32.8,36.4
2020,Toledo,-3.6,29.5,33.0
2020,Texas Tech,-4.2,28.4,32.3
2020,Duke,-4.2,21.4,25.5
2020,Florida State,-4.9,26.4,31.3
2020,Illinois,-5.4,23.9,29.4
2020,Fresno State,-5.5,29.3,34.8
2020,Air Force,-5.6,24.1,29.8
2020,Georgia State,-5.7,28.7,34.2
2020,Arkansas State,-6.5,31.1,37.2
2020,Colorado State,-6.5,24.2,30.5
2020,Charlotte,-6.6,29.4,35.8
2020,Ball State,-6.7,27.0,33.8
2020,Louisiana Tech,-7.0,24.4,31.4
2020,Hawai'i,-7.1,28.2,35.2
2020,Kent State,-7.5,29.1,36.4
2020,Southern Miss,-7.9,24.2,32.1
2020,North Texas,-8.0,28.9,36.7
2020,Rice,-9.2,17.3,26.5
2020,Navy,-9.3,26.2,35.4
2020,UTSA,-9.6,23.8,33.7
2020,Syracuse,-9.8,20.2,30.3
2020,Temple,-10.0,23.3,33.0
2020,Rutgers,-10.5,20.8,31.5
2020,Florida International,-10.7,21.6,32.4
2020,East Carolina,-11.0,26.0,37.1
2020,South Alabama,-11.3,22.5,33.7
2020,South Florida,-11.4,18.2,29.5
2020,Middle Tennessee,-11.7,24.3,35.8
2020,Eastern Michigan,-12.2,28.3,40.5
2020,Miami (OH),-12.9,20.7,33.6
2020,Texas State,-13.4,23.5,36.9
2020,New Mexico,-15.0,24.4,39.3
2020,Old Dominion,-15.9,14.0,29.9
2020,Kansas,-16.3,18.5,34.5
2020,Utah State,-16.7,20.2,37.0
2020,Vanderbilt,-16.8,17.7,34.1
2020,Northern Illinois,-18.4,16.0,34.5
2020,UL Monroe,-18.4,21.6,39.6
2020,UTEP,-18.6,17.9,36.2
2020,UNLV,-19.7,22.0,41.5
2020,UConn,-22.3,17.7,40.0
2020,Akron,-23.7,11.4,35.1
2020,Bowling Green,-26.2,12.8,39.0
2020,Massachusetts,-31.3,16.7,47.8
2020,New Mexico State,-31.5,12.2,43.8
2020,nationalAverages,0.48244274809160304,28.468702290076337,27.98854961832061
2021,Georgia,32.0,41.4,10.3
2021,Ohio State,29.3,47.2,20.6
2021,Alabama,26.0,40.9,15.6
2021,Michigan,23.4,36.5,15.8
2021,Cincinnati,21.2,37.5,15.9
2021,Texas A&M,21.1,33.6,14.9
2021,Wisconsin,20.1,29.8,10.8
2021,Clemson,18.7,28.3,11.6
2021,Pittsburgh,17.6,38.2,21.4
2021,Tennessee,17.5,39.4,23.8
2021,Notre Dame,17.4,36.2,18.9
2021,Oklahoma State,17.2,30.6,14.3
2021,Oklahoma,16.8,41.1,25.6
2021,NC State,16.1,33.1,17.7
2021,Baylor,15.6,33.1,17.1
2021,Utah,15.2,37.2,20.7
2021,Ole Miss,14.8,36.8,22.4
2021,Minnesota,14.4,29.3,15.4
2021,Penn State,14.3,28.0,14.6
2021,Iowa State,14.3,33.8,20.2
2021,Kansas State,14.2,33.5,19.0
2021,Arkansas,13.8,34.3,21.3
2021,Kentucky,13.4,35.1,22.3
2021,Western Kentucky,13.3,40.5,28.8
2021,Coastal Carolina,13.2,39.5,26.1
2021,Arizona State,11.8,33.5,20.9
2021,Iowa,11.4,23.6,14.4
2021,Michigan State,11.2,34.3,21.7
2021,Auburn,11.0,30.2,19.8
2021,Florida,11.0,35.0,23.2
2021,Houston,10.9,31.5,20.0
2021,Fresno State,10.8,34.7,24.2
2021,Miami,10.8,34.8,25.0
2021,Mississippi State,10.5,34.6,22.0
2021,Purdue,10.3,32.6,21.1
2021,App State,10.3,32.0,23.5
2021,Nebraska,10.3,34.1,21.3
2021,Oregon,10.2,35.0,26.0
2021,Wake Forest,10.1,38.0,29.2
2021,Texas Tech,9.8,34.6,27.1
2021,UCLA,9.4,37.7,27.8
2021,Boise State,9.4,28.4,20.8
2021,UAB,9.1,32.1,21.7
2021,BYU,8.9,37.2,27.9
2021,Oregon State,8.9,36.9,28.5
2021,SMU,8.9,36.7,27.1
2021,Louisiana,8.7,30.3,21.2
2021,Texas,8.5,34.6,28.4
2021,Liberty,8.4,32.1,23.1
2021,San Diego State,8.3,23.7,17.1
2021,Marshall,8.0,32.8,23.5
2021,Louisville,7.8,34.9,26.6
2021,Florida State,7.6,29.8,23.0
2021,Air Force,7.4,30.0,22.0
2021,Virginia,7.2,39.3,31.5
2021,Toledo,6.9,29.0,20.7
2021,Washington State,6.7,32.0,26.0
2021,UTSA,6.5,33.0,27.8
2021,North Carolina,6.4,37.8,31.7
2021,Maryland,6.2,34.8,27.4
2021,Tulsa,5.8,28.7,24.0
2021,UCF,4.8,29.6,23.4
2021,Army,4.7,28.8,23.5
2021,Illinois,4.3,23.2,21.8
2021,LSU,4.1,28.0,25.6
2021,South Carolina,3.9,26.0,24.2
2021,Nevada,3.6,30.3,26.9
2021,California,3.4,27.5,25.0
2021,Missouri,3.1,31.1,29.9
2021,Virginia Tech,2.4,26.7,25.2
2021,Georgia State,1.8,27.5,26.7
2021,West Virginia,1.8,27.7,25.0
2021,Miami (OH),1.5,29.3,26.8
2021,Memphis,1.0,29.6,27.9
2021,Boston College,0.9,27.0,26.5
2021,Western Michigan,0.6,33.1,29.0
2021,Wyoming,0.6,26.0,23.5
2021,East Carolina,0.5,27.4,28.3
2021,Syracuse,0.3,27.1,25.2
2021,Utah State,0.1,28.4,27.9
2021,USC,-0.6,32.3,33.4
2021,TCU,-0.6,33.2,33.9
2021,Washington,-0.7,22.8,23.6
2021,Central Michigan,-1.0,28.5,29.3
2021,San José State,-1.9,22.6,25.2
2021,Hawai'i,-2.3,27.1,30.1
2021,Colorado State,-2.4,23.3,25.9
2021,Rutgers,-3.0,20.8,23.7
2021,Tulane,-3.9,27.9,30.4
2021,Middle Tennessee,-4.0,24.0,27.1
2021,UTEP,-4.2,23.9,28.3
2021,Florida Atlantic,-5.2,23.1,28.4
2021,Kent State,-6.4,32.3,36.9
2021,North Texas,-6.5,23.1,28.5
2021,Troy,-6.5,20.1,26.7
2021,Georgia Tech,-6.7,27.0,32.4
2021,Northern Illinois,-7.1,29.4,36.1
2021,South Alabama,-7.2,21.4,28.0
2021,Old Dominion,-7.4,21.2,28.0
2021,Indiana,-7.8,20.4,27.3
2021,Eastern Michigan,-7.8,27.2,37.2
2021,Navy,-8.5,20.0,27.7
2021,Buffalo,-9.5,24.6,33.1
2021,Colorado,-10.0,18.8,29.6
2021,Stanford,-10.2,22.2,33.6
2021,Northwestern,-11.1,19.4,27.3
2021,Ball State,-11.2,21.6,33.7
2021,Ohio,-11.6,25.1,35.2
2021,Louisiana Tech,-11.6,23.6,34.4
2021,South Florida,-12.1,23.5,36.2
2021,Bowling Green,-12.4,17.1,29.8
2021,Arizona,-12.6,19.2,32.3
2021,Duke,-13.5,23.4,36.3
2021,Charlotte,-13.7,27.6,41.2
2021,UNLV,-13.8,19.9,33.0
2021,Southern Miss,-14.2,15.0,28.6
2021,Georgia Southern,-15.3,18.4,34.0
2021,Texas State,-16.0,20.7,36.9
2021,Arkansas State,-17.9,21.0,40.0
2021,New Mexico,-18.6,11.6,29.8
2021,Temple,-19.1,17.5,34.1
2021,Vanderbilt,-19.4,17.4,35.6
2021,Kansas,-19.7,22.3,40.6
2021,UL Monroe,-20.3,15.6,35.1
2021,Florida International,-21.6,19.9,40.2
2021,Rice,-22.9,18.2,38.3
2021,Akron,-23.1,20.3,41.7
2021,New Mexico State,-24.2,20.6,43.7
2021,UConn,-25.6,12.7,36.8
2021,Massachusetts,-29.3,16.1,43.9
2021,nationalAverages,1.9807692307692308,28.64923076923077,26.674615384615386
2022,Georgia,35.3,37.2,3.7
2022,Michigan,32.0,38.0,7.6
2022,Ohio State,31.1,45.1,15.7
2022,Alabama,30.3,42.9,14.2
2022,Tennessee,25.2,47.3,22.6
2022,TCU,24.3,43.3,20.2
2022,Texas,23.1,38.1,15.6
2022,Penn State,22.4,36.6,13.9
2022,Kansas State,21.4,36.4,15.7
2022,Utah,19.2,37.3,17.3
2022,USC,18.9,46.6,26.3
2022,Oregon,18.9,44.9,26.5
2022,Clemson,17.6,34.9,18.5
2022,Ole Miss,16.2,38.8,23.7
2022,LSU,16.2,34.2,17.6
2022,Minnesota,16.0,23.5,8.6
2022,Illinois,15.9,20.6,5.5
2022,Washington,15.7,41.2,25.5
2022,Oklahoma,15.4,40.8,26.5
2022,Mississippi State,15.4,35.1,19.9
2022,UCLA,15.0,45.7,30.1
2022,Oregon State,14.3,33.3,17.7
2022,Florida State,13.2,34.8,20.4
2022,Cincinnati,13.1,27.6,16.1
2022,Kentucky,13.0,23.2,9.9
2022,Iowa,12.7,16.0,5.1
2022,South Carolina,12.7,36.0,25.2
2022,Tulane,12.4,32.0,19.7
2022,Arkansas,12.0,38.3,26.3
2022,Baylor,11.7,37.6,26.1
2022,Oklahoma State,11.3,37.6,27.9
2022,Maryland,11.2,33.8,24.2
2022,South Alabama,10.8,26.8,17.4
2022,Florida,10.4,39.6,29.5
2022,Notre Dame,10.3,30.5,21.4
2022,UCF,10.3,31.1,20.3
2022,Washington State,9.5,25.1,16.7
2022,Texas A&M,9.1,25.4,16.6
2022,Louisville,9.0,27.0,19.1
2022,Pittsburgh,8.6,32.8,24.7
2022,Texas Tech,8.5,38.5,30.5
2022,Wisconsin,8.3,25.7,17.1
2022,Wake Forest,8.2,43.3,35.2
2022,Troy,8.1,17.7,11.2
2022,Missouri,8.1,26.0,18.3
2022,North Carolina,7.8,41.7,35.0
2022,Purdue,7.7,31.6,22.4
2022,UTSA,7.2,39.3,32.6
2022,Memphis,6.8,37.0,31.8
2022,NC State,6.8,20.4,15.3
2022,James Madison,6.5,31.3,23.6
2022,Boise State,5.7,24.1,18.5
2022,Iowa State,5.3,17.7,10.6
2022,Auburn,5.1,32.6,27.9
2022,Duke,5.0,29.4,24.7
2022,SMU,4.7,42.0,38.1
2022,Houston,4.5,42.5,37.7
2022,Air Force,3.9,16.3,12.3
2022,Fresno State,3.3,27.1,24.4
2022,Marshall,3.0,15.7,11.4
2022,Kansas,2.9,40.6,36.0
2022,Syracuse,2.5,27.4,24.7
2022,West Virginia,2.4,36.3,34.5
2022,Louisiana,2.0,21.7,20.3
2022,App State,1.7,32.9,29.8
2022,Western Kentucky,1.7,31.3,30.1
2022,Michigan State,1.2,31.9,29.7
2022,East Carolina,1.1,31.5,28.7
2022,Coastal Carolina,0.6,32.7,30.6
2022,UAB,-0.5,25.7,25.3
2022,Nebraska,-1.2,25.5,25.6
2022,BYU,-1.4,34.3,34.8
2022,Army,-1.5,24.6,25.3
2022,North Texas,-1.5,31.3,34.1
2022,Liberty,-1.5,24.1,25.4
2022,Miami,-2.7,24.4,28.9
2022,California,-3.0,23.2,25.9
2022,Arizona,-3.2,37.6,41.1
2022,Georgia State,-3.3,33.7,38.3
2022,Southern Miss,-3.5,18.3,22.9
2022,Toledo,-3.7,25.7,27.9
2022,Arizona State,-4.1,30.5,35.7
2022,San José State,-4.3,19.1,21.6
2022,San Diego State,-4.4,15.1,21.1
2022,Ohio,-4.6,31.6,35.2
2022,Vanderbilt,-4.7,29.9,33.4
2022,Tulsa,-6.1,32.7,38.5
2022,Georgia Southern,-6.4,34.3,40.3
2022,Middle Tennessee,-6.9,25.6,33.3
2022,Eastern Michigan,-7.1,24.0,32.4
2022,Florida Atlantic,-7.1,24.4,30.4
2022,Indiana,-7.1,29.9,36.6
2022,Navy,-7.2,18.2,24.4
2022,Stanford,-7.2,25.6,34.2
2022,Virginia,-9.0,16.2,24.4
2022,Rutgers,-9.1,16.4,25.2
2022,Buffalo,-9.2,25.0,35.0
2022,Virginia Tech,-9.5,13.5,22.8
2022,UTEP,-10.7,20.8,32.7
2022,Wyoming,-10.8,14.9,26.2
2022,Texas State,-11.5,17.4,29.5
2022,Georgia Tech,-11.8,18.8,29.5
2022,UNLV,-11.9,20.8,34.1
2022,Miami (OH),-12.7,8.6,22.1
2022,Temple,-12.9,16.3,28.6
2022,Arkansas State,-13.0,23.7,38.5
2022,Old Dominion,-13.0,16.9,29.3
2022,Kent State,-13.1,25.6,37.9
2022,Utah State,-13.3,25.4,38.5
2022,Northwestern,-13.4,17.0,28.6
2022,Central Michigan,-14.0,19.0,32.2
2022,UConn,-14.6,14.2,27.9
2022,Boston College,-14.9,20.4,33.8
2022,Ball State,-14.9,16.0,30.1
2022,Rice,-15.2,23.1,36.9
2022,New Mexico State,-15.4,12.0,26.0
2022,UL Monroe,-15.7,23.2,39.0
2022,Charlotte,-16.4,24.0,39.2
2022,South Florida,-17.0,34.1,50.3
2022,Western Michigan,-17.3,11.2,27.3
2022,Louisiana Tech,-17.8,29.6,47.0
2022,Bowling Green,-18.1,23.8,40.6
2022,Northern Illinois,-18.8,25.3,43.1
2022,Colorado,-20.4,24.0,45.0
2022,Colorado State,-22.2,7.8,29.0
2022,Nevada,-22.4,15.9,37.8
2022,Akron,-23.4,16.7,38.5
2022,Hawai'i,-24.7,15.8,39.4
2022,Florida International,-25.5,18.4,42.3
2022,New Mexico,-26.9,6.0,31.9
2022,Massachusetts,-30.3,7.5,36.4
2022,nationalAverages,0.8145038167938932,27.76946564885496,26.959541984732823
2023,Michigan,31.3,36.6,7.2
2023,Georgia,31.2,41.5,12.2
2023,Oregon,26.2,45.0,18.2
2023,Ohio State,25.2,31.5,7.8
2023,Penn State,23.5,32.7,10.5
2023,Texas,23.2,39.3,17.7
2023,Alabama,23.1,36.8,15.6
2023,Notre Dame,20.1,36.3,16.7
2023,Florida State,19.4,34.1,16.5
2023,Missouri,19.3,36.5,18.0
2023,LSU,19.1,44.6,25.0
2023,Ole Miss,18.4,36.3,19.2
2023,Washington,16.4,40.3,24.7
2023,Tennessee,16.2,34.9,19.2
2023,Kansas State,16.2,38.9,21.8
2023,Texas A&M,15.6,34.5,18.8
2023,Oklahoma,15.0,38.5,22.6
2023,Arizona,14.1,37.3,23.1
2023,Oregon State,12.6,33.2,22.3
2023,James Madison,11.8,34.6,23.7
2023,Maryland,11.0,28.3,17.6
2023,Kentucky,10.5,31.6,22.2
2023,Clemson,10.5,29.3,19.0
2023,SMU,10.1,34.1,23.0
2023,Kansas,9.9,35.6,26.1
2023,Troy,9.8,30.7,20.1
2023,UCLA,9.7,29.6,18.4
2023,Miami,9.6,30.7,23.1
2023,Duke,9.4,27.3,19.5
2023,USC,9.4,43.3,32.8
2023,Wisconsin,9.4,22.2,14.1
2023,Utah,8.5,26.7,19.4
2023,Liberty,8.0,36.2,26.3
2023,Louisville,8.0,30.1,22.3
2023,TCU,7.9,33.5,25.3
2023,Auburn,7.6,26.4,20.1
2023,Iowa State,7.5,26.4,20.1
2023,West Virginia,7.5,31.5,24.6
2023,North Carolina,7.4,34.4,27.8
2023,NC State,7.4,25.5,19.7
2023,Florida,6.8,31.1,26.0
2023,Oklahoma State,6.7,32.8,27.1
2023,Texas Tech,6.1,29.6,24.7
2023,Air Force,5.9,25.6,20.9
2023,Boise State,5.9,32.7,28.2
2023,Virginia Tech,5.8,27.5,23.3
2023,Iowa,5.8,13.8,9.3
2023,UTSA,5.4,31.3,27.3
2023,South Alabama,5.1,30.6,26.0
2023,Washington State,4.9,31.0,27.4
2023,South Carolina,4.3,28.2,25.6
2023,App State,3.8,33.5,30.7
2023,Toledo,3.7,25.5,21.7
2023,Rutgers,3.5,21.0,18.7
2023,Memphis,3.5,37.1,33.8
2023,Arkansas,3.5,28.3,26.6
2023,UCF,3.4,30.3,25.2
2023,Tulane,2.8,26.5,24.4
2023,Miami (OH),2.8,18.5,17.7
2023,Fresno State,2.5,28.9,27.9
2023,UNLV,1.4,32.1,32.7
2023,Mississippi State,0.5,24.7,24.9
2023,Louisiana,0.4,32.4,33.1
2023,Minnesota,0.4,20.0,21.1
2023,Georgia Tech,0.3,29.4,29.1
2023,Nebraska,0.3,15.6,13.9
2023,California,-0.1,30.6,28.7
2023,Coastal Carolina,-1.2,27.6,27.2
2023,Northwestern,-1.3,18.5,18.5
2023,Jacksonville State,-1.6,24.8,25.9
2023,Ohio,-1.6,18.5,18.1
2023,Texas State,-1.6,31.2,33.8
2023,New Mexico State,-1.8,23.3,25.8
2023,Western Kentucky,-2.0,28.7,30.1
2023,Illinois,-2.5,21.6,24.1
2023,BYU,-3.3,25.3,30.3
2023,San José State,-3.4,28.1,29.5
2023,Wyoming,-3.6,23.5,26.1
2023,Army,-4.0,18.4,22.5
2023,Syracuse,-4.4,22.2,26.1
2023,Colorado,-4.9,29.6,34.4
2023,Georgia Southern,-5.2,30.8,36.5
2023,Boston College,-5.9,22.2,27.6
2023,Arkansas State,-6.3,25.8,32.8
2023,South Florida,-6.6,28.4,34.5
2023,North Texas,-6.7,32.9,41.3
2023,Michigan State,-6.8,15.7,24.0
2023,Cincinnati,-6.8,21.3,28.3
2023,Georgia State,-6.8,28.2,33.3
2023,Purdue,-7.3,21.8,27.1
2023,Pittsburgh,-7.3,19.3,26.0
2023,Indiana,-7.4,19.6,27.2
2023,Northern Illinois,-7.5,18.3,24.2
2023,Houston,-7.8,25.6,32.2
2023,Bowling Green,-7.8,21.5,27.4
2023,Wake Forest,-7.9,20.2,26.9
2023,Baylor,-8.3,24.5,32.6
2023,Colorado State,-8.9,21.9,32.0
2023,Marshall,-9.0,24.4,31.5
2023,Florida Atlantic,-9.4,19.8,27.9
2023,Middle Tennessee,-9.5,21.5,30.0
2023,Old Dominion,-10.1,23.1,31.3
2023,Rice,-10.2,26.0,34.4
2023,San Diego State,-10.3,19.4,30.2
2023,Virginia,-10.8,21.0,31.7
2023,Utah State,-10.9,28.6,38.6
2023,Arizona State,-11.3,20.2,29.9
2023,Stanford,-11.9,21.4,34.5
2023,Eastern Michigan,-12.3,13.0,26.8
2023,Vanderbilt,-12.7,23.6,36.3
2023,East Carolina,-12.8,15.4,28.1
2023,Louisiana Tech,-12.9,22.1,36.0
2023,Navy,-13.7,15.0,27.2
2023,Tulsa,-13.7,20.9,34.7
2023,Sam Houston,-13.8,16.0,28.8
2023,Southern Miss,-14.4,23.5,36.4
2023,UAB,-14.7,26.9,39.6
2023,Ball State,-14.9,12.6,26.3
2023,Buffalo,-15.2,15.3,29.5
2023,UConn,-15.6,17.0,31.0
2023,Western Michigan,-15.9,19.1,33.2
2023,UTEP,-16.2,16.9,32.0
2023,Hawai'i,-16.4,19.4,35.7
2023,New Mexico,-16.5,22.5,37.2
2023,Massachusetts,-17.5,20.8,36.2
2023,Central Michigan,-19.1,16.8,34.0
2023,Temple,-21.0,18.6,37.8
2023,Florida International,-21.2,16.0,35.6
2023,Charlotte,-21.4,14.8,34.4
2023,UL Monroe,-21.6,17.6,37.5
2023,Akron,-21.6,10.5,30.1
2023,Nevada,-22.0,14.6,37.0
2023,Kent State,-26.3,8.2,34.8
2023,nationalAverages,-0.09699248120300752,26.369924812030074,26.47218045112782
2024,Ohio State,31.2,39.5,9.2
2024,Ole Miss,27.9,37.7,11.9
2024,Oregon,26.0,40.8,16.3
2024,Alabama,25.0,37.9,14.6
2024,Penn State,24.6,37.5,13.1
2024,Georgia,24.3,37.3,14.9
2024,Texas,24.1,36.6,10.8
2024,Notre Dame,23.9,38.6,14.1
2024,Tennessee,22.0,33.7,13.5
2024,Miami,21.6,44.2,24.3
2024,Indiana,20.1,35.0,16.4
2024,SMU,17.5,38.2,21.1
2024,Texas A&M,17.0,34.0,18.6
2024,South Carolina,16.9,32.1,16.0
2024,LSU,15.9,36.8,21.7
2024,Iowa,15.8,27.0,13.3
2024,BYU,15.3,32.0,18.8
2024,Kansas State,14.1,33.0,20.4
2024,Missouri,14.0,33.7,18.7
2024,Florida,13.8,31.7,20.0
2024,Louisville,13.6,37.7,22.9
2024,Clemson,13.3,35.4,20.9
2024,USC,11.9,35.6,24.0
2024,Arkansas,11.0,31.4,21.7
2024,TCU,10.8,34.6,22.8
2024,Michigan,10.6,24.1,15.1
2024,Minnesota,10.4,25.6,15.4
2024,Iowa State,10.3,30.8,20.2
2024,Boise State,10.1,35.3,24.2
2024,Virginia Tech,10.0,31.3,22.4
2024,Memphis,9.6,36.7,28.2
2024,Illinois,9.6,29.0,20.9
2024,Auburn,9.5,27.9,17.8
2024,Oklahoma,9.5,25.9,17.8
2024,Arizona State,9.4,32.4,20.9
2024,UNLV,9.3,32.6,24.6
2024,Army,9.2,31.1,21.7
2024,Baylor,8.4,33.5,26.2
2024,Colorado,8.1,33.3,23.5
2024,Utah,7.7,23.6,17.2
2024,James Madison,7.5,29.7,22.9
2024,Rutgers,6.4,28.5,22.8
2024,Tulane,5.7,32.9,27.1
2024,Duke,5.6,26.7,21.3
2024,Kentucky,5.5,24.5,20.9
2024,Syracuse,5.5,35.8,28.9
2024,Nebraska,5.5,23.1,15.8
2024,Texas State,5.4,34.2,28.4
2024,North Carolina,5.0,31.5,26.3
2024,Vanderbilt,4.9,28.2,25.4
2024,Pittsburgh,4.9,29.3,26.3
2024,Kansas,4.9,32.4,26.5
2024,Louisiana,4.8,31.5,27.8
2024,Texas Tech,4.3,33.5,30.8
2024,California,4.0,27.4,22.9
2024,NC State,3.9,29.9,26.5
2024,Navy,3.5,29.5,24.4
2024,Marshall,3.1,29.6,26.9
2024,Washington,3.1,27.3,22.4
2024,Wisconsin,3.0,23.0,19.8
2024,South Alabama,2.8,29.9,26.9
2024,UCF,2.8,29.0,25.8
2024,Ohio,2.3,27.2,23.9
2024,UTSA,2.2,32.3,31.5
2024,West Virginia,2.1,30.1,29.7
2024,Georgia Tech,1.9,31.1,27.9
2024,UConn,1.5,26.9,25.7
2024,Miami (OH),1.3,23.2,23.2
2024,Washington State,1.3,34.0,31.1
2024,Boston College,1.2,28.0,24.7
2024,Liberty,0.2,28.2,26.6
2024,Cincinnati,-0.1,25.6,25.0
2024,East Carolina,-1.0,28.5,29.7
2024,Jacksonville State,-1.0,28.8,28.3
2024,UCLA,-1.3,21.3,23.3
2024,Georgia Southern,-1.7,26.5,30.1
2024,Bowling Green,-1.8,25.6,27.2
2024,Western Kentucky,-2.2,22.1,26.1
2024,South Florida,-2.3,29.5,33.4
2024,Toledo,-2.5,24.5,26.3
2024,Oklahoma State,-2.6,29.4,31.7
2024,Arizona,-2.8,24.4,29.0
2024,Florida State,-3.2,20.1,25.3
2024,Northern Illinois,-3.5,20.0,21.6
2024,Fresno State,-3.8,25.1,27.6
2024,Maryland,-3.9,23.3,27.1
2024,Buffalo,-4.0,25.4,30.2
2024,Mississippi State,-4.1,25.5,31.2
2024,North Texas,-4.5,33.3,37.0
2024,Michigan State,-4.6,18.0,24.1
2024,Virginia,-5.1,23.7,29.3
2024,San José State,-5.5,26.1,30.1
2024,Wake Forest,-5.7,25.8,31.8
2024,Colorado State,-5.7,24.2,29.2
2024,Old Dominion,-6.0,25.7,31.3
2024,Troy,-6.6,24.1,30.1
2024,Oregon State,-6.7,26.1,32.7
2024,Coastal Carolina,-6.9,25.5,33.4
2024,Sam Houston,-6.9,19.0,23.8
2024,App State,-8.1,27.2,33.6
2024,Houston,-8.2,18.1,24.5
2024,Northwestern,-8.2,17.5,24.3
2024,Stanford,-8.2,24.4,34.1
2024,Arkansas State,-9.9,24.6,35.2
2024,Western Michigan,-10.2,24.7,36.0
2024,Utah State,-10.4,30.2,40.3
2024,Hawai'i,-10.9,20.9,30.0
2024,UAB,-11.3,25.9,38.0
2024,Rice,-11.4,20.5,30.4
2024,Louisiana Tech,-11.6,15.9,26.3
2024,Air Force,-11.7,17.8,27.5
2024,Florida International,-12.1,20.5,31.3
2024,Florida Atlantic,-12.7,20.8,32.1
2024,Eastern Michigan,-13.3,20.5,34.3
2024,Wyoming,-13.6,16.3,30.8
2024,New Mexico,-14.8,27.6,40.5
2024,Nevada,-15.2,21.0,34.2
2024,Charlotte,-15.3,21.4,37.6
2024,San Diego State,-15.4,17.7,32.1
2024,Central Michigan,-15.8,17.7,34.3
2024,Purdue,-16.2,19.2,33.6
2024,UL Monroe,-16.7,16.9,32.5
2024,Akron,-17.9,15.7,34.6
2024,Georgia State,-17.9,21.0,37.4
2024,New Mexico State,-19.0,17.8,38.1
2024,Ball State,-19.8,21.3,40.8
2024,Temple,-20.3,17.3,37.8
2024,Tulsa,-20.6,21.2,40.3
2024,Massachusetts,-21.9,20.5,40.3
2024,UTEP,-22.7,13.7,34.2
2024,Middle Tennessee,-24.4,13.7,37.3
2024,Kennesaw State,-25.1,10.2,35.1
2024,Southern Miss,-25.6,14.4,39.4
2024,Kent State,-33.0,12.6,43.8
2024,nationalAverages,0.5522388059701493,27.144029850746268,26.60970149253731
2025,Indiana,32.4,40.8,9.9
2025,Ohio State,30.1,37.6,7.7
2025,Texas Tech,27.6,39.3,12.3
2025,Oregon,25.9,38.7,13.5
2025,Notre Dame,24.4,40.0,16.3
2025,Georgia,24.1,37.0,14.8
2025,Ole Miss,24.0,40.4,18.3
2025,Utah,22.2,39.7,17.5
2025,Miami,20.7,34.2,14.3
2025,Texas A&M,20.7,38.0,16.4
2025,Vanderbilt,20.3,39.9,21.4
2025,Iowa,19.7,32.1,14.2
2025,Washington,18.4,34.5,15.3
2025,Oklahoma,18.3,30.1,12.9
2025,Penn State,18.1,35.1,18.8
2025,USC,16.9,38.9,21.0
2025,Texas,16.2,32.9,17.9
2025,BYU,15.9,33.9,18.8
2025,Tennessee,15.0,39.3,25.4
2025,Alabama,14.8,32.2,16.1
2025,Missouri,14.4,31.2,15.4
2025,North Texas,13.8,43.1,28.6
2025,SMU,13.4,34.2,19.5
2025,Illinois,12.9,33.3,21.7
2025,Michigan,12.4,30.9,17.0
2025,Louisville,12.4,31.6,19.8
2025,James Madison,12.3,34.9,21.4
2025,Arizona,12.0,33.0,19.5
2025,Auburn,11.6,28.3,17.4
2025,South Florida,11.6,37.7,25.3
2025,Virginia,11.1,28.8,18.1
2025,LSU,10.3,25.8,16.1
2025,Iowa State,9.9,28.1,19.5
2025,Clemson,9.5,27.5,18.9
2025,Georgia Tech,9.3,32.5,24.9
2025,Pittsburgh,8.4,31.6,23.5
2025,TCU,8.3,32.9,23.9
2025,East Carolina,8.0,32.6,24.0
2025,Memphis,7.6,34.3,28.3
2025,Houston,7.4,31.5,23.0
2025,Florida State,7.2,29.3,21.2
2025,Kansas State,7.0,31.3,25.0
2025,San Diego State,6.7,24.4,19.6
2025,Duke,6.6,34.8,29.2
2025,Tulane,6.3,32.4,27.6
2025,Navy,6.2,33.6,27.9
2025,Nebraska,6.2,28.8,22.7
2025,Toledo,6.0,25.8,18.5
2025,South Carolina,5.9,24.6,20.2
2025,Old Dominion,5.9,31.6,23.7
2025,Northwestern,5.8,24.4,20.0
2025,Wake Forest,5.7,26.6,20.9
2025,UConn,5.1,32.0,28.5
2025,Arkansas,5.1,35.8,31.4
2025,NC State,4.8,31.4,25.5
2025,Cincinnati,4.5,30.2,26.4
2025,UNLV,4.3,33.8,29.8
2025,Mississippi State,4.1,31.6,29.0
2025,Kansas,4.1,30.9,28.5
2025,Arizona State,3.9,28.3,22.7
2025,Washington State,3.8,24.6,20.5
2025,UTSA,3.7,33.3,30.0
2025,Florida,3.5,24.5,22.6
2025,Boise State,3.1,29.1,25.1
2025,Texas State,2.3,36.6,34.6
2025,Fresno State,1.8,23.0,21.1
2025,Kentucky,1.8,25.5,23.7
2025,Hawai'i,1.7,27.3,27.3
2025,Western Kentucky,1.6,28.8,28.6
2025,Minnesota,1.5,23.8,20.8
2025,Baylor,1.4,32.8,33.3
2025,Rutgers,1.0,31.6,30.7
2025,New Mexico,0.9,25.4,26.1
2025,Army,0.8,24.7,24.1
2025,Maryland,0.6,24.4,24.7
2025,UCF,-1.2,23.2,24.0
2025,Louisiana Tech,-1.3,25.6,27.0
2025,Western Michigan,-1.4,21.7,21.8
2025,Utah State,-3.1,29.5,31.2
2025,Air Force,-3.2,28.3,31.7
2025,California,-3.2,25.6,27.9
2025,Michigan State,-3.4,26.6,28.7
2025,Miami (OH),-3.4,19.3,24.2
2025,Ohio,-4.0,23.2,25.2
2025,Wisconsin,-4.4,17.4,20.9
2025,Marshall,-4.5,29.6,34.8
2025,Troy,-4.8,23.6,29.0
2025,Temple,-5.1,27.1,33.2
2025,Kennesaw State,-5.4,26.4,30.2
2025,Purdue,-6.1,21.9,29.9
2025,North Carolina,-6.6,17.2,25.0
2025,Jacksonville State,-6.7,27.2,32.4
2025,West Virginia,-6.8,22.8,30.0
2025,Southern Miss,-7.1,27.0,32.8
2025,Buffalo,-7.5,18.2,27.4
2025,Colorado,-8.3,22.6,29.5
2025,Boston College,-8.5,23.3,33.1
2025,UCLA,-8.7,21.7,30.4
2025,Florida Atlantic,-8.7,27.8,38.1
2025,Arkansas State,-8.8,24.4,33.5
2025,Central Michigan,-8.8,17.6,25.7
2025,Liberty,-9.0,24.6,32.8
2025,Georgia Southern,-9.4,28.3,37.7
2025,Tulsa,-10.0,21.7,33.1
2025,Louisiana,-10.1,25.3,34.0
2025,Virginia Tech,-10.1,21.4,30.8
2025,Florida International,-10.5,26.1,35.8
2025,Missouri State,-10.7,25.6,34.8
2025,Delaware,-10.9,26.2,36.2
2025,Wyoming,-11.3,15.3,24.7
2025,App State,-11.4,23.0,35.2
2025,Stanford,-11.8,18.4,28.6
2025,Bowling Green,-12.6,15.4,28.8
2025,South Alabama,-12.7,25.4,36.0
2025,Syracuse,-13.1,18.8,33.0
2025,Nevada,-13.4,14.2,28.7
2025,Akron,-13.9,17.2,29.3
2025,San José State,-14.3,21.6,34.4
2025,Eastern Michigan,-14.7,19.4,34.1
2025,Rice,-14.8,17.7,33.9
2025,Oklahoma State,-15.1,15.2,31.6
2025,Coastal Carolina,-15.1,23.4,37.0
2025,New Mexico State,-15.5,19.7,34.9
2025,Colorado State,-15.6,17.6,32.9
2025,UAB,-15.8,25.5,39.8
2025,Oregon State,-15.9,17.0,30.8
2025,Middle Tennessee,-16.0,20.4,37.0
2025,Northern Illinois,-16.7,12.0,28.1
2025,UTEP,-17.5,20.2,36.3
2025,Kent State,-19.3,17.0,34.9
2025,UL Monroe,-21.6,16.1,35.7
2025,Ball State,-23.0,13.4,34.4
2025,Georgia State,-24.5,18.6,41.1
2025,Charlotte,-26.7,14.5,39.8
2025,Sam Houston,-27.8,15.3,41.8
2025,Massachusetts,-36.6,7.8,42.8
2025,nationalAverages,0.6970588235294117,27.158088235294116,26.459558823529413
2026,Ohio State,32.7,41.0,8.4
2026,Oregon,29.2,41.1,12.2
2026,Notre Dame,26.5,40.6,14.3
2026,Georgia,26.4,38.7,12.9
2026,Indiana,25.8,37.8,12.5
2026,Texas,22.8,37.3,14.9
2026,Miami,22.0,35.0,13.3
2026,Texas Tech,21.8,36.6,15.0
2026,Texas A&M,20.9,37.6,16.4
2026,LSU,20.4,32.6,12.4
2026,Oklahoma,18.8,32.1,13.7
2026,USC,17.7,38.0,19.9
2026,Alabama,17.6,31.0,13.0
2026,Tennessee,17.3,39.3,22.4
2026,Michigan,17.0,33.2,15.8
2026,Ole Miss,16.5,35.2,19.4
2026,Penn State,16.2,33.9,18.3
2026,Washington,15.8,33.0,17.0
2026,Missouri,15.4,32.3,16.4
2026,Florida,15.2,30.4,15.8
2026,BYU,14.9,32.9,18.3
2026,Iowa,14.6,30.8,16.8
2026,Clemson,13.1,29.8,17.1
2026,South Carolina,12.6,30.2,18.1
2026,SMU,12.1,32.5,20.1
2026,Auburn,11.5,28.5,17.3
2026,Louisville,11.1,30.7,19.8
2026,Illinois,10.4,32.0,22.1
2026,Vanderbilt,9.8,33.3,24.2
2026,Utah,9.8,31.9,22.1
2026,Arizona,9.5,31.1,21.2
2026,TCU,9.4,31.4,21.8
2026,Nebraska,9.3,30.0,20.7
2026,Kansas State,9.2,32.5,23.6
2026,Florida State,9.1,29.8,20.4
2026,Virginia Tech,8.6,30.7,21.9
2026,Virginia,8.1,26.9,18.9
2026,Houston,7.4,30.9,23.1
2026,Oklahoma State,6.9,29.9,23.4
2026,Minnesota,6.2,25.7,19.0
2026,Pittsburgh,6.2,30.0,23.9
2026,Georgia Tech,5.9,28.7,23.4
2026,NC State,5.7,31.0,24.9
2026,Arkansas,5.6,34.4,29.0
2026,Duke,5.6,32.8,27.6
2026,UCLA,5.4,29.1,23.7
2026,Maryland,5.2,26.8,22.0
2026,Kentucky,5.2,26.3,21.1
2026,Northwestern,5.1,25.3,20.7
2026,Boise State,5.1,29.0,23.7
2026,Arizona State,4.9,27.4,22.0
2026,Mississippi State,4.8,30.8,26.5
2026,Baylor,3.8,31.9,28.8
2026,Wisconsin,3.8,21.6,17.5
2026,UNLV,3.6,31.4,28.0
2026,North Carolina,3.5,24.3,21.2
2026,Wake Forest,3.4,24.2,20.7
2026,Kansas,3.3,28.8,26.1
2026,Cincinnati,3.0,28.9,26.1
2026,California,3.0,28.8,25.5
2026,Rutgers,2.7,30.8,28.2
2026,Michigan State,2.2,27.7,25.1
2026,UCF,1.7,24.2,22.3
2026,Navy,1.2,27.8,26.8
2026,San Diego State,0.7,24.1,24.0
2026,Colorado,0.7,26.1,25.0
2026,Memphis,0.3,29.0,29.2
2026,New Mexico,0.0,25.6,26.1
2026,Iowa State,-0.4,22.4,23.2
2026,James Madison,-0.9,26.7,27.2
2026,UTSA,-1.1,29.9,31.1
2026,West Virginia,-1.3,25.3,26.6
2026,Fresno State,-1.4,21.0,22.4
2026,South Florida,-1.7,28.1,29.6
2026,North Dakota State,-1.8,24.1,25.9
2026,Syracuse,-1.9,23.3,25.6
2026,Texas State,-2.1,33.2,35.4
2026,Purdue,-2.2,24.2,27.0
2026,Stanford,-2.3,22.5,24.2
2026,East Carolina,-2.3,24.1,26.3
2026,Army,-2.4,24.8,27.2
2026,Boston College,-2.5,24.7,27.7
2026,Hawai'i,-2.6,25.9,29.1
2026,Air Force,-3.2,24.8,28.1
2026,Miami (OH),-4.0,19.2,23.8
2026,Washington State,-4.3,20.4,24.6
2026,Tulane,-4.3,22.8,27.7
2026,Liberty,-5.3,26.0,31.1
2026,Oregon State,-5.6,21.2,26.1
2026,Western Michigan,-6.0,19.6,25.2
2026,Florida Atlantic,-6.1,27.7,34.3
2026,Tulsa,-6.1,24.2,30.9
2026,Old Dominion,-6.9,19.6,25.8
2026,Western Kentucky,-7.3,24.2,32.0
2026,Jacksonville State,-7.8,24.8,32.0
2026,Utah State,-7.9,23.4,30.8
2026,Troy,-8.0,22.5,30.7
2026,Marshall,-8.2,27.6,36.0
2026,Louisiana Tech,-9.1,21.9,31.0
2026,Temple,-9.1,25.0,34.4
2026,Toledo,-9.1,17.9,26.6
2026,Louisiana,-10.6,24.4,34.6
2026,Georgia Southern,-10.8,22.7,33.5
2026,Wyoming,-10.8,15.5,25.6
2026,North Texas,-11.6,23.7,35.0
2026,Arkansas State,-11.6,22.1,33.8
2026,Colorado State,-11.6,16.8,28.3
2026,Nevada,-11.7,17.6,29.7
2026,Ohio,-11.8,14.1,25.3
2026,UConn,-11.9,19.9,32.4
2026,App State,-12.7,20.8,33.9
2026,Buffalo,-12.7,15.3,28.5
2026,Kennesaw State,-12.9,19.5,31.8
2026,Delaware,-12.9,22.8,35.4
2026,Florida International,-14.5,21.1,35.3
2026,South Alabama,-14.6,22.0,35.9
2026,Coastal Carolina,-14.7,20.6,34.8
2026,Bowling Green,-15.0,13.9,29.2
2026,Central Michigan,-15.1,15.5,30.4
2026,Rice,-15.3,16.7,32.5
2026,San José State,-15.7,18.3,33.5
2026,Eastern Michigan,-16.1,17.2,33.4
2026,Northern Illinois,-17.2,15.2,32.1
2026,UAB,-17.5,20.6,37.6
2026,New Mexico State,-18.5,15.9,34.4
2026,Missouri State,-19.1,16.4,35.1
2026,UTEP,-19.3,15.2,34.1
2026,Southern Miss,-20.7,17.8,38.0
2026,Kent State,-22.4,14.7,36.6
2026,Akron,-22.9,11.3,33.6
2026,Sacramento State,-23.4,14.7,38.2
2026,Charlotte,-24.1,14.5,38.1
2026,Ball State,-25.1,12.2,36.7
2026,Sam Houston,-26.0,14.2,39.8
2026,Middle Tennessee,-26.5,13.8,40.5
2026,UL Monroe,-28.9,11.9,40.1
2026,Georgia State,-29.3,14.8,43.4
2026,Massachusetts,-32.9,8.8,41.2
2026,nationalAverages,-0.5246376811594203,25.655797101449277,26.194927536231884
