game_id,season,week,date,tip_et,home_team,away_team,neutral_site,conference_game,total_line,spread_home,provider,over_price,under_price,spread_home_price,spread_away_price,total_book,spread_book,h_games,a_games,exp_total,exp_margin,total_pred,total_raw,total_edge,total_disagree,total_sigma,total_model,total_p_over,margin_pred,margin_raw,margin_edge,margin_disagree,margin_sigma,margin_model,margin_p_over,total_pick,total_p_win,total_price,total_payout,total_ev,total_stake,spread_side,spread_number,spread_pick,spread_p_win,spread_price,spread_payout,spread_ev,spread_stake,thin_data,total_strength,spread_strength,prediction_date,p_home_win,p_away_win,kalshi_home_ask,kalshi_away_ask,kalshi_home_ev,kalshi_away_ev,kalshi_spread_c,kalshi_side,kalshi_ticker,kalshi_tradeable,ml_pick,ml_ask,ml_p_home,ml_ev,ml_roi,ml_stake,ml_model_cents,kt_pick,kt_ticker,ks_pick,ks_ticker,kt_strike,kt_ask,kt_prob,kt_ev,kt_book_gap,ks_strike,ks_ask,ks_prob,ks_ev,ks_book_gap,kalshi_incoherent,kt_rungs,ks_rungs,ml_ref_ask,ml_ref_prob,ml_ref_ev,ml_ref_side,ks_ref_side,kt_ref_tradeable,ks_ref_tradeable,kt_ref_strike,kt_ref_ask,kt_ref_prob,kt_ref_ev,kt_ref_spread_c,ks_ref_strike,ks_ref_ask,ks_ref_prob,ks_ref_ev,ks_ref_spread_c,kickoff_utc,start_time_tbd
401864495,2026,1,2026-09-04,"Fri Sep 04, 6:30 PM",Eastern Michigan,San José State,False,False,55.0,-1.5,Bovada,,,,,,,1,1,56.28057003178552,9.705009945852783,55.1,55.4,0.1,0.4,16.12,total_market,0.5023,2.1,5.5,0.6,4.0,15.38,margin_market,0.5157,Over,0.5023,,0.9090909090909092,-0.041,0.0,Eastern Michigan,-1.5,Eastern Michigan -1.5,0.5157,,0.9090909090909092,-0.015,0.0,True,pass,thin,2026-09-04,0.5543,0.4457,0.58,0.43,-0.0428,-0.0015,1.0,San José State,KXNCAAFGAME-26SEP04SJSUEMU-SJSU,True,,,0.5543,,,,,,,,,,,,,,,,,,,False,0.0,0.0,0.43,0.4457,-0.0015,San José State,San José State,True,True,54.5,0.49,0.5148,0.0074,1.0,1.5,0.41,0.4075,-0.0195,1.0,,
401858435,2026,1,2026-09-04,"Fri Sep 04, 7:00 PM",Purdue,Indiana State,False,False,56.0,-35.5,Bovada,,,,,,,0,1,54.08498599514986,12.409798105462563,56.5,57.9,0.5,1.9,16.12,total_market,0.512,35.7,36.6,0.2,1.1,15.38,margin_market,0.5042,Over,0.512,,0.9090909090909092,-0.023,0.0,Purdue,-35.5,Purdue -35.5,0.5042,,0.9090909090909092,-0.037,0.0,True,pass,pass,2026-09-04,0.9899,0.0101,0.99,0.02,-0.0008,-0.0113,1.0,Purdue,KXNCAAFGAME-26SEP04INSTPUR-PUR,True,,,0.9899,,,,,,,,,,,,,,,,,,,False,0.0,0.0,0.99,0.0101,-0.0113,Purdue,Purdue,True,True,56.5,0.5,0.5,-0.0175,1.0,35.5,0.47,0.5052,0.0178,1.0,,
401866623,2026,1,2026-09-04,"Fri Sep 04, 7:00 PM",Georgia State,North Carolina A&T,False,False,61.0,-28.0,Bovada,,,,,,,0,1,55.64739099324481,19.494060181748345,61.1,61.2,0.1,0.2,16.12,total_market,0.5013,28.5,31.5,0.5,3.5,15.38,margin_market,0.5136,Over,0.5013,,0.9090909090909092,-0.043,0.0,Georgia State,-28.0,Georgia State -28.0,0.5136,,0.9090909090909092,-0.019,0.0,True,pass,pass,2026-09-04,0.9681,0.0319,0.95,0.06,0.0148,-0.032,1.0,Georgia State,KXNCAAFGAME-26SEP04NCATGAST-GAST,True,,,0.9681,,,,,,,,,,,,,,,,,,,False,0.0,0.0,0.95,0.0319,-0.032,Georgia State,Georgia State,True,True,61.5,0.42,0.4901,0.053,1.0,27.5,0.55,0.5259,-0.0414,1.0,,
401856664,2026,1,2026-09-04,"Fri Sep 04, 8:00 PM",Oklahoma,UTEP,False,False,50.0,-41.0,Bovada,,,,,,,0,0,53.556689699396415,28.17082679102959,50.0,50.2,0.0,0.2,16.12,total_market,0.501,40.4,37.1,-0.6,-3.9,15.38,margin_market,0.4847,Under,0.499,,0.9090909090909092,-0.047,0.0,UTEP,41.0,UTEP +41.0,0.5153,,0.9090909090909092,-0.016,0.0,True,pass,pass,2026-09-04,0.9957,0.0043,1.0,0.01,,-0.0064,1.0,UTEP,KXNCAAFGAME-26SEP04UTEPOKLA-UTEP,True,,,0.9957,,,,,,,,,,,,,,,,,,,False,0.0,0.0,0.01,0.0043,-0.0064,UTEP,Oklahoma,True,True,50.5,0.53,0.4876,-0.0598,1.0,41.5,0.48,0.4715,-0.026,1.0,,
401856769,2026,1,2026-09-04,"Fri Sep 04, 8:00 PM",Kansas,Long Island University,False,False,54.5,-42.0,Bovada,,,,,,,0,1,46.637333595844325,15.564090384903189,55.0,56.6,0.5,2.1,16.12,total_market,0.513,41.4,37.9,-0.6,-4.1,15.38,margin_market,0.4842,Over,0.513,,0.9090909090909092,-0.021,0.0,Long Island University,42.0,Long Island University +42.0,0.5158,,0.9090909090909092,-0.015,0.0,True,pass,thin,2026-09-04,0.9964,0.0036,1.0,0.01,,-0.0071,1.0,Long Island University,KXNCAAFGAME-26SEP04LIUKU-LIU,True,,,0.9964,,,,,,,,,,,,,,,,,,,False,0.0,0.0,0.01,0.0036,-0.0071,Long Island University,Kansas,True,True,54.5,0.57,0.5124,-0.0748,1.0,41.5,0.57,0.4974,-0.0898,1.0,,
401858429,2026,1,2026-09-04,"Fri Sep 04, 8:00 PM",Michigan State,Toledo,False,False,48.5,-10.5,Bovada,,,,,,,0,0,49.487230449579926,-1.82803021465206,48.1,47.1,-0.4,-1.4,16.12,total_market,0.4912,10.6,11.4,0.1,0.9,15.38,margin_market,0.5036,Under,0.5087999999999999,,0.9090909090909092,-0.029,0.0,Michigan State,-10.5,Michigan State -10.5,0.5036,,0.9090909090909092,-0.039,0.0,True,pass,pass,2026-09-04,0.7547,0.2453,0.79,0.23,-0.0469,0.0029,1.0,Toledo,KXNCAAFGAME-26SEP04TOLMSU-TOL,True,,,0.7547,,,,,,,,,,,,,,,,,,,False,0.0,0.0,0.23,0.2453,0.0029,Toledo,Toledo,True,True,48.5,0.49,0.4901,-0.0174,1.0,10.5,0.07,0.085,0.0105,1.0,,
401858206,2026,1,2026-09-04,"Fri Sep 04, 9:00 PM",Stanford,Miami,False,True,46.5,24.5,Bovada,,,,,,,1,0,46.99114940411252,-18.44317001992185,47.6,50.8,1.1,4.3,16.12,total_market,0.5266,-24.1,-21.9,0.4,2.6,15.38,margin_market,0.5103,Over,0.5266,,0.9090909090909092,0.005,0.15,Stanford,24.5,Stanford +24.5,0.5103,,0.9090909090909092,-0.026,0.0,True,pass,pass,2026-09-04,0.0586,0.9414,0.06,0.95,-0.0053,-0.0119,1.0,Stanford,KXNCAAFGAME-26SEP04MIASTAN-STAN,True,,,0.0586,,,,,,,,,,,,,,,,,,,False,0.0,0.0,0.06,0.9414,-0.0119,Stanford,Miami,True,True,47.5,0.48,0.5025,0.005,1.0,24.5,0.51,0.4896,-0.0379,1.0,,
401858436,2026,1,2026-09-04,"Fri Sep 04, 9:00 PM",USC,Fresno State,False,False,51.0,-21.5,Bovada,,,,,,,1,0,50.920850270596105,7.954438419004258,50.5,48.9,-0.5,-2.1,16.12,total_market,0.4869,21.4,20.8,-0.1,-0.7,15.38,margin_market,0.4974,Under,0.5131,,0.9090909090909092,-0.02,0.0,Fresno State,21.5,Fresno State +21.5,0.5025999999999999,,0.9090909090909092,-0.04,0.0,True,pass,pass,2026-09-04,0.918,0.082,0.94,0.07,-0.0259,0.0074,1.0,Fresno State,KXNCAAFGAME-26SEP04FRESUSC-FRES,True,,,0.918,,,,,,,,,,,,,,,,,,,False,0.0,0.0,0.07,0.082,0.0074,Fresno State,USC,True,True,51.5,0.5,0.4753,-0.0422,1.0,21.5,0.5,0.4974,-0.0201,1.0,,
401856774,2026,1,2026-09-05,"Sat Sep 05, 10:00 PM",Arizona State,Morgan State,False,False,52.5,-45.0,Bovada,,,,,,,0,1,42.91019754411375,22.0856841725212,54.5,60.6,2.0,8.1,16.12,total_market,0.55,44.9,44.1,-0.1,-0.9,15.38,margin_market,0.4966,Over,0.55,,0.9090909090909092,0.05,1.38,Morgan State,45.0,Morgan State +45.0,0.5034000000000001,,0.9090909090909092,-0.039,0.0,True,thin,pass,2026-09-05,0.9982,0.0018,1.0,0.01,,-0.0089,1.0,Morgan State,KXNCAAFGAME-26SEP05MORGASU-MORG,True,,,0.9982,,,,,,,,,,,,,,,,,,,False,0.0,0.0,0.01,0.0018,-0.0089,Morgan State,Arizona State,True,True,52.5,0.52,0.5494,0.0119,1.0,45.5,0.46,0.4844,0.0071,1.0,,
401864497,2026,1,2026-09-05,"Sat Sep 05, 10:00 PM",Hawai'i,UNLV,False,True,55.5,3.0,Bovada,,,,,,,1,1,57.38322336811572,2.899616210281362,55.5,55.4,-0.0,-0.1,16.12,total_market,0.4992,-2.8,-1.6,0.2,1.4,15.38,margin_market,0.5054,Under,0.5008,,0.9090909090909092,-0.044,0.0,Hawai'i,3.0,Hawai'i +3.0,0.5054,,0.9090909090909092,-0.035,0.0,True,pass,pass,2026-09-05,0.4278,0.5722,0.44,0.57,-0.0294,-0.015,1.0,UNLV,KXNCAAFGAME-26SEP05UNLVHAW-UNLV,True,,,0.4278,,,,,,,,,,,,,,,,,,,False,0.0,0.0,0.57,0.5722,-0.015,UNLV,UNLV,True,True,55.5,0.5,0.5,-0.0175,1.0,2.5,0.54,0.5078,-0.0496,1.0,,
401864498,2026,1,2026-09-05,"Sat Sep 05, 10:00 PM",New Mexico,Central Michigan,False,False,47.0,-10.5,Bovada,,,,,,,0,0,45.57943036263241,9.477298813287623,46.8,46.2,-0.2,-0.8,16.12,total_market,0.4951,10.8,12.4,0.3,1.9,15.38,margin_market,0.5075,Under,0.5049,,0.9090909090909092,-0.036,0.0,New Mexico,-10.5,New Mexico -10.5,0.5075,,0.9090909090909092,-0.031,0.0,True,pass,pass,2026-09-05,0.7587,0.2413,0.8,0.21,-0.0525,0.0197,1.0,Central Michigan,KXNCAAFGAME-26SEP05CMUUNM-CMU,True,,,0.7587,,,,,,,,,,,,,,,,,,,False,0.0,0.0,0.21,0.2413,0.0197,Central Michigan,Central Michigan,False,False,46.5,0.53,0.5074,-0.04,1.0,10.5,0.09,0.083,-0.0127,2.0,,
401866411,2026,1,2026-09-05,"Sat Sep 05, 10:00 PM",Sacramento State,Mississippi Valley State,False,False,56.5,-37.5,DraftKings,,,,,,,1,1,58.6905831954773,27.570133169306853,58.2,63.2,1.7,6.7,16.12,total_market,0.5415,38.0,40.9,0.5,3.4,15.38,margin_market,0.5133,Over,0.5415,,0.9090909090909092,0.034,0.93,Sacramento State,-37.5,Sacramento State -37.5,0.5133,,0.9090909090909092,-0.02,0.0,True,thin,pass,2026-09-05,0.9933,0.0067,0.99,0.02,0.0026,-0.0147,1.0,Sacramento State,KXNCAAFGAME-26SEP05MVSUSAC-SAC,True,,,0.9933,,,,,,,,,,,,,,,,,,,False,0.0,0.0,0.99,0.0067,-0.0147,Sacramento State,Sacramento State,True,True,56.5,0.51,0.542,0.0145,2.0,37.5,0.53,0.513,-0.0345,2.0,,
401868163,2026,1,2026-09-05,"Sat Sep 05, 10:00 PM",San Diego,UC Davis,False,False,57.5,14.5,DraftKings,,,,,,,0,1,55.617819953450045,1.321162962820424,57.4,57.1,-0.1,-0.4,16.12,total_market,0.4973,-13.6,-8.3,0.9,6.2,15.38,margin_market,0.524,Under,0.5026999999999999,,0.9090909090909092,-0.04,0.0,San Diego,14.5,San Diego +14.5,0.524,,0.9090909090909092,0.0,0.01,True,pass,thin,2026-09-05,0.1883,0.8117,0.16,0.85,0.0189,-0.0472,1.0,San Diego,KXNCAAFGAME-26SEP05UCDUSD-USD,True,,,0.1883,,,,,,,,,,,,,,,,,,,False,0.0,0.0,0.16,0.8117,-0.0472,San Diego,UC Davis,True,True,57.5,0.48,0.4975,0.0001,2.0,15.5,0.46,0.4508,-0.0265,2.0,,
401858210,2026,1,2026-09-05,"Sat Sep 05, 10:30 PM",California,UCLA,False,False,53.5,2.5,Bovada,,,,,,,0,0,55.42785916956839,5.721809469892202,53.6,53.8,0.1,0.3,16.12,total_market,0.5019,-2.6,-3.1,-0.1,-0.6,15.38,margin_market,0.4977,Over,0.5019,,0.9090909090909092,-0.042,0.0,UCLA,-2.5,UCLA -2.5,0.5023,,0.9090909090909092,-0.041,0.0,True,pass,pass,2026-09-05,0.4329,0.5671,0.45,0.56,-0.0344,-0.0101,1.0,UCLA,KXNCAAFGAME-26SEP05UCLACAL-UCLA,True,,,0.4329,,,,,,,,,,,,,,,,,,,False,0.0,0.0,0.56,0.5671,-0.0101,UCLA,UCLA,True,True,53.5,0.49,0.5025,-0.005,1.0,2.5,0.51,0.5026,-0.0249,1.0,,
401864432,2026,1,2026-09-05,"Sat Sep 05, 10:30 PM",Nevada,Western Kentucky,False,False,51.5,-1.0,Bovada,,,,,,,0,0,47.56010716422969,-4.301842158135248,51.5,51.6,0.0,0.1,16.12,total_market,0.5004,1.0,1.3,0.0,0.3,15.38,margin_market,0.5011,Under,0.4996,,0.9090909090909092,-0.046,0.0,Western Kentucky,1.0,Western Kentucky +1.0,0.4989,,0.9090909090909092,-0.048,0.0,True,pass,pass,2026-09-05,0.5259,0.4741,0.51,0.51,-0.0016,-0.0534,2.0,Nevada,KXNCAAFGAME-26SEP05WKUNEV-NEV,True,,,0.5259,,,,,,,,,,,,,,,,,,,False,0.0,0.0,0.51,0.4741,-0.0534,Nevada,Western Kentucky,True,True,51.5,0.5,0.5,-0.0175,1.0,1.5,0.48,0.4354,-0.062,1.0,,
401856634,2026,1,2026-09-05,"Sat Sep 05, 12:00 PM",Alabama,East Carolina,False,False,52.5,-28.0,Bovada,,,,,,,0,0,50.87773159757359,7.497619581640242,52.2,51.3,-0.3,-1.2,16.12,total_market,0.4927,28.3,30.2,0.3,2.2,15.38,margin_market,0.5086,Under,0.5073,,0.9090909090909092,-0.032,0.0,Alabama,-28.0,Alabama -28.0,0.5086,,0.9090909090909092,-0.029,0.0,True,pass,pass,2026-09-05,0.9671,0.0329,0.97,0.04,-0.0049,-0.0098,1.0,Alabama,KXNCAAFGAME-26SEP05ECUALA-ALA,True,,,0.9671,,,,,,,,,,,,,,,,,,,False,0.0,0.0,0.97,0.0329,-0.0098,Alabama,Alabama,True,True,52.5,0.51,0.4926,-0.0349,1.0,27.5,0.54,0.5207,-0.0366,1.0,,
401856778,2026,1,2026-09-05,"Sat Sep 05, 12:00 PM",Houston,Oregon State,False,False,50.5,-20.5,Bovada,,,,,,,0,0,50.74646987856204,16.752374068483327,50.3,49.6,-0.2,-0.9,16.12,total_market,0.4941,20.0,17.4,-0.5,-3.1,15.38,margin_market,0.4881,Under,0.5059,,0.9090909090909092,-0.034,0.0,Oregon State,20.5,Oregon State +20.5,0.5119,,0.9090909090909092,-0.023,0.0,True,pass,pass,2026-09-05,0.9033,0.0967,0.92,0.09,-0.0219,0.001,1.0,Oregon State,KXNCAAFGAME-26SEP05ORSTHOU-ORST,True,,,0.9033,,,,,,,,,,,,,,,,,,,False,0.0,0.0,0.09,0.0967,0.001,Oregon State,Houston,True,True,50.5,0.52,0.4951,-0.0424,1.0,20.5,0.54,0.487,-0.0704,1.0,,
401856780,2026,1,2026-09-05,"Sat Sep 05, 12:00 PM",West Virginia,Coastal Carolina,False,False,54.5,-21.0,Bovada,,,,,,,0,0,58.23402452134686,11.27531480723545,53.3,49.8,-1.2,-4.7,16.12,total_market,0.4709,20.7,19.0,-0.3,-2.0,15.38,margin_market,0.4924,Under,0.5291,,0.9090909090909092,0.01,0.28,Coastal Carolina,21.0,Coastal Carolina +21.0,0.5076,,0.9090909090909092,-0.031,0.0,True,pass,pass,2026-09-05,0.9108,0.0892,0.93,0.08,-0.0238,0.004,1.0,Coastal Carolina,KXNCAAFGAME-26SEP05CCARWVU-CCAR,True,,,0.9108,,,,,,,,,,,,,,,,,,,False,0.0,0.0,0.08,0.0892,0.004,Coastal Carolina,West Virginia,True,True,54.5,0.5,0.4703,-0.0472,1.0,20.5,0.53,0.5052,-0.0422,1.0,,
401858208,2026,1,2026-09-05,"Sat Sep 05, 12:00 PM",Syracuse,New Hampshire,False,False,55.5,-34.5,Bovada,,,,,,,0,1,51.162804449208565,3.062945608471031,56.0,57.4,0.5,1.9,16.12,total_market,0.512,34.6,35.5,0.1,1.0,15.38,margin_market,0.5038,Over,0.512,,0.9090909090909092,-0.023,0.0,Syracuse,-34.5,Syracuse -34.5,0.5038,,0.9090909090909092,-0.038,0.0,True,pass,pass,2026-09-05,0.9878,0.0122,0.99,0.01,-0.0029,0.0015,1.0,New Hampshire,KXNCAAFGAME-26SEP05UNHSYR-UNH,True,,,0.9878,,,,,,,,,,,,,,,,,,,False,0.0,0.0,0.01,0.0122,0.0015,New Hampshire,Syracuse,True,True,55.5,0.54,0.5124,-0.045,1.0,33.5,0.58,0.5285,-0.0685,1.0,,
401858425,2026,1,2026-09-05,"Sat Sep 05, 12:00 PM",Indiana,North Texas,False,False,56.0,-40.5,Bovada,,,,,,,0,0,70.85830755184435,27.794714737994333,54.7,50.7,-1.3,-5.3,16.12,total_market,0.4672,40.8,42.4,0.3,1.9,15.38,margin_market,0.5072,Under,0.5327999999999999,,0.9090909090909092,0.017,0.47,Indiana,-40.5,Indiana -40.5,0.5072,,0.9090909090909092,-0.032,0.0,True,thin,pass,2026-09-05,0.996,0.004,1.0,0.01,,-0.0067,1.0,North Texas,KXNCAAFGAME-26SEP05UNTIND-UNT,True,,,0.996,,,,,,,,,,,,,,,,,,,False,0.0,0.0,0.01,0.004,-0.0067,North Texas,Indiana,True,True,55.5,0.54,0.4802,-0.0772,1.0,40.5,0.5,0.5078,-0.0097,1.0,,
401858430,2026,1,2026-09-05,"Sat Sep 05, 12:00 PM",Nebraska,Ohio,False,False,46.5,-24.0,Bovada,,,,,,,0,0,49.90828647108851,3.696899931052177,46.6,46.7,0.1,0.2,16.12,total_market,0.5014,23.6,21.5,-0.4,-2.5,15.38,margin_market,0.4904,Over,0.5014,,0.9090909090909092,-0.043,0.0,Ohio,24.0,Ohio +24.0,0.5096,,0.9090909090909092,-0.027,0.0,True,pass,pass,2026-09-05,0.9375,0.0625,0.95,0.06,-0.0158,-0.0014,1.0,Ohio,KXNCAAFGAME-26SEP05OHIONEB-OHIO,True,,,0.9375,,,,,,,,,,,,,,,,,,,False,0.0,0.0,0.06,0.0625,-0.0014,Ohio,Nebraska,True,True,46.5,0.54,0.5025,-0.0549,1.0,24.5,0.48,0.4767,-0.0208,1.0,,
401861962,2026,1,2026-09-05,"Sat Sep 05, 12:00 PM",UConn,Lafayette,False,False,51.5,-19.5,Bovada,,,,,,,0,0,69.01851247021233,5.974894181286318,51.1,49.7,-0.4,-1.8,16.12,total_market,0.489,19.9,22.2,0.4,2.7,15.38,margin_market,0.5104,Under,0.511,,0.9090909090909092,-0.024,0.0,UConn,-19.5,UConn -19.5,0.5104,,0.9090909090909092,-0.026,0.0,True,pass,pass,2026-09-05,0.9021,0.0979,0.93,0.08,-0.0325,0.0127,1.0,Lafayette,KXNCAAFGAME-26SEP05LAFCONN-LAF,True,,,0.9021,,,,,,,,,,,,,,,,,,,False,0.0,0.0,0.08,0.0979,0.0127,Lafayette,UConn,True,True,50.5,0.56,0.5148,-0.0624,2.0,19.5,0.57,0.5104,-0.0768,1.0,,
401862701,2026,1,2026-09-05,"Sat Sep 05, 12:00 PM",Army,Bryant,False,False,50.5,-37.0,Bovada,,,,,,,0,1,42.32686709946118,20.3103798593335,51.4,53.9,0.9,3.4,16.12,total_market,0.5211,36.9,36.3,-0.1,-0.7,15.38,margin_market,0.4972,Over,0.5211,,0.9090909090909092,-0.005,0.0,Bryant,37.0,Bryant +37.0,0.5028,,0.9090909090909092,-0.04,0.0,True,pass,pass,2026-09-05,0.9918,0.0082,0.99,0.02,0.0011,-0.0132,1.0,Army,KXNCAAFGAME-26SEP05BRYARMY-ARMY,True,,,0.9918,,,,,,,,,,,,,,,,,,,False,0.0,0.0,0.99,0.0082,-0.0132,Army,Army,True,True,50.5,0.54,0.5223,-0.0351,2.0,36.5,0.5,0.5104,-0.0071,1.0,,
401866410,2026,1,2026-09-05,"Sat Sep 05, 12:00 PM",Bowling Green,Tarleton State,False,False,48.0,-2.0,Bovada,,,,,,,0,1,55.5518698127995,-16.665749767551716,49.6,54.5,1.6,6.5,16.12,total_market,0.5401,2.2,3.3,0.2,1.3,15.38,margin_market,0.505,Over,0.5401,,0.9090909090909092,0.031,0.86,Bowling Green,-2.0,Bowling Green -2.0,0.505,,0.9090909090909092,-0.036,0.0,True,thin,pass,2026-09-05,0.5569,0.4431,0.54,0.47,-0.0005,-0.0443,1.0,Bowling Green,KXNCAAFGAME-26SEP05TARLBGSU-BGSU,True,,,0.5569,,,,,,,,,,,,,,,,,,,False,0.0,0.0,0.54,0.4431,-0.0443,Bowling Green,Tarleton State,True,False,47.5,0.56,0.5518,-0.0254,1.0,1.5,0.44,0.4049,-0.0523,1.0,,
401867924,2026,1,2026-09-05,"Sat Sep 05, 12:00 PM",New Haven,Stonehill,False,True,42.5,-6.5,DraftKings,,,,,,,1,1,47.19533640536287,15.242237056081194,43.7,47.2,1.2,4.7,16.12,total_market,0.5293,6.8,8.2,0.3,1.7,15.38,margin_market,0.5067,Over,0.5293,,0.9090909090909092,0.01,0.29,New Haven,-6.5,New Haven -6.5,0.5067,,0.9090909090909092,-0.033,0.0,True,pass,pass,2026-09-05,0.6708,0.3292,0.67,0.34,-0.0147,-0.0265,1.0,New Haven,KXNCAAFGAME-26SEP05STNHNHC-NHC,True,,,0.6708,,,,,,,,,,,,,,,,,,,False,0.0,0.0,0.67,0.3292,-0.0265,New Haven,Stonehill,True,False,42.5,0.51,0.5297,0.0022,1.0,6.5,0.19,0.1936,-0.0072,1.0,,
401869960,2026,1,2026-09-05,"Sat Sep 05, 12:00 PM",James Madison,Liberty,False,False,50.5,-6.0,Bovada,,,,,,,0,0,62.02490990871952,21.39858544506644,50.5,50.4,-0.0,-0.1,16.12,total_market,0.4992,6.0,6.3,0.0,0.3,15.38,margin_market,0.5011,Under,0.5008,,0.9090909090909092,-0.044,0.0,Liberty,6.0,Liberty +6.0,0.4989,,0.9090909090909092,-0.048,0.0,True,pass,pass,2026-09-05,0.6518,0.3482,0.68,0.33,-0.0434,0.0027,1.0,Liberty,KXNCAAFGAME-26SEP05LIBJMU-LIB,True,,,0.6518,,,,,,,,,,,,,,,,,,,False,0.0,0.0,0.33,0.3482,0.0027,Liberty,Liberty,True,True,50.5,0.52,0.5,-0.0375,1.0,6.5,0.19,0.2082,0.0074,1.0,,
401858207,2026,1,2026-09-05,"Sat Sep 05, 12:30 PM",Pittsburgh,Miami (OH),False,False,47.0,-16.0,Bovada,,,,,,,0,0,50.837543063089576,10.239265644120586,46.7,45.9,-0.3,-1.1,16.12,total_market,0.493,15.6,13.6,-0.4,-2.4,15.38,margin_market,0.4906,Under,0.507,,0.9090909090909092,-0.032,0.0,Miami (OH),16.0,Miami (OH) +16.0,0.5094000000000001,,0.9090909090909092,-0.028,0.0,True,pass,pass,2026-09-05,0.8448,0.1552,0.88,0.14,-0.0426,0.0068,1.0,Miami (OH),KXNCAAFGAME-26SEP05MOHPITT-MOH,True,,,0.8448,,,,,,,,,,,,,,,,,,,False,0.0,0.0,0.14,0.1552,0.0068,Miami (OH),Pittsburgh,True,True,47.5,0.5,0.4802,-0.0373,1.0,16.5,0.52,0.4767,-0.0608,1.0,,
401858432,2026,1,2026-09-05,"Sat Sep 05, 12:30 PM",Ohio State,Ball State,False,False,56.5,-51.0,Bovada,,,,,,,0,0,45.71215099404341,36.76425771297664,56.7,57.5,0.2,1.0,16.12,total_market,0.5059,50.9,50.3,-0.1,-0.7,15.38,margin_market,0.4971,Over,0.5059,,0.9090909090909092,-0.034,0.0,Ball State,51.0,Ball State +51.0,0.5029,,0.9090909090909092,-0.04,0.0,True,pass,pass,2026-09-05,0.9995,0.0005,1.0,0.01,,-0.0102,1.0,Ball State,KXNCAAFGAME-26SEP05BALLOSU-BALL,True,,,0.9995,,,,,,,,,,,,,,,,,,,False,0.0,0.0,0.01,0.0005,-0.0102,Ball State,Ohio State,True,True,56.5,0.47,0.5049,0.0175,1.0,51.5,0.48,0.4844,-0.013,1.0,,
401868017,2026,1,2026-09-05,"Sat Sep 05, 12:30 PM",Georgetown,Lehigh,False,True,46.5,22.5,DraftKings,,,,,,,0,1,42.874852966400525,-24.990657677314225,46.5,46.7,0.0,0.2,16.12,total_market,0.5012,-21.7,-16.9,0.8,5.6,15.38,margin_market,0.5217,Under,0.4988,,0.9090909090909092,-0.048,0.0,Georgetown,22.5,Georgetown +22.5,0.5217,,0.9090909090909092,-0.004,0.0,True,pass,thin,2026-09-05,0.0791,0.9209,0.07,0.94,0.0045,-0.023,1.0,Georgetown,KXNCAAFGAME-26SEP05LEHGTWN-GTWN,True,,,0.0791,,,,,,,,,,,,,,,,,,,False,0.0,0.0,0.07,0.9209,-0.023,Georgetown,Lehigh,True,True,47.5,0.47,0.4753,-0.0122,1.0,22.5,0.47,0.4793,-0.0082,1.0,,
401856665,2026,1,2026-09-05,"Sat Sep 05, 12:45 PM",South Carolina,Kent State,False,False,53.5,-36.5,Bovada,,,,,,,0,0,51.819499476881816,20.770050226256995,54.1,55.9,0.6,2.4,16.12,total_market,0.5146,36.6,37.5,0.1,1.0,15.38,margin_market,0.5038,Over,0.5146,,0.9090909090909092,-0.018,0.0,South Carolina,-36.5,South Carolina -36.5,0.5038,,0.9090909090909092,-0.038,0.0,True,pass,pass,2026-09-05,0.9913,0.0087,0.99,0.02,0.0006,-0.0127,1.0,South Carolina,KXNCAAFGAME-26SEP05KENTSCAR-SCAR,True,,,0.9913,,,,,,,,,,,,,,,,,,,False,0.0,0.0,0.99,0.0087,-0.0127,South Carolina,South Carolina,True,True,53.5,0.52,0.5148,-0.0226,1.0,36.5,0.48,0.5026,0.0051,1.0,,
401856659,2026,1,2026-09-05,"Sat Sep 05, 1:00 PM",Kentucky,Youngstown State,False,False,62.5,-22.0,Bovada,,,,,,,0,1,62.69745517063154,1.4274075654205092,62.2,61.3,-0.3,-1.2,16.12,total_market,0.4924,22.4,24.5,0.4,2.5,15.38,margin_market,0.5097,Under,0.5076,,0.9090909090909092,-0.031,0.0,Kentucky,-22.0,Kentucky -22.0,0.5097,,0.9090909090909092,-0.027,0.0,True,pass,pass,2026-09-05,0.9274,0.0726,0.94,0.07,-0.0165,-0.002,1.0,Youngstown State,KXNCAAFGAME-26SEP05YSUUK-YSU,True,,,0.9274,,,,,,,,,,,,,,,,,,,False,0.0,0.0,0.07,0.0726,-0.002,Youngstown State,Kentucky,True,True,62.5,0.48,0.4926,-0.0049,2.0,21.5,0.53,0.5233,-0.0241,2.0,,
401856779,2026,1,2026-09-05,"Sat Sep 05, 1:00 PM",Iowa State,Southeast Missouri State,False,False,53.5,-30.5,DraftKings,,,,,,,0,1,46.642388120495184,21.280634675499336,53.1,52.0,-0.4,-1.5,16.12,total_market,0.4909,30.5,30.4,-0.0,-0.1,15.38,margin_market,0.4997,Under,0.5091,,0.9090909090909092,-0.028,0.0,Southeast Missouri State,30.5,Southeast Missouri State +30.5,0.5003,,0.9090909090909092,-0.045,0.0,True,pass,pass,2026-09-05,0.9763,0.0237,0.98,0.03,-0.0051,-0.0083,1.0,Iowa State,KXNCAAFGAME-26SEP05SEMOISU-ISU,True,,,0.9763,,,,,,,,,,,,,,,,,,,False,0.0,0.0,0.98,0.0237,-0.0083,Iowa State,Iowa State,True,True,53.5,0.48,0.4901,-0.0074,1.0,30.5,0.5,0.5,-0.0175,2.0,,
401864496,2026,1,2026-09-05,"Sat Sep 05, 1:00 PM",Air Force,Duquesne,False,False,57.5,-28.5,Bovada,,,,,,,0,0,55.59078685685748,9.277342958148855,57.2,56.3,-0.3,-1.2,16.12,total_market,0.4924,28.9,31.1,0.4,2.6,15.38,margin_market,0.5101,Under,0.5076,,0.9090909090909092,-0.031,0.0,Air Force,-28.5,Air Force -28.5,0.5101,,0.9090909090909092,-0.026,0.0,True,pass,pass,2026-09-05,0.9699,0.0301,0.98,0.03,-0.0115,-0.0019,1.0,Duquesne,KXNCAAFGAME-26SEP05DUQAFA-DUQ,True,,,0.9699,,,,,,,,,,,,,,,,,,,False,0.0,0.0,0.03,0.0301,-0.0019,Duquesne,Air Force,True,True,57.5,0.45,0.4926,0.0253,2.0,27.5,0.63,0.5363,-0.1101,2.0,,
401868000,2026,1,2026-09-05,"Sat Sep 05, 1:00 PM",Colgate,Holy Cross,False,True,49.5,-4.5,DraftKings,,,,,,,1,1,52.09545375795952,3.1058761822684406,50.3,52.8,0.8,3.3,16.12,total_market,0.5206,4.4,4.1,-0.1,-0.4,15.38,margin_market,0.4986,Over,0.5206,,0.9090909090909092,-0.006,0.0,Holy Cross,4.5,Holy Cross +4.5,0.5014000000000001,,0.9090909090909092,-0.043,0.0,True,pass,pass,2026-09-05,0.6126,0.3874,0.63,0.37,-0.0337,0.0011,1.0,Holy Cross,KXNCAAFGAME-26SEP05HCCOLG-HC,True,,,0.6126,,,,,,,,,,,,,,,,,,,False,0.0,0.0,0.37,0.3874,0.0011,Holy Cross,Holy Cross,True,False,50.5,0.5,0.4951,-0.0224,1.0,4.5,0.3,0.2814,-0.0333,10.0,,
401868186,2026,1,2026-09-05,"Sat Sep 05, 1:30 PM",Wofford,Gardner-Webb,False,False,50.5,-8.5,DraftKings,,,,,,,1,1,46.57726793115351,15.214349944419231,50.7,51.4,0.2,0.9,16.12,total_market,0.5054,8.2,6.6,-0.3,-1.9,15.38,margin_market,0.4926,Over,0.5054,,0.9090909090909092,-0.035,0.0,Gardner-Webb,8.5,Gardner-Webb +8.5,0.5074000000000001,,0.9090909090909092,-0.031,0.0,True,pass,pass,2026-09-05,0.703,0.297,0.74,0.27,-0.0505,0.0132,1.0,Gardner-Webb,KXNCAAFGAME-26SEP05WEBBWOF-WEBB,True,,,0.703,,,,,,,,,,,,,,,,,,,False,0.0,0.0,0.27,0.297,0.0132,Gardner-Webb,Gardner-Webb,True,False,48.5,0.56,0.5543,-0.023,2.0,8.5,0.14,0.1388,-0.0096,3.0,,
401862698,2026,1,2026-09-05,"Sat Sep 05, 2:00 PM",Temple,Rhode Island,False,False,51.0,-14.5,Bovada,,,,,,,0,1,55.72654019013177,-4.956818436994923,51.1,51.4,0.1,0.4,16.12,total_market,0.5025,14.4,14.1,-0.1,-0.4,15.38,margin_market,0.4983,Over,0.5025,,0.9090909090909092,-0.041,0.0,Rhode Island,14.5,Rhode Island +14.5,0.5017,,0.9090909090909092,-0.042,0.0,True,pass,pass,2026-09-05,0.8254,0.1746,0.86,0.16,-0.043,0.0052,1.0,Rhode Island,KXNCAAFGAME-26SEP05URITEM-URI,True,,,0.8254,,,,,,,,,,,,,,,,,,,False,0.0,0.0,0.16,0.1746,0.0052,Rhode Island,Temple,True,True,51.5,0.48,0.4901,-0.0074,1.0,14.5,0.48,0.4974,-0.0001,1.0,,
401866624,2026,1,2026-09-05,"Sat Sep 05, 2:00 PM",Monmouth,Sacred Heart,False,True,58.5,-12.5,DraftKings,,,,,,,1,0,62.87014996119234,1.340291144112006,57.9,56.0,-0.6,-2.5,16.12,total_market,0.4848,12.5,12.8,0.0,0.3,15.38,margin_market,0.5012,Under,0.5152,,0.9090909090909092,-0.016,0.0,Sacred Heart,12.5,Sacred Heart +12.5,0.4988,,0.9090909090909092,-0.048,0.0,True,pass,pass,2026-09-05,0.7918,0.2082,0.82,0.19,-0.0385,0.0074,1.0,Sacred Heart,KXNCAAFGAME-26SEP05SHUMONM-SHU,True,,,0.7918,,,,,,,,,,,,,,,,,,,False,0.0,0.0,0.19,0.2082,0.0074,Sacred Heart,Monmouth,False,False,58.5,0.49,0.4852,-0.0223,1.0,11.5,0.52,0.5259,-0.0116,3.0,,
401856658,2026,1,2026-09-05,"Sat Sep 05, 3:00 PM",Georgia,Tennessee State,False,False,54.5,-46.5,Bovada,,,,,,,0,1,41.260598415891785,35.347859488218354,55.0,56.5,0.5,2.0,16.12,total_market,0.5123,46.7,47.9,0.2,1.4,15.38,margin_market,0.5053,Over,0.5123,,0.9090909090909092,-0.022,0.0,Georgia,-46.5,Georgia -46.5,0.5053,,0.9090909090909092,-0.035,0.0,True,pass,pass,2026-09-05,0.9988,0.0012,1.0,0.01,,-0.0095,1.0,Tennessee State,KXNCAAFGAME-26SEP05TNSTUGA-TNST,True,,,0.9988,,,,,,,,,,,,,,,,,,,False,0.0,0.0,0.01,0.0012,-0.0095,Tennessee State,Georgia,True,True,54.5,0.54,0.5124,-0.045,1.0,47.5,0.56,0.4793,-0.098,2.0,,
401868111,2026,1,2026-09-05,"Sat Sep 05, 3:00 PM",Montana,Drake,False,False,61.5,-35.5,DraftKings,,,,,,,1,1,57.80663147131818,19.3376642905466,62.2,64.3,0.7,2.8,16.12,total_market,0.517,35.7,36.9,0.2,1.4,15.38,margin_market,0.5056,Over,0.517,,0.9090909090909092,-0.013,0.0,Montana,-35.5,Montana -35.5,0.5056,,0.9090909090909092,-0.035,0.0,True,pass,pass,2026-09-05,0.9899,0.0101,0.99,0.03,-0.0008,-0.0219,1.0,Montana,KXNCAAFGAME-26SEP05DRKEMONT-MONT,True,,,0.9899,,,,,,,,,,,,,,,,,,,False,0.0,0.0,0.99,0.0101,-0.0219,Montana,Montana,True,True,61.5,0.51,0.5173,-0.0102,3.0,35.5,0.48,0.5052,0.0077,1.0,,
401856636,2026,1,2026-09-05,"Sat Sep 05, 3:30 PM",Auburn,Baylor,True,False,59.5,-7.5,Bovada,,,,,,,0,0,56.63949254885824,10.208088360886716,58.1,54.0,-1.4,-5.5,16.12,total_market,0.4659,7.6,7.9,0.1,0.4,15.38,margin_market,0.5015,Under,0.5341,,0.9090909090909092,0.02,0.54,Auburn,-7.5,Auburn -7.5,0.5015,,0.9090909090909092,-0.043,0.0,True,thin,pass,2026-09-05,0.6894,0.3106,0.73,0.28,-0.0544,0.0165,1.0,Baylor,KXNCAAFGAME-26SEP05BAYAUB-BAY,True,,,0.6894,,,,,,,,,,,,,,,,,,,False,0.0,0.0,0.28,0.3106,0.0165,Baylor,Baylor,True,True,59.5,0.47,0.4654,-0.022,1.0,7.5,0.13,0.1631,0.0252,2.0,,
401856666,2026,1,2026-09-05,"Sat Sep 05, 3:30 PM",Tennessee,Furman,False,False,67.0,-48.0,Bovada,,,,,,,0,1,57.892284851673374,20.25794619008596,66.5,64.9,-0.5,-2.1,16.12,total_market,0.487,47.4,44.1,-0.6,-3.9,15.38,margin_market,0.4849,Under,0.513,,0.9090909090909092,-0.021,0.0,Furman,48.0,Furman +48.0,0.5151,,0.9090909090909092,-0.017,0.0,True,pass,pass,2026-09-05,0.999,0.001,1.0,0.01,,-0.0097,1.0,Furman,KXNCAAFGAME-26SEP05FURTENN-FUR,True,,,0.999,,,,,,,,,,,,,,,,,,,False,0.0,0.0,0.01,0.001,-0.0097,Furman,Tennessee,True,True,66.5,0.54,0.5,-0.0574,1.0,48.5,0.52,0.4715,-0.066,2.0,,
401856667,2026,1,2026-09-05,"Sat Sep 05, 3:30 PM",Texas,Texas State,False,False,60.0,-29.5,Bovada,,,,,,,0,0,63.30596774265255,14.266007077413612,59.1,56.2,-0.9,-3.8,16.12,total_market,0.4766,29.3,28.0,-0.2,-1.5,15.38,margin_market,0.4942,Under,0.5234,,0.9090909090909092,-0.001,0.0,Texas State,29.5,Texas State +29.5,0.5058,,0.9090909090909092,-0.034,0.0,True,pass,pass,2026-09-05,0.9716,0.0284,0.98,0.03,-0.0098,-0.0036,1.0,Texas State,KXNCAAFGAME-26SEP05TXSTTEX-TXST,True,,,0.9716,,,,,,,,,,,,,,,,,,,False,0.0,0.0,0.03,0.0284,-0.0036,Texas State,Texas,True,True,59.5,0.53,0.4901,-0.0573,1.0,30.5,0.47,0.4689,-0.0185,1.0,,
401856777,2026,1,2026-09-05,"Sat Sep 05, 3:30 PM",Cincinnati,Boston College,False,False,50.0,-7.5,Bovada,,,,,,,0,0,56.38981599816746,2.054762702950935,48.7,44.6,-1.3,-5.4,16.12,total_market,0.4668,7.3,5.9,-0.2,-1.6,15.38,margin_market,0.4937,Under,0.5332,,0.9090909090909092,0.018,0.49,Boston College,7.5,Boston College +7.5,0.5063,,0.9090909090909092,-0.033,0.0,True,thin,pass,2026-09-05,0.6825,0.3175,0.73,0.28,-0.0613,0.0234,1.0,Boston College,KXNCAAFGAME-26SEP05BCCIN-BC,True,,,0.6825,,,,,,,,,,,,,,,,,,,False,0.0,0.0,0.28,0.3175,0.0234,Boston College,Cincinnati,True,True,49.5,0.56,0.4802,-0.097,2.0,7.5,0.5,0.4948,-0.0227,1.0,,
401858209,2026,1,2026-09-05,"Sat Sep 05, 3:30 PM",Duke,Tulane,False,False,50.5,-7.5,Bovada,,,,,,,0,0,60.66062536329824,5.120211497529931,49.4,46.1,-1.1,-4.4,16.12,total_market,0.473,7.5,7.2,-0.0,-0.3,15.38,margin_market,0.499,Under,0.527,,0.9090909090909092,0.006,0.17,Tulane,7.5,Tulane +7.5,0.501,,0.9090909090909092,-0.044,0.0,True,pass,pass,2026-09-05,0.6871,0.3129,0.75,0.27,-0.076,0.0291,1.0,Tulane,KXNCAAFGAME-26SEP05TULNDUKE-TULN,True,,,0.6871,,,,,,,,,,,,,,,,,,,False,0.0,0.0,0.27,0.3129,0.0291,Tulane,Tulane,True,True,50.5,0.51,0.4728,-0.0547,1.0,7.5,0.12,0.1647,0.0373,2.0,,
401858433,2026,1,2026-09-05,"Sat Sep 05, 3:30 PM",Oregon,Boise State,False,False,51.5,-25.0,Bovada,,,,,,,0,0,54.80041369133263,20.85734408774721,50.9,49.1,-0.6,-2.4,16.12,total_market,0.4854,25.0,25.2,0.0,0.2,15.38,margin_market,0.5009,Under,0.5146,,0.9090909090909092,-0.018,0.0,Boise State,25.0,Boise State +25.0,0.4991,,0.9090909090909092,-0.047,0.0,True,pass,pass,2026-09-05,0.948,0.052,0.95,0.06,-0.0053,-0.0119,1.0,Oregon,KXNCAAFGAME-26SEP05BSUORE-ORE,True,,,0.948,,,,,,,,,,,,,,,,,,,False,0.0,0.0,0.95,0.052,-0.0119,Oregon,Oregon,True,True,51.5,0.52,0.4852,-0.0523,1.0,24.5,0.52,0.513,-0.0245,1.0,,
401858434,2026,1,2026-09-05,"Sat Sep 05, 3:30 PM",Penn State,Marshall,False,False,52.0,-23.0,Bovada,,,,,,,0,0,54.03964249935365,24.09261996648983,51.5,50.1,-0.5,-1.9,16.12,total_market,0.4882,22.8,21.6,-0.2,-1.4,15.38,margin_market,0.4946,Under,0.5118,,0.9090909090909092,-0.023,0.0,Marshall,23.0,Marshall +23.0,0.5054000000000001,,0.9090909090909092,-0.035,0.0,True,pass,pass,2026-09-05,0.9309,0.0691,0.95,0.06,-0.0224,0.0052,1.0,Marshall,KXNCAAFGAME-26SEP05MRSHPSU-MRSH,True,,,0.9309,,,,,,,,,,,,,,,,,,,False,0.0,0.0,0.06,0.0691,0.0052,Marshall,Penn State,True,True,52.5,0.5,0.4753,-0.0422,1.0,23.5,0.5,0.4818,-0.0357,1.0,,
401862694,2026,1,2026-09-05,"Sat Sep 05, 3:30 PM",Charlotte,The Citadel,False,False,46.5,-20.0,Bovada,,,,,,,0,1,47.28213585187959,3.463744448319104,47.5,50.6,1.0,4.1,16.12,total_market,0.5253,20.7,24.5,0.7,4.5,15.38,margin_market,0.5176,Over,0.5253,,0.9090909090909092,0.003,0.08,Charlotte,-20.0,Charlotte -20.0,0.5176,,0.9090909090909092,-0.012,0.0,True,pass,thin,2026-09-05,0.9108,0.0892,0.92,0.09,-0.0144,-0.0065,1.0,The Citadel,KXNCAAFGAME-26SEP05CITCHAR-CIT,True,,,0.9108,,,,,,,,,,,,,,,,,,,False,0.0,0.0,0.09,0.0892,-0.0065,The Citadel,Charlotte,True,True,46.5,0.55,0.5247,-0.0426,1.0,20.5,0.51,0.5052,-0.0223,1.0,,
401862696,2026,1,2026-09-05,"Sat Sep 05, 3:30 PM",Navy,Towson,False,False,50.5,-30.5,Bovada,,,,,,,0,1,49.5372067673072,19.63381106515161,50.6,50.7,0.1,0.2,16.12,total_market,0.5013,30.0,27.5,-0.5,-3.0,15.38,margin_market,0.4882,Over,0.5013,,0.9090909090909092,-0.043,0.0,Towson,30.5,Towson +30.5,0.5118,,0.9090909090909092,-0.023,0.0,True,pass,pass,2026-09-05,0.9744,0.0256,0.98,0.03,-0.007,-0.0064,1.0,Towson,KXNCAAFGAME-26SEP05TOWSNAVY-TOWS,True,,,0.9744,,,,,,,,,,,,,,,,,,,False,0.0,0.0,0.03,0.0256,-0.0064,Towson,Navy,True,True,51.5,0.46,0.4777,0.0004,1.0,30.5,0.53,0.487,-0.0604,2.0,,
401862700,2026,1,2026-09-05,"Sat Sep 05, 3:30 PM",UTSA,UT Rio Grande Valley,False,False,59.5,-28.5,Bovada,,,,,,,0,1,60.66030380268042,4.120020173906172,59.5,59.6,0.0,0.1,16.12,total_market,0.5008,28.7,29.9,0.2,1.4,15.38,margin_market,0.5054,Under,0.4992,,0.9090909090909092,-0.047,0.0,UTSA,-28.5,UTSA -28.5,0.5054,,0.9090909090909092,-0.035,0.0,True,pass,pass,2026-09-05,0.969,0.031,0.97,0.04,-0.003,-0.0117,1.0,UTSA,KXNCAAFGAME-26SEP05UTRGVUTSA-UTSA,True,,,0.969,,,,,,,,,,,,,,,,,,,False,0.0,0.0,0.97,0.031,-0.0117,UTSA,UTSA,False,True,59.5,0.51,0.5,-0.0275,2.0,28.5,0.51,0.5052,-0.0223,2.0,,
401864499,2026,1,2026-09-05,"Sat Sep 05, 3:30 PM",North Dakota State,Fordham,False,False,56.0,-41.5,Bovada,,,,,,,1,1,45.07894779631097,37.201245465394976,57.6,62.4,1.6,6.4,16.12,total_market,0.5395,41.8,43.2,0.3,1.7,15.38,margin_market,0.5067,Over,0.5395,,0.9090909090909092,0.03,0.82,North Dakota State,-41.5,North Dakota State -41.5,0.5067,,0.9090909090909092,-0.033,0.0,True,thin,pass,2026-09-05,0.9967,0.0033,1.0,0.01,,-0.0074,1.0,Fordham,KXNCAAFGAME-26SEP05FORNDSU-FOR,True,,,0.9967,,,,,,,,,,,,,,,,,,,False,0.0,0.0,0.01,0.0033,-0.0074,Fordham,North Dakota State,True,True,56.5,0.42,0.5272,0.0901,1.0,41.5,0.49,0.5078,0.0003,2.0,,
401866625,2026,1,2026-09-05,"Sat Sep 05, 3:30 PM",Campbell,Western Carolina,False,False,68.5,4.0,DraftKings,,,,,,,1,1,75.3353724812408,-9.092083438806815,66.4,60.1,-2.1,-8.4,16.12,total_market,0.4479,-3.6,-1.5,0.4,2.5,15.38,margin_market,0.5096,Under,0.5521,,0.9090909090909092,0.054,1.49,Campbell,4.0,Campbell +4.0,0.5096,,0.9090909090909092,-0.027,0.0,True,thin,pass,2026-09-05,0.4075,0.5925,0.39,0.63,0.0008,-0.0538,1.0,Campbell,KXNCAAFGAME-26SEP05WCUCAMP-CAMP,True,,,0.4075,,,,,,,,,,,,,,,,,,,False,0.0,0.0,0.39,0.5925,-0.0538,Campbell,Western Carolina,True,True,67.5,0.54,0.4728,-0.0846,1.0,3.5,0.5,0.5026,-0.0149,2.0,,
401866627,2026,1,2026-09-05,"Sat Sep 05, 3:30 PM",App State,Maine,False,False,53.5,-19.5,Bovada,,,,,,,0,1,49.97771553052735,-1.2621826631128976,54.0,55.5,0.5,2.0,16.12,total_market,0.5121,19.7,20.7,0.2,1.2,15.38,margin_market,0.5047,Over,0.5121,,0.9090909090909092,-0.022,0.0,App State,-19.5,App State -19.5,0.5047,,0.9090909090909092,-0.036,0.0,True,pass,pass,2026-09-05,0.8999,0.1001,0.91,0.1,-0.0158,-0.0062,1.0,Maine,KXNCAAFGAME-26SEP05MEAPP-ME,True,,,0.8999,,,,,,,,,,,,,,,,,,,False,0.0,0.0,0.1,0.1001,-0.0062,Maine,App State,False,True,53.5,0.51,0.5124,-0.0151,2.0,18.5,0.57,0.5311,-0.0561,1.0,,
401856772,2026,1,2026-09-05,"Sat Sep 05, 3:45 PM",Tulsa,Oklahoma State,False,False,59.0,13.5,Bovada,,,,,,,0,0,49.96206543512881,0.1058345676526233,58.2,55.9,-0.8,-3.1,16.12,total_market,0.4809,-12.4,-6.3,1.1,7.2,15.38,margin_market,0.5278,Under,0.5191,,0.9090909090909092,-0.009,0.0,Tulsa,13.5,Tulsa +13.5,0.5278,,0.9090909090909092,0.008,0.21,True,pass,thin,2026-09-05,0.2101,0.7899,0.18,0.83,0.0198,-0.05,1.0,Tulsa,KXNCAAFGAME-26SEP05OKSTTLSA-TLSA,True,,,0.2101,,,,,,,,,,,,,,,,,,,False,0.0,0.0,0.18,0.7899,-0.05,Tulsa,Oklahoma State,True,True,58.5,0.47,0.4926,0.0051,1.0,13.5,0.52,0.4715,-0.066,1.0,,
401867875,2026,1,2026-09-05,"Sat Sep 05, 4:00 PM",North Dakota,St. Thomas (MN),False,False,53.5,-28.5,DraftKings,,,,,,,1,1,49.30702465850631,10.328889894171224,55.0,59.5,1.5,6.0,16.12,total_market,0.5373,28.7,29.8,0.2,1.3,15.38,margin_market,0.5051,Over,0.5373,,0.9090909090909092,0.026,0.71,North Dakota,-28.5,North Dakota -28.5,0.5051,,0.9090909090909092,-0.036,0.0,True,thin,pass,2026-09-05,0.969,0.031,0.96,0.06,0.0063,-0.0329,2.0,North Dakota,KXNCAAFGAME-26SEP05USTUND-UND,True,,,0.969,,,,,,,,,,,,,,,,,,,False,0.0,0.0,0.96,0.031,-0.0329,North Dakota,North Dakota,False,True,51.5,0.53,0.5859,0.0385,1.0,27.5,0.51,0.5311,0.0036,2.0,,
401856635,2026,1,2026-09-05,"Sat Sep 05, 4:15 PM",Arkansas,North Alabama,False,False,63.0,-40.5,Bovada,,,,,,,0,1,64.40382246284221,19.323964496106605,62.5,60.9,-0.5,-2.1,16.12,total_market,0.487,40.3,39.3,-0.2,-1.2,15.38,margin_market,0.4952,Under,0.513,,0.9090909090909092,-0.021,0.0,North Alabama,40.5,North Alabama +40.5,0.5048,,0.9090909090909092,-0.036,0.0,True,pass,pass,2026-09-05,0.9956,0.0044,0.99,0.02,0.0049,-0.017,1.0,Arkansas,KXNCAAFGAME-26SEP05UNAARK-ARK,True,,,0.9956,,,,,,,,,,,,,,,,,,,False,0.0,0.0,0.99,0.0044,-0.017,Arkansas,Arkansas,False,True,63.5,0.48,0.4753,-0.0222,2.0,40.5,0.51,0.4948,-0.0327,2.0,,
401858426,2026,1,2026-09-05,"Sat Sep 05, 4:15 PM",Iowa,Northern Illinois,False,False,44.5,-32.0,Bovada,,,,,,,0,0,45.77300248283661,29.564345636158432,42.9,38.3,-1.6,-6.2,16.12,total_market,0.4617,31.7,30.0,-0.3,-2.0,15.38,margin_market,0.4922,Under,0.5383,,0.9090909090909092,0.028,0.76,Northern Illinois,32.0,Northern Illinois +32.0,0.5078,,0.9090909090909092,-0.031,0.0,True,thin,pass,2026-09-05,0.9804,0.0196,0.99,0.02,-0.0103,-0.0018,1.0,Northern Illinois,KXNCAAFGAME-26SEP05NIUIOWA-NIU,True,,,0.9804,,,,,,,,,,,,,,,,,,,False,0.0,0.0,0.02,0.0196,-0.0018,Northern Illinois,Iowa,True,True,44.5,0.51,0.4605,-0.067,1.0,31.5,0.5,0.5052,-0.0123,1.0,,
401868356,2026,1,2026-09-05,"Sat Sep 05, 5:00 PM",Southern Miss,Alcorn State,False,False,50.5,-20.0,Bovada,,,,,,,0,1,54.58872925544823,-1.818227188028951,51.3,53.9,0.8,3.4,16.12,total_market,0.5207,20.0,20.2,0.0,0.2,15.38,margin_market,0.5006,Over,0.5207,,0.9090909090909092,-0.006,0.0,Alcorn State,20.0,Alcorn State +20.0,0.4993999999999999,,0.9090909090909092,-0.047,0.0,True,pass,pass,2026-09-05,0.9033,0.0967,0.91,0.1,-0.0124,-0.0096,1.0,Alcorn State,KXNCAAFGAME-26SEP05ALCNUSM-ALCN,True,,,0.9033,,,,,,,,,,,,,,,,,,,False,0.0,0.0,0.1,0.0967,-0.0096,Alcorn State,Southern Miss,False,True,50.5,0.51,0.5198,-0.0077,1.0,20.5,0.48,0.487,-0.0104,1.0,,
401860878,2026,1,2026-09-05,"Sat Sep 05, 6:00 PM",Colorado State,Wyoming,False,False,46.5,-3.0,Bovada,,,,,,,0,0,41.5310628821245,-3.820581624498781,46.5,46.3,-0.0,-0.2,16.12,total_market,0.4989,3.4,5.4,0.4,2.4,15.38,margin_market,0.5094,Under,0.5011,,0.9090909090909092,-0.043,0.0,Colorado State,-3.0,Colorado State -3.0,0.5094,,0.9090909090909092,-0.028,0.0,True,pass,pass,2026-09-05,0.5875,0.4125,0.59,0.42,-0.0194,-0.0246,1.0,Colorado State,KXNCAAFGAME-26SEP05WYOCSU-CSU,True,,,0.5875,,,,,,,,,,,,,,,,,,,False,0.0,0.0,0.59,0.4125,-0.0246,Colorado State,Wyoming,True,True,46.5,0.5,0.5,-0.0175,2.0,2.5,0.39,0.3506,-0.056,2.0,,
401866626,2026,1,2026-09-05,"Sat Sep 05, 6:00 PM",Davidson,Elon,False,False,58.5,32.5,DraftKings,,,,,,,1,1,57.48089638054567,-18.083558517779696,57.8,55.6,-0.7,-2.9,16.12,total_market,0.482,-32.4,-31.9,0.1,0.6,15.38,margin_market,0.5023,Under,0.518,,0.9090909090909092,-0.011,0.0,Davidson,32.5,Davidson +32.5,0.5023,,0.9090909090909092,-0.041,0.0,True,pass,pass,2026-09-05,0.0176,0.9824,0.05,0.97,-0.0357,0.0104,1.0,Elon,KXNCAAFGAME-26SEP05ELONDAV-ELON,True,,,0.0176,,,,,,,,,,,,,,,,,,,False,0.0,0.0,0.97,0.9824,0.0104,Elon,Elon,False,True,56.5,0.62,0.5321,-0.1044,8.0,31.5,0.51,0.5233,-0.0042,2.0,,
401867692,2026,1,2026-09-05,"Sat Sep 05, 6:00 PM",William & Mary,Delaware State,False,False,56.5,-10.0,DraftKings,,,,,,,1,1,61.177769146290046,5.726077305432012,57.4,59.9,0.9,3.4,16.12,total_market,0.5213,9.6,7.6,-0.4,-2.4,15.38,margin_market,0.4906,Over,0.5213,,0.9090909090909092,-0.005,0.0,Delaware State,10.0,Delaware State +10.0,0.5094000000000001,,0.9090909090909092,-0.028,0.0,True,pass,pass,2026-09-05,0.7337,0.2663,0.77,0.24,-0.0487,0.0135,1.0,Delaware State,KXNCAAFGAME-26SEP05DSUWM-DSU,True,,,0.7337,,,,,,,,,,,,,,,,,,,False,0.0,0.0,0.24,0.2663,0.0135,Delaware State,William & Mary,True,True,55.5,0.53,0.5469,-0.0005,1.0,8.5,0.52,0.5285,-0.009,1.0,,
401867973,2026,1,2026-09-05,"Sat Sep 05, 6:00 PM",Old Dominion,Norfolk State,False,False,52.5,-41.0,Bovada,,,,,,,0,1,50.73215617457765,23.72129051532066,53.2,55.2,0.7,2.7,16.12,total_market,0.5165,40.8,40.0,-0.2,-1.0,15.38,margin_market,0.496,Over,0.5165,,0.9090909090909092,-0.014,0.0,Norfolk State,41.0,Norfolk State +41.0,0.504,,0.9090909090909092,-0.038,0.0,True,pass,pass,2026-09-05,0.996,0.004,0.99,0.02,0.0053,-0.0174,1.0,Old Dominion,KXNCAAFGAME-26SEP05NORFODU-ODU,True,,,0.996,,,,,,,,,,,,,,,,,,,False,0.0,0.0,0.99,0.004,-0.0174,Old Dominion,Old Dominion,True,True,53.5,0.5,0.4926,-0.0249,1.0,41.5,0.49,0.4818,-0.0256,1.0,,
401867989,2026,1,2026-09-05,"Sat Sep 05, 6:00 PM",Bucknell,Villanova,False,True,54.5,26.5,DraftKings,,,,,,,1,1,55.49222456041291,-18.99325738175013,54.9,56.1,0.4,1.6,16.12,total_market,0.51,-25.5,-19.5,1.0,7.0,15.38,margin_market,0.5271,Over,0.51,,0.9090909090909092,-0.026,0.0,Bucknell,26.5,Bucknell +26.5,0.5271,,0.9090909090909092,0.006,0.17,True,pass,thin,2026-09-05,0.0487,0.9513,0.05,0.96,-0.0046,-0.0114,1.0,Bucknell,KXNCAAFGAME-26SEP05VILLBUCK-BUCK,True,,,0.0487,,,,,,,,,,,,,,,,,,,False,0.0,0.0,0.05,0.9513,-0.0114,Bucknell,Villanova,False,True,53.5,0.5,0.5346,0.0171,2.0,26.5,0.48,0.4741,-0.0234,1.0,,
401868274,2026,1,2026-09-05,"Sat Sep 05, 6:00 PM",Mercer,Presbyterian,False,False,56.5,-22.5,DraftKings,,,,,,,1,1,58.76122994245783,5.601700163853177,56.7,57.3,0.2,0.8,16.12,total_market,0.5049,22.1,19.7,-0.4,-2.8,15.38,margin_market,0.4892,Over,0.5049,,0.9090909090909092,-0.036,0.0,Presbyterian,22.5,Presbyterian +22.5,0.5107999999999999,,0.9090909090909092,-0.025,0.0,True,pass,pass,2026-09-05,0.9246,0.0754,0.92,0.09,-0.0006,-0.0203,2.0,Mercer,KXNCAAFGAME-26SEP05PREMER-MER,True,,,0.9246,,,,,,,,,,,,,,,,,,,False,0.0,0.0,0.92,0.0754,-0.0203,Mercer,Mercer,True,False,57.5,0.43,0.4802,0.0331,2.0,23.5,0.5,0.4637,-0.0538,2.0,,
401868336,2026,1,2026-09-05,"Sat Sep 05, 6:00 PM",Chattanooga,Tennessee Tech,False,True,48.5,10.5,DraftKings,,,,,,,1,1,52.26932934695961,-1.7395433200833246,48.9,50.0,0.4,1.5,16.12,total_market,0.5094,-10.3,-9.4,0.2,1.1,15.38,margin_market,0.5044,Over,0.5094,,0.9090909090909092,-0.028,0.0,Chattanooga,10.5,Chattanooga +10.5,0.5044,,0.9090909090909092,-0.037,0.0,True,pass,pass,2026-09-05,0.2515,0.7485,0.2,0.82,0.0403,-0.0818,2.0,Chattanooga,KXNCAAFGAME-26SEP05TNTCCHAT-CHAT,True,,,0.2515,,,,,,,,,,,,,,,,,,,False,0.0,0.0,0.2,0.7485,-0.0818,Chattanooga,Tennessee Tech,True,True,49.5,0.45,0.4852,0.0178,2.0,11.5,0.51,0.4689,-0.0586,3.0,,
401869127,2026,1,2026-09-05,"Sat Sep 05, 6:00 PM",Howard,Richmond,False,False,45.5,14.5,DraftKings,,,,,,,1,1,44.91783480357326,-4.036775182748567,45.6,45.9,0.1,0.4,16.12,total_market,0.5026,-14.5,-14.6,-0.0,-0.1,15.38,margin_market,0.4996,Over,0.5026,,0.9090909090909092,-0.04,0.0,Richmond,-14.5,Richmond -14.5,0.5004,,0.9090909090909092,-0.045,0.0,True,pass,pass,2026-09-05,0.1729,0.8271,0.17,0.85,-0.007,-0.0318,2.0,Howard,KXNCAAFGAME-26SEP05RICHHOW-HOW,True,,,0.1729,,,,,,,,,,,,,,,,,,,False,0.0,0.0,0.17,0.8271,-0.0318,Howard,Richmond,True,False,46.5,0.47,0.4777,-0.0097,1.0,12.5,0.58,0.5517,-0.0453,6.0,,
401856668,2026,1,2026-09-05,"Sat Sep 05, 7:00 PM",Texas A&M,Missouri State,False,False,53.5,-40.5,Bovada,,,,,,,0,0,56.997919111637,22.532957417516965,53.7,54.2,0.2,0.7,16.12,total_market,0.5041,40.3,39.2,-0.2,-1.3,15.38,margin_market,0.495,Over,0.5041,,0.9090909090909092,-0.038,0.0,Missouri State,40.5,Missouri State +40.5,0.505,,0.9090909090909092,-0.036,0.0,True,pass,pass,2026-09-05,0.9956,0.0044,1.0,0.01,,-0.0063,1.0,Missouri State,KXNCAAFGAME-26SEP05MOSUTXAM-MOSU,True,,,0.9956,,,,,,,,,,,,,,,,,,,False,0.0,0.0,0.01,0.0044,-0.0063,Missouri State,Texas A&M,True,True,53.5,0.51,0.5049,-0.0225,1.0,41.5,0.46,0.4689,-0.0085,2.0,,
401856669,2026,1,2026-09-05,"Sat Sep 05, 7:00 PM",Vanderbilt,Austin Peay,False,False,60.0,-29.0,Bovada,,,,,,,0,1,66.80163119935817,20.51727683407172,60.0,59.9,-0.0,-0.1,16.12,total_market,0.4994,29.6,32.7,0.6,3.7,15.38,margin_market,0.5144,Under,0.5005999999999999,,0.9090909090909092,-0.044,0.0,Vanderbilt,-29.0,Vanderbilt -29.0,0.5144,,0.9090909090909092,-0.018,0.0,True,pass,pass,2026-09-05,0.9729,0.0271,0.98,0.04,-0.0085,-0.0156,2.0,Vanderbilt,KXNCAAFGAME-26SEP05PEAYVAN-VAN,True,,,0.9729,,,,,,,,,,,,,,,,,,,False,0.0,0.0,0.98,0.0271,-0.0156,Vanderbilt,Vanderbilt,True,True,59.5,0.48,0.5124,0.0149,1.0,30.5,0.45,0.4767,0.0093,1.0,,
401856770,2026,1,2026-09-05,"Sat Sep 05, 7:00 PM",Texas Tech,Abilene Christian,False,False,59.5,-42.5,Bovada,,,,,,,0,1,49.9728874613932,25.096109748898527,59.3,58.6,-0.2,-0.9,16.12,total_market,0.4947,42.6,43.0,0.1,0.5,15.38,margin_market,0.5019,Under,0.5053000000000001,,0.9090909090909092,-0.035,0.0,Texas Tech,-42.5,Texas Tech -42.5,0.5019,,0.9090909090909092,-0.042,0.0,True,pass,pass,2026-09-05,0.9972,0.0028,1.0,0.01,,-0.0079,1.0,Abilene Christian,KXNCAAFGAME-26SEP05ACTTU-AC,True,,,0.9972,,,,,,,,,,,,,,,,,,,False,0.0,0.0,0.01,0.0028,-0.0079,Abilene Christian,Texas Tech,True,True,59.5,0.54,0.4951,-0.0623,1.0,42.5,0.54,0.5026,-0.0548,2.0,,
401856771,2026,1,2026-09-05,"Sat Sep 05, 7:00 PM",Kansas State,Nicholls,False,False,54.5,-40.5,Bovada,,,,,,,0,1,51.225675962875485,16.901030710891217,56.0,60.5,1.5,6.0,16.12,total_market,0.5372,39.9,36.6,-0.6,-3.9,15.38,margin_market,0.4849,Over,0.5372,,0.9090909090909092,0.026,0.7,Nicholls,40.5,Nicholls +40.5,0.5151,,0.9090909090909092,-0.017,0.0,True,thin,pass,2026-09-05,0.9953,0.0047,0.99,0.02,0.0046,-0.0167,1.0,Kansas State,KXNCAAFGAME-26SEP05NICHKSU-KSU,True,,,0.9953,,,,,,,,,,,,,,,,,,,False,0.0,0.0,0.99,0.0047,-0.0167,Kansas State,Kansas State,True,True,54.5,0.53,0.5371,-0.0104,1.0,40.5,0.53,0.4844,-0.063,1.0,,
401860880,2026,1,2026-09-05,"Sat Sep 05, 7:00 PM",Utah State,Idaho State,False,False,62.0,-14.0,Bovada,,,,,,,0,1,58.1578186822517,3.9378331626664567,61.3,59.1,-0.7,-2.9,16.12,total_market,0.4821,14.3,15.8,0.3,1.8,15.38,margin_market,0.5069,Under,0.5179,,0.9090909090909092,-0.011,0.0,Utah State,-14.0,Utah State -14.0,0.5069,,0.9090909090909092,-0.032,0.0,True,pass,pass,2026-09-05,0.8238,0.1762,0.85,0.18,-0.0351,-0.0141,1.0,Idaho State,KXNCAAFGAME-26SEP05IDSTUSU-IDST,True,,,0.8238,,,,,,,,,,,,,,,,,,,False,0.0,0.0,0.18,0.1762,-0.0141,Idaho State,Utah State,True,True,61.5,0.5,0.4951,-0.0224,2.0,14.5,0.49,0.4948,-0.0127,1.0,,
401862695,2026,1,2026-09-05,"Sat Sep 05, 7:00 PM",Memphis,Arkansas State,False,False,53.0,-11.0,Bovada,,,,,,,1,0,50.18752791619045,7.621620217226404,52.6,51.6,-0.4,-1.4,16.12,total_market,0.4913,11.1,11.6,0.1,0.6,15.38,margin_market,0.5025,Under,0.5086999999999999,,0.9090909090909092,-0.029,0.0,Memphis,-11.0,Memphis -11.0,0.5025,,0.9090909090909092,-0.041,0.0,True,pass,pass,2026-09-05,0.7648,0.2352,0.8,0.21,-0.0464,0.0136,1.0,Arkansas State,KXNCAAFGAME-26SEP05ARSTMEM-ARST,True,,,0.7648,,,,,,,,,,,,,,,,,,,False,0.0,0.0,0.21,0.2352,0.0136,Arkansas State,Arkansas State,True,False,53.5,0.48,0.4777,-0.0197,1.0,10.5,0.07,0.0801,0.0055,3.0,,
401862697,2026,1,2026-09-05,"Sat Sep 05, 7:00 PM",Rice,Houston Christian,False,False,47.5,-22.5,Bovada,,,,,,,0,1,50.92733689339638,4.3446465907633165,48.5,51.6,1.0,4.1,16.12,total_market,0.5255,22.6,22.9,0.1,0.4,15.38,margin_market,0.5015,Over,0.5255,,0.9090909090909092,0.003,0.09,Rice,-22.5,Rice -22.5,0.5015,,0.9090909090909092,-0.043,0.0,True,pass,pass,2026-09-05,0.9291,0.0709,0.94,0.08,-0.0148,-0.0143,2.0,Houston Christian,KXNCAAFGAME-26SEP05HCURICE-HCU,True,,,0.9291,,,,,,,,,,,,,,,,,,,False,0.0,0.0,0.08,0.0709,-0.0143,Houston Christian,Rice,True,True,47.5,0.51,0.5247,-0.0028,2.0,23.5,0.5,0.4767,-0.0408,2.0,,
401862699,2026,1,2026-09-05,"Sat Sep 05, 7:00 PM",South Florida,Florida International,False,False,52.0,-14.5,Bovada,,,,,,,0,0,64.64940331005099,16.442079577784746,51.5,50.0,-0.5,-2.0,16.12,total_market,0.4879,14.4,13.5,-0.1,-1.0,15.38,margin_market,0.4961,Under,0.5121,,0.9090909090909092,-0.022,0.0,Florida International,14.5,Florida International +14.5,0.5039,,0.9090909090909092,-0.038,0.0,True,pass,pass,2026-09-05,0.8254,0.1746,0.85,0.16,-0.0335,0.0052,1.0,Florida International,KXNCAAFGAME-26SEP05FIUUSF-FIU,True,,,0.8254,,,,,,,,,,,,,,,,,,,False,0.0,0.0,0.16,0.1746,0.0052,Florida International,South Florida,True,True,51.5,0.54,0.5,-0.0574,1.0,14.5,0.5,0.4974,-0.0201,1.0,,
401867684,2026,1,2026-09-05,"Sat Sep 05, 7:00 PM",UT Martin,Chicago State,False,False,61.5,-44.5,DraftKings,,,,,,,1,1,51.04180853153662,2.6316726930711605,61.8,62.7,0.3,1.2,16.12,total_market,0.5075,44.8,46.4,0.3,1.9,15.38,margin_market,0.5073,Over,0.5075,,0.9090909090909092,-0.031,0.0,UT Martin,-44.5,UT Martin -44.5,0.5073,,0.9090909090909092,-0.032,0.0,True,pass,pass,2026-09-05,0.9982,0.0018,,,,,,,,False,,,,,,,,,,,,,,,,,,,,,,False,0.0,0.0,,,,,,False,False,,,,,,,,,,,,
401867866,2026,1,2026-09-05,"Sat Sep 05, 7:00 PM",Middle Tennessee,Murray State,False,False,57.5,-21.0,Bovada,,,,,,,0,1,55.59164188320499,11.172960852128591,57.7,58.4,0.2,0.9,16.12,total_market,0.5054,21.4,24.0,0.4,3.0,15.38,margin_market,0.5116,Over,0.5054,,0.9090909090909092,-0.035,0.0,Middle Tennessee,-21.0,Middle Tennessee -21.0,0.5116,,0.9090909090909092,-0.023,0.0,True,pass,pass,2026-09-05,0.918,0.082,0.92,0.09,-0.0072,-0.0137,1.0,Middle Tennessee,KXNCAAFGAME-26SEP05MURRMTU-MTU,True,,,0.918,,,,,,,,,,,,,,,,,,,False,0.0,0.0,0.92,0.082,-0.0137,Middle Tennessee,Middle Tennessee,True,True,57.5,0.48,0.5049,0.0075,2.0,21.5,0.51,0.4974,-0.0301,2.0,,
401868071,2026,1,2026-09-05,"Sat Sep 05, 7:00 PM",Central Arkansas,West Florida,False,True,55.5,-7.5,DraftKings,,,,,,,1,1,63.44022703532106,-8.750788932643218,56.3,58.6,0.8,3.1,16.12,total_market,0.5193,7.2,5.3,-0.3,-2.2,15.38,margin_market,0.4915,Over,0.5193,,0.9090909090909092,-0.009,0.0,West Florida,7.5,West Florida +7.5,0.5085,,0.9090909090909092,-0.029,0.0,True,pass,pass,2026-09-05,0.6802,0.3198,0.72,0.29,-0.0539,0.0154,1.0,West Florida,KXNCAAFGAME-26SEP05UWFLCARK-UWFL,True,,,0.6802,,,,,,,,,,,,,,,,,,,False,0.0,0.0,0.29,0.3198,0.0154,West Florida,West Florida,False,False,57.5,0.51,0.4703,-0.0572,9.0,6.5,0.2,0.1865,-0.0247,12.0,,
401868085,2026,1,2026-09-05,"Sat Sep 05, 7:00 PM",Eastern Washington,Northern Iowa,False,False,52.5,-6.5,DraftKings,,,,,,,1,0,49.47366542551487,1.151229806895068,52.1,51.1,-0.4,-1.4,16.12,total_market,0.4912,6.5,6.3,-0.0,-0.2,15.38,margin_market,0.4992,Under,0.5087999999999999,,0.9090909090909092,-0.029,0.0,Northern Iowa,6.5,Northern Iowa +6.5,0.5008,,0.9090909090909092,-0.044,0.0,True,pass,pass,2026-09-05,0.6637,0.3363,0.71,0.31,-0.0607,0.0113,2.0,Northern Iowa,KXNCAAFGAME-26SEP05UNIEWU-UNI,True,,,0.6637,,,,,,,,,,,,,,,,,,,False,0.0,0.0,0.31,0.3363,0.0113,Northern Iowa,Eastern Washington,False,True,50.5,0.58,0.5395,-0.0575,1.0,7.5,0.45,0.4741,0.0068,1.0,,
401868140,2026,1,2026-09-05,"Sat Sep 05, 7:00 PM",Jacksonville State,Eastern Kentucky,False,False,53.5,-21.0,Bovada,,,,,,,1,1,42.72089730732863,6.377044247493094,54.3,56.5,0.8,3.0,16.12,total_market,0.5188,21.1,21.6,0.1,0.6,15.38,margin_market,0.5022,Over,0.5188,,0.9090909090909092,-0.01,0.0,Jacksonville State,-21.0,Jacksonville State -21.0,0.5022,,0.9090909090909092,-0.041,0.0,True,pass,pass,2026-09-05,0.915,0.085,0.92,0.09,-0.0102,-0.0107,1.0,Jacksonville State,KXNCAAFGAME-26SEP05EKYJVST-JVST,True,,,0.915,,,,,,,,,,,,,,,,,,,False,0.0,0.0,0.92,0.085,-0.0107,Jacksonville State,Jacksonville State,True,True,53.5,0.52,0.5198,-0.0177,3.0,20.5,0.57,0.5156,-0.0716,1.0,,
401868170,2026,1,2026-09-05,"Sat Sep 05, 7:00 PM",Georgia Southern,Charleston Southern,False,False,51.5,-25.5,Bovada,,,,,,,0,1,42.757573852207386,10.744710331325576,51.7,52.4,0.2,0.9,16.12,total_market,0.5054,25.5,25.5,0.0,0.0,15.38,margin_market,0.5,Over,0.5054,,0.9090909090909092,-0.035,0.0,Charleston Southern,25.5,Charleston Southern +25.5,0.5,,0.9090909090909092,-0.045,0.0,True,pass,pass,2026-09-05,0.9513,0.0487,0.96,0.05,-0.0114,-0.0046,1.0,Charleston Southern,KXNCAAFGAME-26SEP05CHSOGASO-CHSO,True,,,0.9513,,,,,,,,,,,,,,,,,,,False,0.0,0.0,0.05,0.0487,-0.0046,Charleston Southern,Georgia Southern,False,True,51.5,0.51,0.5049,-0.0225,1.0,25.5,0.56,0.5,-0.0772,1.0,,
401868316,2026,1,2026-09-05,"Sat Sep 05, 7:00 PM",South Alabama,SE Louisiana,False,False,52.5,-12.5,Bovada,,,,,,,0,1,53.92658956697988,3.78730190830884,53.5,56.5,1.0,4.0,16.12,total_market,0.525,12.7,14.2,0.2,1.7,15.38,margin_market,0.5064,Over,0.525,,0.9090909090909092,0.002,0.06,South Alabama,-12.5,South Alabama -12.5,0.5064,,0.9090909090909092,-0.033,0.0,True,pass,pass,2026-09-05,0.7955,0.2045,0.83,0.18,-0.0444,0.0142,1.0,SE Louisiana,KXNCAAFGAME-26SEP05SELAUSA-SELA,True,,,0.7955,,,,,,,,,,,,,,,,,,,False,0.0,0.0,0.18,0.2045,0.0142,SE Louisiana,South Alabama,False,True,52.5,0.51,0.5247,-0.0028,2.0,12.5,0.54,0.5052,-0.0522,1.0,,
401870763,2026,1,2026-09-05,"Sat Sep 05, 7:00 PM",Troy,Sam Houston,False,False,54.0,-16.5,Bovada,,,,,,,0,0,47.81535413104501,18.20074306254005,53.4,51.6,-0.6,-2.4,16.12,total_market,0.4851,16.9,19.2,0.4,2.7,15.38,margin_market,0.5107,Under,0.5149,,0.9090909090909092,-0.017,0.0,Troy,-16.5,Troy -16.5,0.5107,,0.9090909090909092,-0.025,0.0,True,pass,pass,2026-09-05,0.8641,0.1359,0.88,0.14,-0.0233,-0.0125,1.0,Sam Houston,KXNCAAFGAME-26SEP05SHSUTROY-SHSU,True,,,0.8641,,,,,,,,,,,,,,,,,,,False,0.0,0.0,0.14,0.1359,-0.0125,Sam Houston,Troy,True,True,53.5,0.48,0.4975,0.0001,1.0,16.5,0.52,0.5104,-0.0271,1.0,,
401856660,2026,1,2026-09-05,"Sat Sep 05, 7:30 PM",LSU,Clemson,False,False,50.5,-9.5,Bovada,,,,,,,0,0,45.00914465145678,-2.29042317333567,49.8,47.8,-0.7,-2.7,16.12,total_market,0.483,9.7,11.1,0.2,1.6,15.38,margin_market,0.5063,Under,0.517,,0.9090909090909092,-0.013,0.0,LSU,-9.5,LSU -9.5,0.5063,,0.9090909090909092,-0.033,0.0,True,pass,pass,2026-09-05,0.7359,0.2641,0.78,0.23,-0.0561,0.0217,1.0,Clemson,KXNCAAFGAME-26SEP05CLEMLSU-CLEM,True,,,0.7359,,,,,,,,,,,,,,,,,,,False,0.0,0.0,0.23,0.2641,0.0217,Clemson,Clemson,True,False,50.5,0.49,0.4827,-0.0248,1.0,9.5,0.08,0.1059,0.0208,1.0,,
401856662,2026,1,2026-09-05,"Sat Sep 05, 7:30 PM",Mississippi State,UL Monroe,False,False,55.0,-28.5,Bovada,,,,,,,0,0,56.626576193773566,15.251444428044197,54.4,52.5,-0.6,-2.5,16.12,total_market,0.4845,28.4,28.1,-0.1,-0.4,15.38,margin_market,0.4983,Under,0.5155000000000001,,0.9090909090909092,-0.016,0.0,UL Monroe,28.5,UL Monroe +28.5,0.5017,,0.9090909090909092,-0.042,0.0,True,pass,pass,2026-09-05,0.9676,0.0324,,,,,,,,False,,,,,,,,,,,,,,,,,,,,,,False,0.0,0.0,,,,,,False,False,,,,,,,,,,,,
401858211,2026,1,2026-09-05,"Sat Sep 05, 7:30 PM",Virginia Tech,VMI,False,False,62.0,-55.5,Bovada,,,,,,,0,1,50.45451630205734,27.80028496053939,63.0,66.1,1.0,4.1,16.12,total_market,0.5253,54.7,50.1,-0.8,-5.4,15.38,margin_market,0.479,Over,0.5253,,0.9090909090909092,0.003,0.08,VMI,55.5,VMI +55.5,0.521,,0.9090909090909092,-0.005,0.0,True,pass,thin,2026-09-05,0.9998,0.0002,1.0,0.01,,-0.0105,1.0,VMI,KXNCAAFGAME-26SEP05VMIVT-VMI,True,,,0.9998,,,,,,,,,,,,,,,,,,,False,0.0,0.0,0.01,0.0002,-0.0105,VMI,Virginia Tech,True,True,61.5,0.49,0.5371,0.0296,1.0,55.5,0.49,0.4793,-0.0282,2.0,,
401858428,2026,1,2026-09-05,"Sat Sep 05, 7:30 PM",Michigan,Western Michigan,False,False,49.5,-27.5,Bovada,,,,,,,0,0,47.3973667434956,2.9866664474458577,49.3,48.8,-0.2,-0.7,16.12,total_market,0.4957,27.6,28.1,0.1,0.6,15.38,margin_market,0.5024,Under,0.5043,,0.9090909090909092,-0.037,0.0,Michigan,-27.5,Michigan -27.5,0.5024,,0.9090909090909092,-0.041,0.0,True,pass,pass,2026-09-05,0.9636,0.0364,0.98,0.03,-0.0178,0.0044,1.0,Western Michigan,KXNCAAFGAME-26SEP05WMUMICH-WMU,True,,,0.9636,,,,,,,,,,,,,,,,,,,False,0.0,0.0,0.03,0.0364,0.0044,Western Michigan,Michigan,True,True,49.5,0.5,0.4951,-0.0224,1.0,27.5,0.53,0.5026,-0.0448,1.0,,
401869129,2026,1,2026-09-05,"Sat Sep 05, 7:30 PM",Louisiana Tech,Northwestern State,False,False,55.5,-44.5,Bovada,,,,,,,0,1,56.28856981843916,27.68162596934859,57.4,62.9,1.9,7.4,16.12,total_market,0.5459,45.2,49.3,0.7,4.8,15.38,margin_market,0.5186,Over,0.5459,,0.9090909090909092,0.042,1.16,Louisiana Tech,-44.5,Louisiana Tech -44.5,0.5186,,0.9090909090909092,-0.01,0.0,True,thin,thin,2026-09-05,0.9984,0.0016,1.0,0.01,,-0.0091,1.0,Northwestern State,KXNCAAFGAME-26SEP05NWSTLT-NWST,True,,,0.9984,,,,,,,,,,,,,,,,,,,False,0.0,0.0,0.01,0.0016,-0.0091,Northwestern State,Louisiana Tech,True,True,55.5,0.54,0.5469,-0.0105,2.0,44.5,0.52,0.5182,-0.0193,2.0,,
401856637,2026,1,2026-09-05,"Sat Sep 05, 7:45 PM",Florida,Florida Atlantic,False,False,59.5,-26.5,Bovada,,,,,,,0,0,56.3696725589854,16.16316113391755,59.5,59.5,0.0,0.0,16.12,total_market,0.5001,26.4,25.6,-0.1,-0.9,15.38,margin_market,0.4964,Under,0.4999,,0.9090909090909092,-0.046,0.0,Florida Atlantic,26.5,Florida Atlantic +26.5,0.5036,,0.9090909090909092,-0.039,0.0,True,pass,pass,2026-09-05,0.957,0.043,0.96,0.05,-0.0057,-0.0103,1.0,Florida,KXNCAAFGAME-26SEP05FAUFLA-FLA,True,,,0.957,,,,,,,,,,,,,,,,,,,False,0.0,0.0,0.96,0.043,-0.0103,Florida,Florida,True,True,59.5,0.5,0.5,-0.0175,1.0,26.5,0.51,0.4974,-0.0301,1.0,,
401856775,2026,1,2026-09-05,"Sat Sep 05, 8:00 PM",BYU,Utah Tech,False,False,61.0,-51.5,Bovada,,,,,,,0,1,46.412534776865776,36.09341245161306,61.3,62.2,0.3,1.2,16.12,total_market,0.5073,51.5,51.4,-0.0,-0.1,15.38,margin_market,0.4998,Over,0.5073,,0.9090909090909092,-0.032,0.0,Utah Tech,51.5,Utah Tech +51.5,0.5002,,0.9090909090909092,-0.045,0.0,True,pass,pass,2026-09-05,0.9996,0.0004,1.0,0.01,,-0.0103,1.0,Utah Tech,KXNCAAFGAME-26SEP05UTUBYU-UTU,True,,,0.9996,,,,,,,,,,,,,,,,,,,False,0.0,0.0,0.01,0.0004,-0.0103,Utah Tech,BYU,True,True,61.5,0.49,0.4951,-0.0124,1.0,51.5,0.52,0.5,-0.0375,1.0,,
401858427,2026,1,2026-09-05,"Sat Sep 05, 8:00 PM",Maryland,Hampton,False,False,55.5,-45.5,Bovada,,,,,,,0,1,51.64287581957792,16.67625008920303,56.9,61.0,1.4,5.5,16.12,total_market,0.5343,45.3,44.3,-0.2,-1.2,15.38,margin_market,0.4954,Over,0.5343,,0.9090909090909092,0.02,0.55,Hampton,45.5,Hampton +45.5,0.5045999999999999,,0.9090909090909092,-0.037,0.0,True,thin,pass,2026-09-05,0.9984,0.0016,1.0,0.01,,-0.0091,1.0,Hampton,KXNCAAFGAME-26SEP05HAMPMD-HAMP,True,,,0.9984,,,,,,,,,,,,,,,,,,,False,0.0,0.0,0.01,0.0016,-0.0091,Hampton,Maryland,True,True,55.5,0.52,0.5346,-0.0029,1.0,45.5,0.5,0.4948,-0.0227,2.0,,
401858431,2026,1,2026-09-05,"Sat Sep 05, 8:00 PM",Northwestern,South Dakota State,False,False,46.0,-12.5,Bovada,,,,,,,0,1,52.8483681046863,2.457571741052808,46.6,48.2,0.6,2.2,16.12,total_market,0.5137,12.1,10.1,-0.4,-2.4,15.38,margin_market,0.4905,Over,0.5137,,0.9090909090909092,-0.019,0.0,South Dakota State,12.5,South Dakota State +12.5,0.5095000000000001,,0.9090909090909092,-0.027,0.0,True,pass,pass,2026-09-05,0.7843,0.2157,0.81,0.2,-0.0365,0.0045,1.0,South Dakota State,KXNCAAFGAME-26SEP05SDSTNW-SDST,True,,,0.7843,,,,,,,,,,,,,,,,,,,False,0.0,0.0,0.2,0.2157,0.0045,South Dakota State,South Dakota State,True,True,46.5,0.56,0.5025,-0.0748,2.0,13.5,0.05,0.048,-0.0053,2.0,,
401867845,2026,1,2026-09-05,"Sat Sep 05, 8:00 PM",Western Illinois,Illinois State,False,False,59.5,23.5,DraftKings,,,,,,,1,1,64.43725233710708,-22.132307356380306,58.7,56.4,-0.8,-3.1,16.12,total_market,0.4806,-22.7,-18.1,0.8,5.4,15.38,margin_market,0.5209,Under,0.5194,,0.9090909090909092,-0.008,0.0,Western Illinois,23.5,Western Illinois +23.5,0.5209,,0.9090909090909092,-0.006,0.0,True,pass,thin,2026-09-05,0.07,0.93,0.06,0.95,0.0061,-0.0233,1.0,Western Illinois,KXNCAAFGAME-26SEP05ILSTWIU-WIU,True,,,0.07,,,,,,,,,,,,,,,,,,,False,0.0,0.0,0.06,0.93,-0.0233,Western Illinois,Illinois State,False,False,57.5,0.62,0.5297,-0.1068,10.0,24.5,0.47,0.4534,-0.034,2.0,,
401867883,2026,1,2026-09-05,"Sat Sep 05, 8:00 PM",Northern Colorado,South Dakota,False,False,56.5,20.5,DraftKings,,,,,,,1,1,55.029512403080005,-21.93567850130458,55.7,53.1,-0.8,-3.4,16.12,total_market,0.4793,-20.5,-20.8,-0.0,-0.3,15.38,margin_market,0.4987,Under,0.5206999999999999,,0.9090909090909092,-0.006,0.0,South Dakota,-20.5,South Dakota -20.5,0.5013000000000001,,0.9090909090909092,-0.043,0.0,True,pass,pass,2026-09-05,0.0913,0.9087,0.08,0.94,0.0061,-0.0352,1.0,Northern Colorado,KXNCAAFGAME-26SEP05SDAKUNCO-UNCO,True,,,0.0913,,,,,,,,,,,,,,,,,,,False,0.0,0.0,0.08,0.9087,-0.0352,Northern Colorado,South Dakota,False,True,57.5,0.48,0.4555,-0.0419,2.0,21.5,0.49,0.4741,-0.0334,2.0,,
401868158,2026,1,2026-09-05,"Sat Sep 05, 8:00 PM",Southern Utah,Weber State,False,True,58.5,-14.5,DraftKings,,,,,,,1,1,58.05437519646095,12.716863049684138,59.3,61.7,0.8,3.2,16.12,total_market,0.52,14.8,16.3,0.3,1.8,15.38,margin_market,0.5071,Over,0.52,,0.9090909090909092,-0.007,0.0,Southern Utah,-14.5,Southern Utah -14.5,0.5071,,0.9090909090909092,-0.032,0.0,True,pass,pass,2026-09-05,0.832,0.168,0.86,0.15,-0.0364,0.0091,1.0,Weber State,KXNCAAFGAME-26SEP05WEBSUU-WEB,True,,,0.832,,,,,,,,,,,,,,,,,,,False,0.0,0.0,0.15,0.168,0.0091,Weber State,Southern Utah,False,False,59.5,0.51,0.4951,-0.0324,9.0,12.5,0.61,0.5594,-0.0672,8.0,,
401868306,2026,1,2026-09-05,"Sat Sep 05, 8:00 PM",Stephen F. Austin,East Texas A&M,False,True,56.5,-25.5,DraftKings,,,,,,,1,1,62.11712842985708,22.14010626230245,57.0,58.6,0.5,2.1,16.12,total_market,0.5133,25.4,25.1,-0.1,-0.4,15.38,margin_market,0.4985,Over,0.5133,,0.9090909090909092,-0.02,0.0,East Texas A&M,25.5,East Texas A&M +25.5,0.5015000000000001,,0.9090909090909092,-0.043,0.0,True,pass,pass,2026-09-05,0.9507,0.0493,0.94,0.07,0.0068,-0.0253,1.0,Stephen F. Austin,KXNCAAFGAME-26SEP05ETAMSFA-SFA,True,,,0.9507,,,,,,,,,,,,,,,,,,,False,0.0,0.0,0.94,0.0493,-0.0253,Stephen F. Austin,Stephen F. Austin,False,True,55.5,0.53,0.5371,-0.0104,4.0,24.5,0.5,0.5233,0.0058,1.0,,
401869142,2026,1,2026-09-05,"Sat Sep 05, 8:00 PM",Louisiana,Lamar,False,False,48.5,-20.0,Bovada,,,,,,,0,1,45.77486874458566,-1.4350953828938433,48.8,49.7,0.3,1.2,16.12,total_market,0.5072,20.0,20.1,0.0,0.1,15.38,margin_market,0.5003,Over,0.5072,,0.9090909090909092,-0.032,0.0,Lamar,20.0,Lamar +20.0,0.4997,,0.9090909090909092,-0.046,0.0,True,pass,pass,2026-09-05,0.9033,0.0967,0.92,0.09,-0.0219,0.001,1.0,Lamar,KXNCAAFGAME-26SEP05LAMULL-LAM,True,,,0.9033,,,,,,,,,,,,,,,,,,,False,0.0,0.0,0.09,0.0967,0.001,Lamar,Louisiana,False,False,48.5,0.5,0.5074,-0.0101,2.0,20.5,0.49,0.487,-0.0205,2.0,,
401868119,2026,1,2026-09-05,"Sat Sep 05, 8:30 PM",Montana State,Butler,False,False,59.5,-45.5,DraftKings,,,,,,,1,1,54.11414347971739,34.44413444227773,60.5,63.7,1.0,4.2,16.12,total_market,0.5259,45.7,46.7,0.2,1.2,15.38,margin_market,0.5048,Over,0.5259,,0.9090909090909092,0.004,0.11,Montana State,-45.5,Montana State -45.5,0.5048,,0.9090909090909092,-0.036,0.0,True,pass,pass,2026-09-05,0.9985,0.0015,0.99,0.02,0.0078,-0.0199,1.0,Montana State,KXNCAAFGAME-26SEP05BUTMTST-MTST,True,,,0.9985,,,,,,,,,,,,,,,,,,,False,0.0,0.0,0.99,0.0015,-0.0199,Montana State,Montana State,True,True,59.5,0.49,0.5247,0.0172,2.0,45.5,0.51,0.5052,-0.0223,2.0,,
401870790,2026,1,2026-09-05,"Sat Sep 05, 9:00 PM",New Mexico State,Mercyhurst,False,False,52.0,-28.5,Bovada,,,,,,,1,1,46.99426506235615,9.787204202797351,52.3,53.4,0.3,1.4,16.12,total_market,0.5084,28.8,30.5,0.3,2.0,15.38,margin_market,0.5077,Over,0.5084,,0.9090909090909092,-0.029,0.0,New Mexico State,-28.5,New Mexico State -28.5,0.5077,,0.9090909090909092,-0.031,0.0,True,pass,pass,2026-09-05,0.9694,0.0306,0.98,0.03,-0.012,-0.0014,1.0,Mercyhurst,KXNCAAFGAME-26SEP05MHUNMSU-MHU,True,,,0.9694,,,,,,,,,,,,,,,,,,,False,0.0,0.0,0.03,0.0306,-0.0014,Mercyhurst,New Mexico State,True,True,52.5,0.5,0.4951,-0.0224,2.0,28.5,0.52,0.5078,-0.0297,1.0,,
401856773,2026,1,2026-09-05,"Sat Sep 05, 9:30 PM",Arizona,Northern Arizona,False,False,58.5,-31.5,Bovada,,,,,,,0,1,55.92825550542163,20.781607055090447,59.0,60.4,0.5,1.9,16.12,total_market,0.5115,32.1,35.4,0.6,3.9,15.38,margin_market,0.515,Over,0.5115,,0.9090909090909092,-0.024,0.0,Arizona,-31.5,Arizona -31.5,0.515,,0.9090909090909092,-0.017,0.0,True,pass,pass,2026-09-05,0.9816,0.0184,0.98,0.03,0.0002,-0.0136,1.0,Arizona,KXNCAAFGAME-26SEP05NAUARIZ-ARIZ,True,,,0.9816,,,,,,,,,,,,,,,,,,,False,0.0,0.0,0.98,0.0184,-0.0136,Arizona,Arizona,True,True,58.5,0.51,0.5124,-0.0151,2.0,31.5,0.52,0.5156,-0.0219,2.0,,
401860879,2026,1,2026-09-05,"Sat Sep 05, 9:30 PM",San Diego State,Portland State,False,False,62.0,-40.5,Bovada,,,,,,,0,1,51.42510044837289,24.905719300691025,62.1,62.5,0.1,0.5,16.12,total_market,0.503,40.6,41.3,0.1,0.8,15.38,margin_market,0.5031,Over,0.503,,0.9090909090909092,-0.04,0.0,San Diego State,-40.5,San Diego State -40.5,0.5031,,0.9090909090909092,-0.04,0.0,True,pass,pass,2026-09-05,0.9959,0.0041,0.99,0.02,0.0052,-0.0173,1.0,San Diego State,KXNCAAFGAME-26SEP05PRSTSDSU-SDSU,True,,,0.9959,,,,,,,,,,,,,,,,,,,False,0.0,0.0,0.99,0.0041,-0.0173,San Diego State,San Diego State,True,True,61.5,0.54,0.5148,-0.0425,2.0,40.5,0.49,0.5026,-0.0049,1.0,,
401868967,2026,1,2026-09-06,"Sun Sep 06, 12:00 PM",Prairie View A&M,Texas Southern,False,True,54.5,-10.5,DraftKings,,,,,,,1,1,58.31083816260768,11.084525271664141,54.8,55.8,0.3,1.3,16.12,total_market,0.508,10.6,11.4,0.1,0.9,15.38,margin_market,0.5036,Over,0.508,,0.9090909090909091,-0.03,0.0,Prairie View A&M,-10.5,Prairie View A&M -10.5,0.5036,,0.9090909090909091,-0.039,0.0,True,pass,pass,2026-09-06,0.7547,0.2453,0.8,0.28,-0.0565,-0.0488,2.0,Texas Southern,KXNCAAFGAME-26SEP06TXSOPV-TXSO,False,,,0.7547,,,,,,,,,,,,,,,,,,,False,0.0,0.0,0.28,0.2453,-0.0488,Texas Southern,Prairie View A&M,False,False,53.5,0.8,0.5321,-0.2791,37.0,10.5,0.51,0.5026,-0.0249,9.0,2026-09-06T12:00:00-04:00,False
401867939,2026,1,2026-09-06,"Sun Sep 06, 3:00 PM",Florida A&M,South Carolina State,True,False,54.5,19.5,DraftKings,,,,,,,1,1,64.74049658591686,-21.17313917635862,53.5,50.4,-1.0,-4.1,16.12,total_market,0.4744,-19.6,-20.2,-0.1,-0.7,15.38,margin_market,0.4972,Under,0.5256000000000001,,0.9090909090909091,0.003,0.09,South Carolina State,-19.5,South Carolina State -19.5,0.5028,,0.9090909090909091,-0.04,0.0,True,pass,pass,2026-09-06,0.1013,0.8987,0.11,0.9,-0.0156,-0.0076,1.0,South Carolina State,KXNCAAFGAME-26SEP06SCSTFAMU-SCST,True,,,0.1013,,,,,,,,,,,,,,,,,,,False,0.0,0.0,0.9,0.8987,-0.0076,South Carolina State,South Carolina State,True,True,52.5,0.52,0.5247,-0.0127,2.0,19.5,0.52,0.5026,-0.0349,1.0,2026-09-06T15:00:00-04:00,False
401858437,2026,1,2026-09-06,"Sun Sep 06, 4:00 PM",Washington,Washington State,False,False,51.0,-23.0,Bovada,,,,,,,0,0,46.34605043163043,11.61922281918744,50.4,48.6,-0.6,-2.4,16.12,total_market,0.485,22.8,21.4,-0.2,-1.6,15.38,margin_market,0.4938,Under,0.515,,0.9090909090909091,-0.017,0.0,Washington State,23.0,Washington State +23.0,0.5062,,0.9090909090909091,-0.034,0.0,True,pass,pass,2026-09-06,0.9309,0.0691,0.94,0.07,-0.013,-0.0055,1.0,Washington State,KXNCAAFGAME-26SEP06WSUWASH-WSU,True,,,0.9309,,,,,,,,,,,,,,,,,,,False,0.0,0.0,0.07,0.0691,-0.0055,Washington State,Washington,True,True,51.5,0.51,0.4728,-0.0547,1.0,23.5,0.52,0.4818,-0.0556,1.0,2026-09-06T16:00:00-04:00,False
401856661,2026,1,2026-09-06,"Sun Sep 06, 7:30 PM",Ole Miss,Louisville,True,False,55.0,-6.5,Bovada,,,,,,,0,0,58.39119692405458,10.10669859350265,53.5,48.8,-1.5,-6.2,16.12,total_market,0.4619,6.9,9.0,0.4,2.5,15.38,margin_market,0.5095,Under,0.5381,,0.9090909090909091,0.027,0.75,Ole Miss,-6.5,Ole Miss -6.5,0.5095,,0.9090909090909091,-0.027,0.0,True,thin,pass,2026-09-06,0.6732,0.3268,0.7,0.31,-0.0415,0.0018,1.0,Louisville,KXNCAAFGAME-26SEP06LOUMISS-LOU,True,,,0.6732,,,,,,,,,,,,,,,,,,,False,0.0,0.0,0.31,0.3268,0.0018,Louisville,Ole Miss,True,True,55.5,0.49,0.4506,-0.0569,2.0,6.5,0.52,0.5104,-0.0271,1.0,2026-09-06T19:30:00-04:00,False
401858438,2026,1,2026-09-06,"Sun Sep 06, 7:30 PM",Notre Dame,Wisconsin,True,False,46.5,-20.5,Bovada,,,,,,,0,0,44.89536426181883,19.011800866358392,46.2,45.2,-0.3,-1.3,16.12,total_market,0.4918,20.5,20.3,-0.0,-0.2,15.38,margin_market,0.4993,Under,0.5082,,0.9090909090909091,-0.03,0.0,Wisconsin,20.5,Wisconsin +20.5,0.5006999999999999,,0.9090909090909091,-0.044,0.0,True,pass,pass,2026-09-06,0.9087,0.0913,0.92,0.09,-0.0165,-0.0044,1.0,Wisconsin,KXNCAAFGAME-26SEP06WISND-WIS,True,,,0.9087,,,,,,,,,,,,,,,,,,,False,0.0,0.0,0.09,0.0913,-0.0044,Wisconsin,Notre Dame,True,True,46.5,0.5,0.4926,-0.0249,1.0,20.5,0.55,0.5,-0.0673,1.0,2026-09-06T19:30:00-04:00,False
401858212,2026,1,2026-09-07,"Mon Sep 07, 7:30 PM",Florida State,SMU,False,True,53.0,3.0,Bovada,,,,,,,1,0,51.45787752633714,-8.121962731154728,52.4,50.5,-0.6,-2.5,16.12,total_market,0.4843,-2.8,-1.8,0.2,1.2,15.38,margin_market,0.5046,Under,0.5157,,0.9090909090909091,-0.015,0.0,Florida State,3.0,Florida State +3.0,0.5046,,0.9090909090909091,-0.037,0.0,True,pass,pass,2026-09-06,0.4278,0.5722,0.42,0.59,-0.0093,-0.0347,1.0,Florida State,KXNCAAFGAME-26SEP07SMUFSU-FSU,True,,,0.4278,,,,,,,,,,,,,,,,,,,False,0.0,0.0,0.42,0.5722,-0.0347,Florida State,SMU,True,True,52.5,0.53,0.4975,-0.0499,1.0,2.5,0.54,0.5078,-0.0496,1.0,2026-09-07T19:30:00-04:00,False
401858214,2026,2,2026-09-11,"Fri Sep 11, 7:30 PM",Boston College,Rutgers,False,False,55.5,-3.5,DraftKings,,,,,,,1,1,58.975726045208575,1.7031092008628574,55.3,54.6,-0.2,-0.9,16.12,total_market,0.4944,3.8,5.3,0.3,1.8,15.38,margin_market,0.507,Under,0.5056,,0.9090909090909091,-0.035,0.0,Boston College,-3.5,Boston College -3.5,0.507,,0.9090909090909091,-0.032,0.0,True,pass,pass,2026-09-06,0.5976,0.4024,0.63,0.38,-0.0487,0.0059,1.0,Rutgers,KXNCAAFGAME-26SEP11RUTGBC-RUTG,True,,,0.5976,,,,,,,,,,,,,,,,,,,False,0.0,0.0,0.38,0.4024,0.0059,Rutgers,Rutgers,True,False,55.5,0.49,0.4951,-0.0124,2.0,3.5,0.44,0.3175,-0.1397,20.0,2026-09-11T19:30:00-04:00,False
401856678,2026,2,2026-09-11,"Fri Sep 11, 8:00 PM",Kansas,Missouri,False,False,50.5,6.5,DraftKings,,,,,,,1,1,50.98055709099878,-1.0587567472127812,49.8,47.5,-0.7,-3.0,16.12,total_market,0.4817,-6.6,-6.9,-0.1,-0.4,15.38,margin_market,0.4985,Under,0.5183,,0.9090909090909091,-0.011,0.0,Missouri,-6.5,Missouri -6.5,0.5015000000000001,,0.9090909090909091,-0.043,0.0,True,pass,pass,2026-09-06,0.3339,0.6661,0.31,0.7,0.0089,-0.0486,1.0,Kansas,KXNCAAFGAME-26SEP11MIZZKU-KU,True,,,0.3339,,,,,,,,,,,,,,,,,,,False,0.0,0.0,0.31,0.6661,-0.0486,Kansas,Missouri,True,True,50.5,0.52,0.4827,-0.0548,4.0,6.5,0.51,0.5026,-0.0249,1.0,2026-09-11T20:00:00-04:00,False
401864502,2026,2,2026-09-12,"Sat Sep 12, 10:00 PM",Air Force,North Dakota State,False,True,49.5,6.5,DraftKings,,,,,,,1,2,48.81560378177198,-10.048842153802141,49.5,49.4,-0.0,-0.1,16.12,total_market,0.4993,-6.2,-4.6,0.3,1.9,15.38,margin_market,0.5076,Under,0.5006999999999999,,0.9090909090909091,-0.044,0.0,Air Force,6.5,Air Force +6.5,0.5076,,0.9090909090909091,-0.031,0.0,True,pass,pass,2026-09-06,0.3434,0.6566,0.34,0.71,-0.0123,-0.0678,5.0,Air Force,KXNCAAFGAME-26SEP12NDSUAFA-AFA,True,,,0.3434,,,,,,,,,,,,,,,,,,,False,0.0,0.0,0.34,0.6566,-0.0678,Air Force,,False,False,,,,,,,,,,,2026-09-12T22:00:00-04:00,False
401856670,2026,2,2026-09-12,"Sat Sep 12, 10:15 PM",Utah,Arkansas,False,False,56.5,-11.5,DraftKings,,,,,,,1,1,68.81993688764977,21.940245830400023,56.3,55.7,-0.2,-0.8,16.12,total_market,0.4953,11.3,10.4,-0.2,-1.1,15.38,margin_market,0.4959,Under,0.5046999999999999,,0.9090909090909091,-0.036,0.0,Arkansas,11.5,Arkansas +11.5,0.5041,,0.9090909090909091,-0.038,0.0,True,pass,pass,2026-09-06,0.7687,0.2313,0.8,0.22,-0.0425,-0.0007,2.0,Arkansas,KXNCAAFGAME-26SEP12ARKUTAH-ARK,True,,,0.7687,,,,,,,,,,,,,,,,,,,False,0.0,0.0,0.22,0.2313,-0.0007,Arkansas,Arkansas,False,False,56.5,0.5,0.4951,-0.0224,3.0,11.5,0.19,0.0691,-0.1317,11.0,2026-09-12T22:15:00-04:00,False
401860883,2026,2,2026-09-12,"Sat Sep 12, 10:30 PM",Fresno State,Sacramento State,False,False,48.5,-18.5,DraftKings,,,,,,,1,2,46.457142754230865,-1.933282208618456,48.2,47.1,-0.3,-1.4,16.12,total_market,0.4916,18.6,18.9,0.1,0.4,15.38,margin_market,0.5015,Under,0.5084,,0.9090909090909091,-0.029,0.0,Fresno State,-18.5,Fresno State -18.5,0.5015,,0.9090909090909091,-0.043,0.0,True,pass,pass,2026-09-06,0.8867,0.1133,0.89,0.13,-0.0102,-0.0246,2.0,Fresno State,KXNCAAFGAME-26SEP12SACFRES-FRES,True,,,0.8867,,,,,,,,,,,,,,,,,,,False,0.0,0.0,0.89,0.1133,-0.0246,Fresno State,,False,False,,,,,,,,,,,2026-09-12T22:30:00-04:00,False
401858445,2026,2,2026-09-12,"Sat Sep 12, 11:00 PM",USC,Louisiana,False,False,60.5,-28.5,DraftKings,,,,,,,2,1,55.577415821732515,18.280163097865817,59.3,55.7,-1.2,-4.8,16.12,total_market,0.4701,28.2,26.5,-0.3,-2.0,15.38,margin_market,0.4923,Under,0.5299,,0.9090909090909091,0.012,0.32,Louisiana,28.5,Louisiana +28.5,0.5077,,0.9090909090909091,-0.031,0.0,True,pass,pass,2026-09-06,0.9666,0.0334,0.97,0.04,-0.0054,-0.0093,2.0,USC,KXNCAAFGAME-26SEP12ULLUSC-USC,True,,,0.9666,,,,,,,,,,,,,,,,,,,False,0.0,0.0,0.97,0.0334,-0.0093,USC,,False,False,,,,,,,,,,,2026-09-12T23:00:00-04:00,False
401864578,2026,2,2026-09-12,"Sat Sep 12, 11:59 PM",Hawai'i,New Mexico State,False,False,51.5,-10.0,DraftKings,,,,,,,2,2,52.98433349295506,3.6609855753263343,51.6,52.0,0.1,0.5,16.12,total_market,0.5029,9.8,8.7,-0.2,-1.3,15.38,margin_market,0.495,Over,0.5029,,0.9090909090909091,-0.04,0.0,New Mexico State,10.0,New Mexico State +10.0,0.505,,0.9090909090909091,-0.036,0.0,False,pass,pass,2026-09-06,0.738,0.262,,,,,,,,False,,,,,,,,,,,,,,,,,,,,,,False,0.0,0.0,,,,,,False,False,,,,,,,,,,,2026-09-12T23:59:00-04:00,False
401856679,2026,2,2026-09-12,"Sat Sep 12, 12:00 PM",Michigan,Oklahoma,False,False,45.5,-2.5,Bovada,,,,,,,1,1,43.29310099085019,-5.576802535991405,44.7,42.3,-0.8,-3.2,16.12,total_market,0.4801,1.9,-1.2,-0.6,-3.7,15.38,margin_market,0.4855,Under,0.5199,,0.9090909090909091,-0.007,0.0,Oklahoma,2.5,Oklahoma +2.5,0.5145,,0.9090909090909091,-0.018,0.0,True,pass,pass,2026-09-06,0.5492,0.4508,0.34,0.69,0.1935,-0.2542,1.0,Michigan,KXNCAAFGAME-26SEP12OKLAMICH-MICH,True,,,0.5492,,,,,,,,,,,,,,,,,,,False,0.0,0.0,0.34,0.4508,-0.2542,Michigan,Oklahoma,True,True,45.5,0.46,0.4802,0.0028,3.0,2.5,0.65,0.3874,-0.2785,2.0,2026-09-12T12:00:00-04:00,False
401856683,2026,2,2026-09-12,"Sat Sep 12, 12:00 PM",Texas A&M,Arizona State,False,False,51.5,-14.5,DraftKings,,,,,,,1,1,54.3462644408248,9.810281071089204,50.4,47.0,-1.1,-4.5,16.12,total_market,0.4724,14.6,15.1,0.1,0.6,15.38,margin_market,0.5022,Under,0.5276000000000001,,0.9090909090909091,0.007,0.2,Texas A&M,-14.5,Texas A&M -14.5,0.5022,,0.9090909090909091,-0.041,0.0,True,pass,pass,2026-09-06,0.8288,0.1712,0.85,0.16,-0.0301,0.0018,1.0,Arizona State,KXNCAAFGAME-26SEP12ASUTXAM-ASU,True,,,0.8288,,,,,,,,,,,,,,,,,,,False,0.0,0.0,0.16,0.1712,0.0018,Arizona State,Texas A&M,False,True,51.5,0.51,0.4728,-0.0547,3.0,14.5,0.5,0.5026,-0.0149,2.0,2026-09-12T12:00:00-04:00,False
401856781,2026,2,2026-09-12,"Sat Sep 12, 12:00 PM",Kansas State,Washington State,False,False,51.5,-19.5,DraftKings,,,,,,,1,0,51.79673258668639,9.122364377137776,50.6,47.7,-0.9,-3.8,16.12,total_market,0.4766,19.9,22.4,0.4,2.9,15.38,margin_market,0.5114,Under,0.5234,,0.9090909090909091,-0.001,0.0,Kansas State,-19.5,Kansas State -19.5,0.5114,,0.9090909090909091,-0.024,0.0,True,pass,pass,2026-09-06,0.9021,0.0979,0.91,0.1,-0.0136,-0.0084,1.0,Washington State,KXNCAAFGAME-26SEP12WSUKSU-WSU,True,,,0.9021,,,,,,,,,,,,,,,,,,,False,0.0,0.0,0.1,0.0979,-0.0084,Washington State,Kansas State,False,False,51.5,0.52,0.4777,-0.0597,8.0,20.5,0.63,0.4844,-0.1619,26.0,2026-09-12T12:00:00-04:00,False
401856782,2026,2,2026-09-12,"Sat Sep 12, 12:00 PM",Oklahoma State,Oregon,False,False,58.5,22.5,DraftKings,,,,,,,1,1,48.76935936061409,-25.291299277985715,58.8,59.6,0.3,1.1,16.12,total_market,0.507,-21.5,-16.2,1.0,6.3,15.38,margin_market,0.5246,Over,0.507,,0.9090909090909091,-0.032,0.0,Oklahoma State,22.5,Oklahoma State +22.5,0.5246,,0.9090909090909091,0.002,0.04,True,pass,thin,2026-09-06,0.0811,0.9189,0.08,0.93,-0.0041,-0.0157,1.0,Oklahoma State,KXNCAAFGAME-26SEP12OREOKST-OKST,True,,,0.0811,,,,,,,,,,,,,,,,,,,False,0.0,0.0,0.08,0.9189,-0.0157,Oklahoma State,Oregon,False,False,58.5,0.52,0.5074,-0.03,4.0,23.5,0.57,0.4483,-0.1389,18.0,2026-09-12T12:00:00-04:00,False
401858221,2026,2,2026-09-12,"Sat Sep 12, 12:00 PM",Virginia Tech,Old Dominion,False,False,51.5,-17.5,DraftKings,,,,,,,1,1,49.07593605539314,-1.429990157796496,50.7,48.1,-0.8,-3.4,16.12,total_market,0.4792,17.7,19.1,0.2,1.6,15.38,margin_market,0.5061,Under,0.5207999999999999,,0.9090909090909091,-0.006,0.0,Virginia Tech,-17.5,Virginia Tech -17.5,0.5061,,0.9090909090909091,-0.034,0.0,True,pass,pass,2026-09-06,0.8751,0.1249,0.89,0.12,-0.0218,-0.0025,1.0,Old Dominion,KXNCAAFGAME-26SEP12ODUVT-ODU,True,,,0.8751,,,,,,,,,,,,,,,,,,,False,0.0,0.0,0.12,0.1249,-0.0025,Old Dominion,Virginia Tech,False,True,51.5,0.52,0.4802,-0.0573,3.0,17.5,0.52,0.5052,-0.0323,2.0,2026-09-12T12:00:00-04:00,False
401858224,2026,2,2026-09-12,"Sat Sep 12, 12:00 PM",Purdue,Wake Forest,False,False,49.5,4.5,DraftKings,,,,,,,1,1,54.61636912666165,-7.165980073554872,49.4,49.0,-0.1,-0.5,16.12,total_market,0.497,-4.6,-5.0,-0.1,-0.5,15.38,margin_market,0.4982,Under,0.503,,0.9090909090909091,-0.04,0.0,Wake Forest,-4.5,Wake Forest -4.5,0.5018,,0.9090909090909091,-0.042,0.0,True,pass,pass,2026-09-06,0.3824,0.6176,0.38,0.62,-0.0141,-0.0189,1.0,Purdue,KXNCAAFGAME-26SEP12WAKEPUR-PUR,True,,,0.3824,,,,,,,,,,,,,,,,,,,False,0.0,0.0,0.38,0.6176,-0.0189,Purdue,Wake Forest,False,True,49.5,0.51,0.4975,-0.03,3.0,4.5,0.51,0.5026,-0.0249,3.0,2026-09-12T12:00:00-04:00,False
401858442,2026,2,2026-09-12,"Sat Sep 12, 12:00 PM",Temple,Penn State,False,False,50.5,21.5,DraftKings,,,,,,,1,1,53.03608090501557,-18.121391304944463,49.6,47.0,-0.9,-3.5,16.12,total_market,0.4785,-20.8,-16.8,0.7,4.7,15.38,margin_market,0.5185,Under,0.5215000000000001,,0.9090909090909091,-0.004,0.0,Temple,21.5,Temple +21.5,0.5185,,0.9090909090909091,-0.01,0.0,True,pass,thin,2026-09-06,0.0881,0.9119,0.08,0.94,0.0029,-0.032,1.0,Temple,KXNCAAFGAME-26SEP12PSUTEM-TEM,True,,,0.0881,,,,,,,,,,,,,,,,,,,False,0.0,0.0,0.08,0.9119,-0.032,Temple,Penn State,False,True,50.5,0.52,0.4777,-0.0597,4.0,21.5,0.52,0.4818,-0.0556,3.0,2026-09-12T12:00:00-04:00,False
401862702,2026,2,2026-09-12,"Sat Sep 12, 12:00 PM",Army,South Florida,False,True,51.5,-3.0,DraftKings,,,,,,,1,1,47.15108666951251,5.837588376768258,51.5,51.7,0.0,0.2,16.12,total_market,0.5012,3.3,5.1,0.3,2.1,15.38,margin_market,0.5083,Under,0.4988,,0.9090909090909091,-0.048,0.0,Army,-3.0,Army -3.0,0.5083,,0.9090909090909091,-0.03,0.0,True,pass,pass,2026-09-06,0.5849,0.4151,0.62,0.38,-0.0516,0.0186,1.0,South Florida,KXNCAAFGAME-26SEP12USFARMY-USF,True,,,0.5849,,,,,,,,,,,,,,,,,,,False,0.0,0.0,0.38,0.4151,0.0186,South Florida,South Florida,True,False,51.5,0.49,0.5,-0.0075,1.0,2.5,0.45,0.353,-0.1143,25.0,2026-09-12T12:00:00-04:00,False
401864571,2026,2,2026-09-12,"Sat Sep 12, 12:00 PM",East Carolina,App State,False,False,55.5,-9.5,DraftKings,,,,,,,1,1,53.92632917633448,6.158797830267159,54.4,51.2,-1.1,-4.3,16.12,total_market,0.4736,9.3,8.0,-0.2,-1.5,15.38,margin_market,0.4941,Under,0.5264,,0.9090909090909091,0.005,0.14,App State,9.5,App State +9.5,0.5059,,0.9090909090909091,-0.034,0.0,True,pass,pass,2026-09-06,0.7273,0.2727,0.75,0.25,-0.0358,0.0096,1.0,App State,KXNCAAFGAME-26SEP12APPECU-APP,True,,,0.7273,,,,,,,,,,,,,,,,,,,False,0.0,0.0,0.25,0.2727,0.0096,App State,App State,False,False,55.5,0.5,0.4728,-0.0447,3.0,9.5,0.91,0.1108,-0.8049,83.0,2026-09-12T12:00:00-04:00,False
401856673,2026,2,2026-09-12,"Sat Sep 12, 12:45 PM",Georgia,Western Kentucky,False,False,52.5,-39.5,DraftKings,,,,,,,1,1,55.388629298924975,32.81972114199163,52.3,51.8,-0.2,-0.7,16.12,total_market,0.4956,39.7,40.7,0.2,1.2,15.38,margin_market,0.5048,Under,0.5044,,0.9090909090909091,-0.037,0.0,Georgia,-39.5,Georgia -39.5,0.5048,,0.9090909090909091,-0.036,0.0,True,pass,pass,2026-09-06,0.9951,0.0049,1.0,0.01,,-0.0058,1.0,Western Kentucky,KXNCAAFGAME-26SEP12WKUUGA-WKU,True,,,0.9951,,,,,,,,,,,,,,,,,,,False,0.0,0.0,0.01,0.0049,-0.0058,Western Kentucky,,False,False,,,,,,,,,,,2026-09-12T12:45:00-04:00,False
401856674,2026,2,2026-09-12,"Sat Sep 12, 3:30 PM",Kentucky,Alabama,False,True,48.5,10.5,DraftKings,,,,,,,1,1,50.03266061837779,-6.7633906081477715,47.7,45.3,-0.8,-3.2,16.12,total_market,0.4804,-10.1,-7.9,0.4,2.6,15.38,margin_market,0.5103,Under,0.5196000000000001,,0.9090909090909091,-0.008,0.0,Kentucky,10.5,Kentucky +10.5,0.5103,,0.9090909090909091,-0.026,0.0,True,pass,pass,2026-09-06,0.2557,0.7443,0.22,0.79,0.0237,-0.0573,1.0,Kentucky,KXNCAAFGAME-26SEP12ALAUK-UK,True,,,0.2557,,,,,,,,,,,,,,,,,,,False,0.0,0.0,0.22,0.7443,-0.0573,Kentucky,Kentucky,False,False,48.5,0.52,0.4802,-0.0573,2.0,10.5,0.17,0.0902,-0.0897,10.0,2026-09-12T15:30:00-04:00,False
401856677,2026,2,2026-09-12,"Sat Sep 12, 3:30 PM",Minnesota,Mississippi State,False,False,55.5,1.5,DraftKings,,,,,,,1,1,64.52078109879277,6.751110885412732,54.8,52.7,-0.7,-2.8,16.12,total_market,0.4825,-1.3,-0.3,0.2,1.2,15.38,margin_market,0.5046,Under,0.5175000000000001,,0.9090909090909091,-0.012,0.0,Minnesota,1.5,Minnesota +1.5,0.5046,,0.9090909090909091,-0.037,0.0,True,pass,pass,2026-09-06,0.4663,0.5337,0.49,0.52,-0.0412,-0.0038,1.0,Mississippi State,KXNCAAFGAME-26SEP12MSSTMINN-MSST,True,,,0.4663,,,,,,,,,,,,,,,,,,,False,0.0,0.0,0.52,0.5337,-0.0038,Mississippi State,Mississippi State,False,True,55.5,0.52,0.4827,-0.0548,4.0,1.5,0.49,0.4948,-0.0127,1.0,2026-09-12T15:30:00-04:00,False
401856790,2026,2,2026-09-12,"Sat Sep 12, 3:30 PM",Pittsburgh,UCF,False,False,56.5,-8.5,DraftKings,,,,,,,1,1,59.464606010428746,7.746309945154843,56.1,54.7,-0.4,-1.8,16.12,total_market,0.4891,8.0,5.2,-0.5,-3.3,15.38,margin_market,0.4873,Under,0.5109,,0.9090909090909091,-0.025,0.0,UCF,8.5,UCF +8.5,0.5126999999999999,,0.9090909090909091,-0.021,0.0,True,pass,pass,2026-09-06,0.6985,0.3015,0.74,0.26,-0.055,0.028,1.0,UCF,KXNCAAFGAME-26SEP12UCFPITT-UCF,True,,,0.6985,,,,,,,,,,,,,,,,,,,False,0.0,0.0,0.26,0.3015,0.028,UCF,Pittsburgh,True,True,56.5,0.5,0.4901,-0.0274,2.0,8.5,0.49,0.487,-0.0205,2.0,2026-09-12T15:30:00-04:00,False
401856810,2026,2,2026-09-12,"Sat Sep 12, 3:30 PM",BYU,Arizona,False,True,51.5,-7.0,DraftKings,,,,,,,1,1,50.198309622051255,4.452863825355809,49.5,43.6,-2.0,-7.9,16.12,total_market,0.4512,7.3,9.2,0.3,2.2,15.38,margin_market,0.5084,Under,0.5488,,0.9090909090909091,0.048,1.31,BYU,-7.0,BYU -7.0,0.5084,,0.9090909090909091,-0.029,0.0,True,thin,pass,2026-09-06,0.6825,0.3175,0.73,0.28,-0.0613,0.0234,1.0,Arizona,KXNCAAFGAME-26SEP12ARIZBYU-ARIZ,True,,,0.6825,,,,,,,,,,,,,,,,,,,False,0.0,0.0,0.28,0.3175,0.0234,Arizona,BYU,True,True,51.5,0.51,0.4506,-0.0769,4.0,7.5,0.51,0.4948,-0.0327,2.0,2026-09-12T15:30:00-04:00,False
401858216,2026,2,2026-09-12,"Sat Sep 12, 3:30 PM",Syracuse,California,False,True,52.5,-1.5,DraftKings,,,,,,,1,1,62.5684642556472,3.8235127809910727,52.8,53.5,0.3,1.0,16.12,total_market,0.5062,0.9,-2.2,-0.6,-3.7,15.38,margin_market,0.4857,Over,0.5062,,0.9090909090909091,-0.034,0.0,California,1.5,California +1.5,0.5143,,0.9090909090909091,-0.018,0.0,True,pass,pass,2026-09-06,0.5233,0.4767,0.53,0.48,-0.0241,-0.0208,1.0,California,KXNCAAFGAME-26SEP12CALSYR-CAL,True,,,0.5233,,,,,,,,,,,,,,,,,,,False,0.0,0.0,0.48,0.4767,-0.0208,California,Syracuse,True,False,52.5,0.53,0.5074,-0.04,1.0,1.5,0.5,0.4844,-0.0331,2.0,2026-09-12T15:30:00-04:00,False
401858217,2026,2,2026-09-12,"Sat Sep 12, 3:30 PM",Illinois,Duke,False,False,54.5,-7.5,DraftKings,,,,,,,1,1,56.989173305286236,0.43205594702487815,54.5,54.5,0.0,0.0,16.12,total_market,0.5001,7.7,8.7,0.2,1.2,15.38,margin_market,0.5045,Under,0.4999,,0.9090909090909091,-0.046,0.0,Illinois,-7.5,Illinois -7.5,0.5045,,0.9090909090909091,-0.037,0.0,True,pass,pass,2026-09-06,0.6917,0.3083,0.71,0.3,-0.0327,-0.0064,1.0,Duke,KXNCAAFGAME-26SEP12DUKEILL-DUKE,True,,,0.6917,,,,,,,,,,,,,,,,,,,False,0.0,0.0,0.3,0.3083,-0.0064,Duke,Illinois,True,True,54.5,0.49,0.5,-0.0075,3.0,7.5,0.49,0.5052,-0.0023,1.0,2026-09-12T15:30:00-04:00,False
401858440,2026,2,2026-09-12,"Sat Sep 12, 3:30 PM",Michigan State,Eastern Michigan,False,False,51.5,-17.5,DraftKings,,,,,,,1,2,51.316123734848134,15.42508549931837,51.2,50.1,-0.3,-1.4,16.12,total_market,0.4913,17.2,15.3,-0.3,-2.2,15.38,margin_market,0.4913,Under,0.5086999999999999,,0.9090909090909091,-0.029,0.0,Eastern Michigan,17.5,Eastern Michigan +17.5,0.5086999999999999,,0.9090909090909091,-0.029,0.0,True,pass,pass,2026-09-06,0.8683,0.1317,0.89,0.11,-0.0286,0.0148,1.0,Eastern Michigan,KXNCAAFGAME-26SEP12EMUMSU-EMU,True,,,0.8683,,,,,,,,,,,,,,,,,,,False,0.0,0.0,0.11,0.1317,0.0148,Eastern Michigan,Michigan State,False,False,51.5,0.54,0.4926,-0.0648,7.0,17.5,0.51,0.4922,-0.0353,2.0,2026-09-12T15:30:00-04:00,False
401858444,2026,2,2026-09-12,"Sat Sep 12, 3:30 PM",UConn,Maryland,False,False,53.5,13.5,DraftKings,,,,,,,1,1,61.27428584990026,4.2035151695135635,53.2,52.2,-0.3,-1.3,16.12,total_market,0.4918,-13.0,-10.0,0.5,3.5,15.38,margin_market,0.5137,Under,0.5082,,0.9090909090909091,-0.03,0.0,UConn,13.5,UConn +13.5,0.5137,,0.9090909090909091,-0.019,0.0,True,pass,pass,2026-09-06,0.199,0.801,0.17,0.82,0.0191,-0.0293,1.0,UConn,KXNCAAFGAME-26SEP12MDCONN-CONN,True,,,0.199,,,,,,,,,,,,,,,,,,,False,0.0,0.0,0.17,0.801,-0.0293,UConn,UConn,False,False,53.5,0.53,0.4926,-0.0549,5.0,13.5,0.22,0.0424,-0.1896,14.0,2026-09-12T15:30:00-04:00,False
401858446,2026,2,2026-09-12,"Sat Sep 12, 3:30 PM",Washington,Utah State,False,False,56.5,-27.5,DraftKings,,,,,,,0,1,54.60989166902269,21.941471186478253,56.4,56.1,-0.1,-0.4,16.12,total_market,0.4974,27.7,28.8,0.2,1.3,15.38,margin_market,0.5052,Under,0.5025999999999999,,0.9090909090909091,-0.04,0.0,Washington,-27.5,Washington -27.5,0.5052,,0.9090909090909091,-0.036,0.0,True,pass,pass,2026-09-06,0.9642,0.0358,0.95,0.06,0.0109,-0.0281,1.0,Washington,KXNCAAFGAME-26SEP12USUWASH-WASH,True,,,0.9642,,,,,,,,,,,,,,,,,,,False,0.0,0.0,0.95,0.0358,-0.0281,Washington,Washington,False,False,56.5,0.52,0.4975,-0.0399,5.0,27.5,0.53,0.5052,-0.0422,6.0,2026-09-12T15:30:00-04:00,False
401859184,2026,2,2026-09-12,"Sat Sep 12, 3:30 PM",Notre Dame,Rice,False,False,52.5,-44.5,DraftKings,,,,,,,0,1,51.55745460383478,35.843096500676566,52.7,53.4,0.2,0.9,16.12,total_market,0.5056,44.1,41.6,-0.4,-2.9,15.38,margin_market,0.4889,Over,0.5056,,0.9090909090909091,-0.035,0.0,Rice,44.5,Rice +44.5,0.5111,,0.9090909090909091,-0.024,0.0,True,pass,pass,2026-09-06,0.9979,0.0021,1.0,0.01,,-0.0086,1.0,Rice,KXNCAAFGAME-26SEP12RICEND-RICE,True,,,0.9979,,,,,,,,,,,,,,,,,,,False,0.0,0.0,0.01,0.0021,-0.0086,Rice,Notre Dame,False,False,52.5,0.52,0.5049,-0.0325,3.0,44.5,0.51,0.4896,-0.0379,4.0,2026-09-12T15:30:00-04:00,False
401860884,2026,2,2026-09-12,"Sat Sep 12, 3:30 PM",Texas State,UTSA,False,False,64.5,1.5,DraftKings,,,,,,,1,1,69.50159523493406,-13.792072314307543,62.6,57.1,-1.9,-7.4,16.12,total_market,0.454,-1.4,-0.8,0.1,0.7,15.38,margin_market,0.5028,Under,0.546,,0.9090909090909091,0.042,1.17,Texas State,1.5,Texas State +1.5,0.5028,,0.9090909090909091,-0.04,0.0,True,thin,pass,2026-09-06,0.4637,0.5363,0.49,0.51,-0.0438,0.0088,1.0,UTSA,KXNCAAFGAME-26SEP12UTSATXST-UTSA,True,,,0.4637,,,,,,,,,,,,,,,,,,,False,0.0,0.0,0.51,0.5363,0.0088,UTSA,UTSA,False,False,64.5,0.51,0.4531,-0.0744,3.0,1.5,0.5,0.4974,-0.0201,2.0,2026-09-12T15:30:00-04:00,False
401862708,2026,2,2026-09-12,"Sat Sep 12, 3:30 PM",UAB,UL Monroe,False,False,56.5,-10.0,DraftKings,,,,,,,1,1,56.66062784801379,13.487078038918238,57.1,59.0,0.6,2.5,16.12,total_market,0.5155,10.0,10.3,0.0,0.3,15.38,margin_market,0.5011,Over,0.5155,,0.9090909090909091,-0.016,0.0,UL Monroe,10.0,UL Monroe +10.0,0.4989,,0.9090909090909091,-0.048,0.0,True,pass,pass,2026-09-06,0.7422,0.2578,,,,,,,,False,,,,,,,,,,,,,,,,,,,,,,False,0.0,0.0,,,,,,False,False,,,,,,,,,,,2026-09-12T15:30:00-04:00,False
401862705,2026,2,2026-09-12,"Sat Sep 12, 3:45 PM",North Texas,UNLV,False,False,58.5,5.5,DraftKings,,,,,,,1,2,65.01261437158325,4.252587011292256,58.5,58.5,0.0,0.0,16.12,total_market,0.5002,-5.6,-6.3,-0.1,-0.8,15.38,margin_market,0.4967,Under,0.4998,,0.9090909090909091,-0.046,0.0,UNLV,-5.5,UNLV -5.5,0.5033000000000001,,0.9090909090909091,-0.039,0.0,True,pass,pass,2026-09-06,0.3579,0.6421,0.33,0.67,0.0124,-0.0434,1.0,North Texas,KXNCAAFGAME-26SEP12UNLVUNT-UNT,True,,,0.3579,,,,,,,,,,,,,,,,,,,False,0.0,0.0,0.33,0.6421,-0.0434,North Texas,North Texas,False,False,58.5,0.51,0.5,-0.0275,4.0,5.5,0.87,0.2352,-0.6427,77.0,2026-09-12T15:45:00-04:00,False
401856684,2026,2,2026-09-12,"Sat Sep 12, 4:15 PM",Vanderbilt,Delaware,False,False,54.5,-20.5,DraftKings,,,,,,,1,1,60.55194598481706,21.4194046871863,53.9,52.0,-0.6,-2.5,16.12,total_market,0.4848,20.6,21.4,0.1,0.9,15.38,margin_market,0.5034,Under,0.5152,,0.9090909090909091,-0.016,0.0,Vanderbilt,-20.5,Vanderbilt -20.5,0.5034,,0.9090909090909091,-0.039,0.0,True,pass,pass,2026-09-06,0.9098,0.0902,0.92,0.09,-0.0154,-0.0055,1.0,Delaware,KXNCAAFGAME-26SEP12DELVAN-DEL,True,,,0.9098,,,,,,,,,,,,,,,,,,,False,0.0,0.0,0.09,0.0902,-0.0055,Delaware,Vanderbilt,False,True,54.5,0.52,0.4852,-0.0523,4.0,20.5,0.52,0.5026,-0.0349,5.0,2026-09-12T16:15:00-04:00,False
401860881,2026,2,2026-09-12,"Sat Sep 12, 6:00 PM",Boise State,Memphis,False,False,54.5,-7.5,DraftKings,,,,,,,1,2,53.144695609072265,5.469899802213906,54.4,54.1,-0.1,-0.4,16.12,total_market,0.4976,8.0,10.6,0.5,3.1,15.38,margin_market,0.5121,Under,0.5024,,0.9090909090909091,-0.041,0.0,Boise State,-7.5,Boise State -7.5,0.5121,,0.9090909090909091,-0.022,0.0,True,pass,pass,2026-09-06,0.6985,0.3015,0.76,0.25,-0.0743,0.0384,2.0,Memphis,KXNCAAFGAME-26SEP12MEMBSU-MEM,True,,,0.6985,,,,,,,,,,,,,,,,,,,False,0.0,0.0,0.25,0.3015,0.0384,Memphis,Memphis,False,False,54.5,0.53,0.4975,-0.0499,5.0,7.5,0.85,0.1568,-0.7022,76.0,2026-09-12T18:00:00-04:00,False
401866414,2026,2,2026-09-12,"Sat Sep 12, 6:00 PM",Florida International,Buffalo,False,False,51.5,-10.5,DraftKings,,,,,,,1,1,51.650666368821796,8.778574515303529,51.2,50.4,-0.3,-1.1,16.12,total_market,0.4933,10.7,12.2,0.2,1.7,15.38,margin_market,0.5064,Under,0.5066999999999999,,0.9090909090909091,-0.033,0.0,Florida International,-10.5,Florida International -10.5,0.5064,,0.9090909090909091,-0.033,0.0,True,pass,pass,2026-09-06,0.7567,0.2433,0.79,0.22,-0.0449,0.0113,1.0,Buffalo,KXNCAAFGAME-26SEP12BUFFFIU-BUFF,True,,,0.7567,,,,,,,,,,,,,,,,,,,False,0.0,0.0,0.22,0.2433,0.0113,Buffalo,Buffalo,False,False,,,,,,10.5,0.87,0.084,-0.7939,78.0,2026-09-12T18:00:00-04:00,False
401866418,2026,2,2026-09-12,"Sat Sep 12, 6:00 PM",Ohio,Jacksonville State,False,False,50.5,-1.5,DraftKings,,,,,,,1,2,50.244707361596774,-4.17110902999168,51.1,53.0,0.6,2.5,16.12,total_market,0.5156,1.4,1.1,-0.1,-0.4,15.38,margin_market,0.4986,Over,0.5156,,0.9090909090909091,-0.016,0.0,Jacksonville State,1.5,Jacksonville State +1.5,0.5014000000000001,,0.9090909090909091,-0.043,0.0,True,pass,pass,2026-09-06,0.5363,0.4637,0.55,0.48,-0.031,-0.0338,1.0,Ohio,KXNCAAFGAME-26SEP12JVSTOHIO-OHIO,True,,,0.5363,,,,,,,,,,,,,,,,,,,False,0.0,0.0,0.55,0.4637,-0.0338,Ohio,Ohio,False,False,50.5,0.52,0.5148,-0.0226,3.0,1.5,0.51,0.4974,-0.0301,2.0,2026-09-12T18:00:00-04:00,False
401856681,2026,2,2026-09-12,"Sat Sep 12, 7:00 PM",Georgia Tech,Tennessee,False,False,55.5,13.5,DraftKings,,,,,,,1,1,58.41569292146524,-9.504936299501868,54.8,52.8,-0.7,-2.7,16.12,total_market,0.4833,-13.1,-10.6,0.4,2.9,15.38,margin_market,0.5112,Under,0.5166999999999999,,0.9090909090909091,-0.014,0.0,Georgia Tech,13.5,Georgia Tech +13.5,0.5112,,0.9090909090909091,-0.024,0.0,True,pass,pass,2026-09-06,0.1972,0.8028,0.19,0.82,-0.0036,-0.0275,1.0,Georgia Tech,KXNCAAFGAME-26SEP12TENNGT-GT,True,,,0.1972,,,,,,,,,,,,,,,,,,,False,0.0,0.0,0.19,0.8028,-0.0275,Georgia Tech,Georgia Tech,False,False,55.5,0.5,0.4827,-0.0348,3.0,13.5,0.17,0.0419,-0.138,9.0,2026-09-12T19:00:00-04:00,False
401858441,2026,2,2026-09-12,"Sat Sep 12, 7:00 PM",Nebraska,Bowling Green,False,False,51.5,-28.5,DraftKings,,,,,,,1,1,48.31603718652866,17.53999524920924,51.2,50.2,-0.3,-1.3,16.12,total_market,0.4919,29.0,31.5,0.5,3.0,15.38,margin_market,0.5118,Under,0.5081,,0.9090909090909091,-0.03,0.0,Nebraska,-28.5,Nebraska -28.5,0.5118,,0.9090909090909091,-0.023,0.0,True,pass,pass,2026-09-06,0.9703,0.0297,0.97,0.04,-0.0017,-0.013,1.0,Nebraska,KXNCAAFGAME-26SEP12BGSUNEB-NEB,True,,,0.9703,,,,,,,,,,,,,,,,,,,False,0.0,0.0,0.97,0.0297,-0.013,Nebraska,Nebraska,False,True,51.5,0.86,0.4926,-0.3759,44.0,28.5,0.53,0.513,-0.0345,4.0,2026-09-12T19:00:00-04:00,False
401862707,2026,2,2026-09-12,"Sat Sep 12, 7:00 PM",Sam Houston,Tulsa,False,False,52.5,14.0,DraftKings,,,,,,,1,1,53.527653633242004,-8.184598131785208,52.7,53.1,0.2,0.6,16.12,total_market,0.5039,-13.6,-11.5,0.4,2.5,15.38,margin_market,0.5098,Over,0.5039,,0.9090909090909091,-0.038,0.0,Sam Houston,14.0,Sam Houston +14.0,0.5098,,0.9090909090909091,-0.027,0.0,True,pass,pass,2026-09-06,0.1883,0.8117,0.16,0.86,0.0189,-0.0567,2.0,Sam Houston,KXNCAAFGAME-26SEP12TLSASHSU-SHSU,True,,,0.1883,,,,,,,,,,,,,,,,,,,False,0.0,0.0,0.16,0.8117,-0.0567,Sam Houston,Tulsa,False,False,52.5,0.52,0.5049,-0.0325,5.0,13.5,0.85,0.5026,-0.3563,75.0,2026-09-12T19:00:00-04:00,False
401864575,2026,2,2026-09-12,"Sat Sep 12, 7:00 PM",Tulane,South Alabama,False,False,52.5,-10.0,DraftKings,,,,,,,1,1,46.31277987621006,9.212757206347462,52.0,50.5,-0.5,-2.0,16.12,total_market,0.4873,9.5,6.9,-0.5,-3.1,15.38,margin_market,0.488,Under,0.5126999999999999,,0.9090909090909091,-0.021,0.0,South Alabama,10.0,South Alabama +10.0,0.512,,0.9090909090909091,-0.023,0.0,True,pass,pass,2026-09-06,0.7316,0.2684,0.81,0.21,-0.0892,0.0468,2.0,South Alabama,KXNCAAFGAME-26SEP12USATULN-USA,True,,,0.7316,,,,,,,,,,,,,,,,,,,False,0.0,0.0,0.21,0.2684,0.0468,South Alabama,South Alabama,False,False,52.5,0.51,0.4876,-0.0399,4.0,9.5,0.87,0.1083,-0.7696,78.0,2026-09-12T19:00:00-04:00,False
401869955,2026,2,2026-09-12,"Sat Sep 12, 7:00 PM",Kennesaw State,Georgia State,False,False,50.5,-9.5,DraftKings,,,,,,,1,1,58.73576972689207,8.510474100026126,50.7,51.3,0.2,0.8,16.12,total_market,0.5052,9.3,8.3,-0.2,-1.2,15.38,margin_market,0.4954,Over,0.5052,,0.9090909090909091,-0.036,0.0,Georgia State,9.5,Georgia State +9.5,0.5045999999999999,,0.9090909090909091,-0.037,0.0,True,pass,pass,2026-09-06,0.7273,0.2727,0.76,0.24,-0.0455,0.0199,1.0,Georgia State,KXNCAAFGAME-26SEP12GASTKENN-GAST,True,,,0.7273,,,,,,,,,,,,,,,,,,,False,0.0,0.0,0.24,0.2727,0.0199,Georgia State,,False,False,,,,,,,,,,,2026-09-12T19:00:00-04:00,False
401871045,2026,2,2026-09-12,"Sat Sep 12, 7:00 PM",Marshall,Middle Tennessee,False,False,57.5,-17.5,DraftKings,,,,,,,1,1,55.246819350317125,-1.2593899009561165,57.1,55.8,-0.4,-1.7,16.12,total_market,0.4897,17.9,20.2,0.4,2.7,15.38,margin_market,0.5106,Under,0.5103,,0.9090909090909091,-0.026,0.0,Marshall,-17.5,Marshall -17.5,0.5106,,0.9090909090909091,-0.025,0.0,True,pass,pass,2026-09-06,0.8778,0.1222,0.88,0.16,-0.0096,-0.0472,2.0,Marshall,KXNCAAFGAME-26SEP12MTUMRSH-MRSH,True,,,0.8778,,,,,,,,,,,,,,,,,,,False,0.0,0.0,0.88,0.1222,-0.0472,Marshall,,False,False,,,,,,,,,,,2026-09-12T19:00:00-04:00,False
401858443,2026,2,2026-09-12,"Sat Sep 12, 7:15 PM",UCLA,San Diego State,False,False,50.5,-10.0,DraftKings,,,,,,,1,1,53.16407887533502,1.1334288316400372,49.5,46.5,-1.0,-4.0,16.12,total_market,0.4755,8.9,2.6,-1.1,-7.4,15.38,margin_market,0.4714,Under,0.5245,,0.9090909090909091,0.001,0.04,San Diego State,10.0,San Diego State +10.0,0.5286,,0.9090909090909091,0.009,0.25,True,pass,thin,2026-09-06,0.7186,0.2814,0.79,0.24,-0.083,0.0286,2.0,San Diego State,KXNCAAFGAME-26SEP12SDSUUCLA-SDSU,True,,,0.7186,,,,,,,,,,,,,,,,,,,False,0.0,0.0,0.24,0.2814,0.0286,San Diego State,San Diego State,True,False,50.5,0.51,0.4753,-0.0522,1.0,9.5,0.27,0.1158,-0.168,19.0,2026-09-12T19:15:00-04:00,False
401856682,2026,2,2026-09-12,"Sat Sep 12, 7:30 PM",Texas,Ohio State,False,False,47.5,-1.5,Bovada,,,,,,,1,1,51.635787759724096,-1.0983987230932684,46.7,44.2,-0.8,-3.3,16.12,total_market,0.4793,1.6,2.5,0.1,1.0,15.38,margin_market,0.5039,Under,0.5206999999999999,,0.9090909090909091,-0.006,0.0,Texas,-1.5,Texas -1.5,0.5039,,0.9090909090909091,-0.038,0.0,True,pass,pass,2026-09-06,0.5414,0.4586,0.52,0.5,0.0039,-0.0589,2.0,Texas,KXNCAAFGAME-26SEP12OSUTEX-TEX,True,,,0.5414,,,,,,,,,,,,,,,,,,,False,0.0,0.0,0.52,0.4586,-0.0589,Texas,Texas,True,True,47.5,0.51,0.4802,-0.0473,1.0,1.5,0.49,0.5026,-0.0049,3.0,2026-09-12T19:30:00-04:00,False
401856783,2026,2,2026-09-12,"Sat Sep 12, 7:30 PM",Oregon State,Texas Tech,False,False,50.5,25.5,DraftKings,,,,,,,1,1,42.95421475664563,-28.460957637964295,51.0,52.5,0.5,2.0,16.12,total_market,0.5122,-26.1,-29.8,-0.6,-4.3,15.38,margin_market,0.4834,Over,0.5122,,0.9090909090909091,-0.022,0.0,Texas Tech,-25.5,Texas Tech -25.5,0.5166,,0.9090909090909091,-0.014,0.0,True,pass,thin,2026-09-06,0.0448,0.9552,0.04,0.96,0.0021,-0.0075,1.0,Oregon State,KXNCAAFGAME-26SEP12TTUORST-ORST,True,,,0.0448,,,,,,,,,,,,,,,,,,,False,0.0,0.0,0.04,0.9552,-0.0075,Oregon State,Texas Tech,False,False,50.5,0.52,0.5124,-0.0251,5.0,24.5,0.86,0.5414,-0.327,58.0,2026-09-12T19:30:00-04:00,False
401856788,2026,2,2026-09-12,"Sat Sep 12, 7:30 PM",Iowa,Iowa State,False,False,41.5,-14.5,DraftKings,,,,,,,1,1,44.85533465100026,14.463999230318931,41.7,42.2,0.2,0.7,16.12,total_market,0.5041,14.8,16.6,0.3,2.1,15.38,margin_market,0.508,Over,0.5041,,0.9090909090909091,-0.038,0.0,Iowa,-14.5,Iowa -14.5,0.508,,0.9090909090909091,-0.03,0.0,True,pass,pass,2026-09-06,0.832,0.168,0.86,0.15,-0.0364,0.0091,1.0,Iowa State,KXNCAAFGAME-26SEP12ISUIOWA-ISU,True,,,0.832,,,,,,,,,,,,,,,,,,,False,0.0,0.0,0.15,0.168,0.0091,Iowa State,Iowa,True,True,41.5,0.46,0.5049,0.0276,1.0,14.5,0.51,0.5078,-0.0197,3.0,2026-09-12T19:30:00-04:00,False
401858219,2026,2,2026-09-12,"Sat Sep 12, 7:30 PM",Clemson,Georgia Southern,False,False,56.5,-23.5,DraftKings,,,,,,,1,1,50.9805142385717,6.009183922601686,55.9,54.0,-0.6,-2.5,16.12,total_market,0.4847,23.4,23.2,-0.1,-0.3,15.38,margin_market,0.4987,Under,0.5153,,0.9090909090909091,-0.016,0.0,Georgia Southern,23.5,Georgia Southern +23.5,0.5013000000000001,,0.9090909090909091,-0.043,0.0,True,pass,pass,2026-09-06,0.9359,0.0641,0.92,0.09,0.0107,-0.0316,1.0,Clemson,KXNCAAFGAME-26SEP12GASOCLEM-CLEM,True,,,0.9359,,,,,,,,,,,,,,,,,,,False,0.0,0.0,0.92,0.0641,-0.0316,Clemson,,False,False,,,,,,,,,,,2026-09-12T19:30:00-04:00,False
401862703,2026,2,2026-09-12,"Sat Sep 12, 7:30 PM",Florida Atlantic,Navy,False,True,57.5,6.5,DraftKings,,,,,,,1,1,65.05459584882857,-19.814664973288117,56.5,53.3,-1.0,-4.2,16.12,total_market,0.4743,-6.9,-9.2,-0.4,-2.7,15.38,margin_market,0.4893,Under,0.5257000000000001,,0.9090909090909091,0.004,0.1,Navy,-6.5,Navy -6.5,0.5106999999999999,,0.9090909090909091,-0.025,0.0,True,pass,pass,2026-09-06,0.3268,0.6732,0.32,0.72,-0.0084,-0.0609,4.0,Florida Atlantic,KXNCAAFGAME-26SEP12NAVYFAU-FAU,True,,,0.3268,,,,,,,,,,,,,,,,,,,False,0.0,0.0,0.32,0.6732,-0.0609,Florida Atlantic,,False,False,,,,,,,,,,,2026-09-12T19:30:00-04:00,False
401867796,2026,2,2026-09-12,"Sat Sep 12, 7:30 PM",LSU,Louisiana Tech,False,False,55.5,-31.5,DraftKings,,,,,,,1,1,54.26945876322637,10.844481283692485,55.0,53.6,-0.5,-1.9,16.12,total_market,0.4883,31.8,33.2,0.3,1.7,15.38,margin_market,0.5067,Under,0.5117,,0.9090909090909091,-0.023,0.0,LSU,-31.5,LSU -31.5,0.5067,,0.9090909090909091,-0.033,0.0,True,pass,pass,2026-09-06,0.9807,0.0193,0.99,0.02,-0.01,-0.0021,1.0,Louisiana Tech,KXNCAAFGAME-26SEP12LTLSU-LT,True,,,0.9807,,,,,,,,,,,,,,,,,,,False,0.0,0.0,0.02,0.0193,-0.0021,Louisiana Tech,,False,False,,,,,,,,,,,2026-09-12T19:30:00-04:00,False
401856671,2026,2,2026-09-12,"Sat Sep 12, 7:45 PM",Auburn,Southern Miss,False,False,52.5,-29.5,DraftKings,,,,,,,1,1,46.95178068254136,12.267691024632962,52.6,53.0,0.1,0.5,16.12,total_market,0.5028,29.2,27.5,-0.3,-2.0,15.38,margin_market,0.4921,Over,0.5028,,0.9090909090909091,-0.04,0.0,Southern Miss,29.5,Southern Miss +29.5,0.5079,,0.9090909090909091,-0.03,0.0,True,pass,pass,2026-09-06,0.9712,0.0288,0.96,0.05,0.0085,-0.0245,2.0,Auburn,KXNCAAFGAME-26SEP12USMAUB-AUB,True,,,0.9712,,,,,,,,,,,,,,,,,,,False,0.0,0.0,0.96,0.0288,-0.0245,Auburn,,False,False,,,,,,,,,,,2026-09-12T19:45:00-04:00,False
401856676,2026,2,2026-09-12,"Sat Sep 12, 7:45 PM",Ole Miss,Charlotte,False,False,61.5,-46.5,DraftKings,,,,,,,0,1,61.13123394893315,35.351031132468606,61.5,61.4,-0.0,-0.1,16.12,total_market,0.4993,46.7,48.0,0.2,1.5,15.38,margin_market,0.506,Under,0.5006999999999999,,0.9090909090909091,-0.044,0.0,Ole Miss,-46.5,Ole Miss -46.5,0.506,,0.9090909090909091,-0.034,0.0,True,pass,pass,2026-09-06,0.9988,0.0012,1.0,0.02,,-0.0202,2.0,Charlotte,KXNCAAFGAME-26SEP12CHARMISS-CHAR,True,,,0.9988,,,,,,,,,,,,,,,,,,,False,0.0,0.0,0.02,0.0012,-0.0202,Charlotte,,False,False,,,,,,,,,,,2026-09-12T19:45:00-04:00,False
