season,league,team,played,att_goals,def_goals,att_shots,def_shots,ppg,gd_per_game,position,promoted
2003,E0,Arsenal,33,1.3799,0.5407,1.1319,0.7108,2.333,1.152,1,0
2003,E0,Chelsea,33,1.4466,0.628,1.019,0.6584,2.152,1.091,2,0
2003,E0,Man United,34,1.304,0.7421,1.1448,0.7999,1.941,0.765,3,0
2003,E0,Liverpool,33,1.0681,0.7261,1.2095,0.7808,1.667,0.515,4,0
2003,E0,Newcastle,34,1.0208,0.7803,1.0778,0.8376,1.529,0.353,5,0
2003,E0,Aston Villa,34,0.9152,0.8393,0.982,0.9866,1.5,0.147,6,0
2003,E0,Birmingham,34,0.8669,0.9124,0.7395,0.9614,1.412,-0.059,7,0
2003,E0,Fulham,33,1.0265,0.9583,0.9203,1.0086,1.364,0.121,8,0
2003,E0,Bolton,34,0.9557,1.1251,1.2379,1.0197,1.353,-0.265,9,0
2003,E0,Charlton,34,1.0162,1.0562,0.8782,1.25,1.324,-0.059,10,0
2003,E0,Middlesbrough,35,0.8551,0.9889,1.0378,1.054,1.257,-0.171,11,0
2003,E0,Tottenham,33,1.0084,1.153,0.9647,1.1925,1.242,-0.212,12,0
2003,E0,Southampton,33,0.7327,0.784,1.1168,1.2258,1.212,-0.091,13,0
2003,E0,Blackburn,33,1.0354,1.1226,1.0084,1.0476,1.121,-0.152,14,0
2003,E0,Man City,33,1.0234,1.0149,1.2451,0.8598,1.061,-0.03,15,0
2003,E0,Portsmouth,34,0.8244,1.1276,0.8921,1.0269,1.029,-0.412,16,0
2003,E0,Everton,34,0.9096,1.1189,0.9297,1.068,1.0,-0.294,17,0
2003,E0,Leicester,33,1.0535,1.3134,0.9098,1.0596,1.0,-0.333,18,0
2003,E0,Wolves,33,0.7534,1.4608,0.7825,1.185,0.939,-1.0,19,0
2003,E0,Leeds,33,0.8044,1.6072,0.7723,1.2667,0.788,-1.061,20,0
2004,E0,Chelsea,33,1.4244,0.2945,1.3655,0.6096,2.485,1.515,1,0
2004,E0,Arsenal,33,1.7135,0.8141,1.3221,0.6248,2.152,1.212,2,0
2004,E0,Man United,33,1.1213,0.4821,1.4237,0.7113,2.03,0.848,3,0
2004,E0,Everton,33,0.9507,0.7983,0.8217,1.17,1.727,0.212,4,0
2004,E0,Liverpool,34,1.1084,0.8326,1.0544,0.694,1.588,0.382,5,0
2004,E0,Bolton,34,0.9931,0.8868,1.1344,0.917,1.559,0.176,6,0
2004,E0,Tottenham,34,0.9597,0.8913,1.1014,0.9,1.412,0.118,7,0
2004,E0,Middlesbrough,33,1.1072,1.0532,1.1842,1.0415,1.394,0.061,8,0
2004,E0,Aston Villa,34,0.9349,0.9716,0.8895,1.0362,1.353,-0.029,9,0
2004,E0,Charlton,34,0.9273,1.166,0.7877,1.2271,1.324,-0.294,10,0
2004,E0,Man City,34,0.9684,0.8478,0.9539,0.7865,1.294,0.147,11,0
2004,E0,Newcastle,32,1.0282,1.2759,1.1916,1.0261,1.188,-0.281,12,0
2004,E0,Blackburn,33,0.6922,0.8542,0.9251,0.9194,1.182,-0.242,13,0
2004,E0,Birmingham,34,0.8106,0.9711,0.7759,0.868,1.118,-0.206,14,0
2004,E0,Fulham,33,0.9401,1.2624,0.8039,1.0596,1.061,-0.424,15,0
2004,E0,Portsmouth,34,0.8998,1.2088,0.8759,1.1832,1.029,-0.441,16,0
2004,E0,West Brom,33,0.7639,1.2694,0.8262,1.0638,0.879,-0.636,17,0
2004,E0,Southampton,34,0.8864,1.26,0.8593,1.2443,0.824,-0.529,18,0
2004,E0,Crystal Palace,34,0.8659,1.3333,0.8408,1.3963,0.794,-0.647,19,0
2004,E0,Norwich,34,0.904,1.5264,0.863,1.5213,0.794,-0.882,20,0
2005,E0,Chelsea,38,1.4886,0.4797,1.2774,0.6067,2.395,1.316,1,0
2005,E0,Man United,38,1.5089,0.7421,1.3416,0.9347,2.184,1.0,2,0
2005,E0,Liverpool,38,1.1819,0.5362,1.3048,0.6028,2.158,0.842,3,0
2005,E0,Arsenal,38,1.42,0.6734,1.2717,0.7306,1.763,0.974,4,0
2005,E0,Tottenham,38,1.1148,0.8121,1.1033,1.0317,1.711,0.395,5,0
2005,E0,Blackburn,38,1.0774,0.8958,0.853,0.8127,1.658,0.237,6,0
2005,E0,Newcastle,38,0.9927,0.8918,0.9784,0.9874,1.526,0.132,7,0
2005,E0,Bolton,38,1.0339,0.8725,0.9269,0.8956,1.474,0.211,8,0
2005,E0,West Ham,38,1.1149,1.1754,0.8241,1.2266,1.447,-0.079,9,0
2005,E0,Wigan,38,0.961,1.1023,0.9773,1.0578,1.342,-0.184,10,0
2005,E0,Everton,38,0.7232,1.0259,0.974,1.0858,1.316,-0.395,11,0
2005,E0,Fulham,38,1.0323,1.2341,0.8438,1.1345,1.263,-0.263,12,0
2005,E0,Charlton,38,0.8783,1.1609,0.8724,1.239,1.237,-0.368,13,0
2005,E0,Middlesbrough,38,1.0323,1.2341,1.0409,1.184,1.184,-0.263,14,0
2005,E0,Man City,38,0.9141,1.015,0.9941,0.927,1.132,-0.132,15,0
2005,E0,Aston Villa,38,0.8998,1.1622,0.9363,1.1822,1.105,-0.342,16,0
2005,E0,Portsmouth,38,0.7987,1.3032,1.0439,0.9813,1.0,-0.658,17,0
2005,E0,Birmingham,38,0.596,1.04,0.7893,0.9637,0.895,-0.579,18,0
2005,E0,West Brom,38,0.6659,1.2107,0.775,1.1909,0.789,-0.711,19,0
2005,E0,Sunderland,38,0.5652,1.4329,0.8717,1.225,0.395,-1.132,20,0
2006,E0,Man United,38,1.7509,0.6053,1.5605,0.8347,2.342,1.474,1,0
2006,E0,Chelsea,38,1.3446,0.5264,1.2208,0.5868,2.184,1.053,2,0
2006,E0,Arsenal,38,1.3402,0.7674,1.2545,0.7604,1.789,0.737,3,0
2006,E0,Liverpool,38,1.2013,0.5876,1.2907,0.6217,1.789,0.789,4,0
2006,E0,Tottenham,38,1.239,1.1776,1.0852,0.9016,1.579,0.079,5,0
2006,E0,Everton,38,1.1069,0.7796,0.9233,1.1506,1.526,0.421,6,0
2006,E0,Bolton,38,1.0186,1.1208,0.8449,0.9542,1.474,-0.132,7,0
2006,E0,Reading,38,1.1208,1.0186,0.7895,1.1699,1.447,0.132,8,0
2006,E0,Portsmouth,38,0.9641,0.9027,1.0809,1.0678,1.421,0.079,9,0
2006,E0,Blackburn,38,1.1299,1.1708,0.9728,1.3007,1.368,-0.053,10,0
2006,E0,Aston Villa,38,0.9201,0.8792,0.971,0.9973,1.316,0.053,11,0
2006,E0,Middlesbrough,38,0.9501,1.0524,0.8877,1.0844,1.211,-0.132,12,0
2006,E0,Newcastle,38,0.8184,1.0025,0.9822,1.214,1.132,-0.237,13,0
2006,E0,Man City,38,0.6222,0.929,0.9281,0.8712,1.105,-0.395,14,0
2006,E0,West Ham,38,0.7639,1.2549,0.9321,1.142,1.079,-0.632,15,0
2006,E0,Fulham,38,0.8305,1.2806,0.8248,1.0216,1.026,-0.579,16,0
2006,E0,Sheffield United,38,0.6951,1.1656,0.9297,0.9997,1.0,-0.605,17,0
2006,E0,Wigan,38,0.8077,1.2578,0.9406,0.9406,1.0,-0.579,18,0
2006,E0,Charlton,38,0.7429,1.2748,0.7825,1.2241,0.895,-0.684,19,0
2006,E0,Watford,38,0.6327,1.2464,0.7983,1.1568,0.737,-0.789,20,0
2007,E0,Man United,38,1.5574,0.4539,1.4765,0.8352,2.289,1.526,1,0
2007,E0,Chelsea,38,1.2703,0.5282,1.1237,0.7389,2.237,1.026,2,0
2007,E0,Arsenal,38,1.4542,0.6361,1.2046,0.7677,2.184,1.132,3,0
2007,E0,Liverpool,38,1.3122,0.5701,1.3203,0.5708,2.0,1.026,4,0
2007,E0,Everton,38,1.0824,0.6638,0.9809,0.8767,1.711,0.579,5,0
2007,E0,Aston Villa,38,1.4253,1.0448,0.9308,0.9669,1.579,0.526,6,0
2007,E0,Blackburn,38,0.9993,0.9613,1.0017,1.0338,1.526,0.053,7,0
2007,E0,Portsmouth,38,0.9513,0.7991,1.1289,1.0407,1.5,0.211,8,0
2007,E0,Man City,38,0.9039,1.0561,0.8675,1.148,1.447,-0.211,9,0
2007,E0,West Ham,38,0.8409,0.9931,0.9432,1.0474,1.289,-0.211,10,0
2007,E0,Tottenham,38,1.339,1.2439,1.2158,1.0114,1.211,0.132,11,0
2007,E0,Newcastle,38,0.9155,1.296,0.9421,1.1946,1.132,-0.526,12,0
2007,E0,Middlesbrough,38,0.8636,1.0539,0.9748,1.0028,1.105,-0.263,13,0
2007,E0,Wigan,38,0.6811,1.0045,0.8072,0.9314,1.053,-0.447,14,0
2007,E0,Sunderland,38,0.7273,1.1649,0.8829,1.0232,1.026,-0.605,15,0
2007,E0,Bolton,38,0.7235,1.066,0.9283,1.0886,0.974,-0.474,16,0
2007,E0,Reading,38,0.8348,1.3104,0.8149,1.2117,0.947,-0.658,17,0
2007,E0,Fulham,38,0.7686,1.1872,0.8721,1.0645,0.947,-0.579,18,0
2007,E0,Birmingham,38,0.9329,1.2373,0.804,1.1568,0.921,-0.421,19,0
2007,E0,Derby,38,0.4165,1.7293,0.7797,1.2888,0.289,-1.816,20,0
2008,E0,Man United,38,1.4123,0.5223,1.4899,0.7935,2.368,1.158,1,0
2008,E0,Liverpool,38,1.6051,0.5938,1.2185,0.5754,2.263,1.316,2,0
2008,E0,Chelsea,38,1.4123,0.5223,1.4232,0.803,2.184,1.158,3,0
2008,E0,Arsenal,38,1.4332,0.8061,1.2483,0.7346,1.895,0.816,4,0
2008,E0,Everton,38,1.1585,0.7944,0.9264,0.9417,1.658,0.474,5,0
2008,E0,Aston Villa,38,1.1515,1.0302,0.9013,1.0002,1.632,0.158,6,0
2008,E0,Fulham,38,0.8182,0.717,0.938,1.0141,1.395,0.132,7,0
2008,E0,West Ham,38,0.892,0.9527,0.988,1.2049,1.342,-0.079,8,0
2008,E0,Tottenham,38,0.9559,0.9559,1.117,0.9915,1.342,0.0,9,0
2008,E0,Man City,38,1.24,1.0782,1.0682,0.9769,1.316,0.211,10,0
2008,E0,Stoke,38,0.8159,1.1598,0.5529,1.1427,1.184,-0.447,11,0
2008,E0,Wigan,38,0.7218,0.9443,0.9015,0.8368,1.184,-0.289,12,0
2008,E0,Portsmouth,38,0.8178,1.2021,0.9281,1.0575,1.079,-0.5,13,0
2008,E0,Bolton,38,0.8785,1.1212,0.9912,1.2652,1.079,-0.316,14,0
2008,E0,Blackburn,38,0.8638,1.2684,0.8731,0.9112,1.079,-0.526,15,0
2008,E0,Sunderland,38,0.729,1.1335,0.846,1.1086,0.947,-0.526,16,0
2008,E0,Hull,38,0.846,1.3517,0.8585,1.1172,0.921,-0.658,17,0
2008,E0,Newcastle,38,0.8629,1.2472,0.8086,1.0826,0.895,-0.5,18,0
2008,E0,West Brom,38,0.7834,1.4104,1.0347,1.244,0.842,-0.816,19,0
2008,E0,Middlesbrough,38,0.6021,1.1887,0.8865,1.1985,0.842,-0.763,20,0
2009,E0,Chelsea,38,1.9267,0.6412,1.4692,0.6294,2.263,1.868,1,0
2009,E0,Man United,38,1.6012,0.5511,1.3123,0.7732,2.237,1.526,2,0
2009,E0,Arsenal,38,1.5659,0.8054,1.2504,0.7002,1.974,1.105,3,0
2009,E0,Tottenham,38,1.2631,0.7924,1.3447,1.0183,1.842,0.684,4,0
2009,E0,Man City,38,1.3822,0.8753,0.9641,0.8284,1.763,0.737,5,0
2009,E0,Aston Villa,38,0.9778,0.7424,0.9319,1.1886,1.684,0.342,6,0
2009,E0,Liverpool,38,1.1429,0.6721,1.0944,0.6984,1.658,0.684,7,0
2009,E0,Everton,38,1.14,0.9408,1.1811,0.9354,1.605,0.289,8,0
2009,E0,Birmingham,38,0.7198,0.8828,0.8569,1.1686,1.316,-0.237,9,0
2009,E0,Blackburn,38,0.7829,1.0364,0.9188,0.9994,1.316,-0.368,10,0
2009,E0,Stoke,38,0.6445,0.898,0.6608,1.1302,1.237,-0.368,11,0
2009,E0,Fulham,38,0.738,0.8648,0.8062,0.8942,1.211,-0.184,12,0
2009,E0,Sunderland,38,0.9179,1.0627,0.8353,1.0334,1.158,-0.211,13,0
2009,E0,Bolton,38,0.8118,1.2644,0.9591,1.1865,1.026,-0.658,14,0
2009,E0,Wolves,38,0.6114,1.0459,0.7987,1.0811,1.0,-0.632,15,0
2009,E0,Wigan,38,0.7236,1.4841,1.0295,1.0478,0.947,-1.105,16,0
2009,E0,West Ham,38,0.9078,1.2518,1.0037,1.1468,0.921,-0.5,17,0
2009,E0,Hull,38,0.6621,1.4044,0.7077,1.2394,0.789,-1.079,18,0
2009,E0,Burnley,38,0.8243,1.5485,0.8911,1.2321,0.789,-1.053,19,0
2009,E0,Portsmouth,38,0.6561,1.2355,0.9841,1.0684,0.737,-0.842,20,0
2010,E0,Man United,38,1.4474,0.7137,1.1844,0.7543,2.105,1.079,1,0
2010,E0,Chelsea,38,1.2749,0.6307,1.3196,0.8306,1.868,0.947,2,0
2010,E0,Man City,38,1.1083,0.6251,1.0611,0.8736,1.868,0.711,3,0
2010,E0,Arsenal,38,1.3438,0.8249,1.3052,0.7316,1.789,0.763,4,0
2010,E0,Tottenham,38,1.0288,0.8678,1.2408,0.976,1.632,0.237,5,0
2010,E0,Liverpool,38,1.1016,0.8332,1.0269,0.81,1.526,0.395,6,0
2010,E0,Everton,38,0.9529,0.8455,1.1026,0.9261,1.421,0.158,7,0
2010,E0,Fulham,38,0.9136,0.8063,0.9637,0.9232,1.289,0.158,8,0
2010,E0,Aston Villa,38,0.9092,1.106,0.937,1.0878,1.263,-0.289,9,0
2010,E0,Sunderland,38,0.8497,1.0465,0.8909,1.0159,1.237,-0.289,10,0
2010,E0,West Brom,38,1.0742,1.3426,1.1105,0.9966,1.237,-0.395,11,0
2010,E0,Bolton,38,0.9822,1.0538,1.0684,1.072,1.211,-0.105,12,0
2010,E0,Newcastle,38,1.0591,1.077,0.9714,0.9236,1.211,-0.026,13,0
2010,E0,Stoke,38,0.8618,0.8976,0.7887,0.9799,1.211,-0.053,14,0
2010,E0,Blackburn,38,0.8712,1.1038,0.7483,1.2299,1.132,-0.342,15,0
2010,E0,Wigan,38,0.7588,1.1346,0.9768,0.9548,1.105,-0.553,16,0
2010,E0,Wolves,38,0.8773,1.2352,0.8063,1.1225,1.053,-0.526,17,0
2010,E0,Birmingham,38,0.6997,1.0755,0.6058,1.1868,1.026,-0.553,18,0
2010,E0,Blackpool,38,1.0625,1.474,0.9271,1.361,1.026,-0.605,19,0
2010,E0,West Ham,38,0.8232,1.3063,0.9644,1.2439,0.868,-0.711,20,0
2011,E0,Man United,38,1.6424,0.6422,1.3221,0.9606,2.342,1.474,1,0
2011,E0,Man City,38,1.7096,0.5664,1.4139,0.7487,2.342,1.684,2,0
2011,E0,Arsenal,38,1.387,0.9405,1.2452,0.7166,1.842,0.658,3,0
2011,E0,Tottenham,38,1.2267,0.7802,1.3337,0.9209,1.816,0.658,4,0
2011,E0,Newcastle,38,1.0508,0.9615,0.9149,0.9865,1.711,0.132,5,0
2011,E0,Chelsea,38,1.2141,0.8747,1.1913,0.8741,1.684,0.5,6,0
2011,E0,Everton,38,0.9279,0.7492,0.8994,0.8107,1.474,0.263,7,0
2011,E0,Fulham,38,0.9003,0.9539,1.0866,1.1037,1.368,-0.079,8,0
2011,E0,Liverpool,38,0.8721,0.747,1.1677,0.7208,1.368,0.184,9,0
2011,E0,Norwich,38,0.9902,1.2403,0.9198,1.162,1.237,-0.368,10,0
2011,E0,Swansea,38,0.8251,0.9502,0.8683,1.0661,1.237,-0.184,11,0
2011,E0,West Brom,38,0.8447,0.9698,0.9482,1.0062,1.237,-0.184,12,0
2011,E0,Stoke,38,0.6762,0.9798,0.543,1.0308,1.184,-0.447,13,0
2011,E0,Sunderland,38,0.8398,0.8577,0.8399,1.0752,1.184,-0.026,14,0
2011,E0,Wigan,38,0.7961,1.1533,0.926,0.9943,1.132,-0.526,15,0
2011,E0,Aston Villa,38,0.695,0.9808,0.7292,1.0089,1.0,-0.421,16,0
2011,E0,QPR,38,0.8184,1.2292,0.9561,1.1642,0.974,-0.605,17,0
2011,E0,Bolton,38,0.8853,1.4391,0.9991,1.2243,0.947,-0.816,18,0
2011,E0,Blackburn,38,0.9249,1.4608,0.8576,1.0691,0.816,-0.789,19,0
2011,E0,Wolves,38,0.7734,1.5236,0.8379,1.3564,0.658,-1.105,20,0
2012,E0,Man United,38,1.607,0.8371,1.1041,0.9529,2.342,1.132,1,0
2012,E0,Man City,38,1.2213,0.6483,1.2835,0.7102,2.053,0.842,2,0
2012,E0,Chelsea,38,1.3952,0.7506,1.2424,0.9787,1.974,0.947,3,0
2012,E0,Arsenal,38,1.3365,0.7099,1.1905,0.7404,1.921,0.921,4,0
2012,E0,Tottenham,38,1.2359,0.8778,1.3889,0.7067,1.895,0.526,5,0
2012,E0,Everton,38,1.0234,0.7548,1.1814,0.8895,1.658,0.395,6,0
2012,E0,Liverpool,38,1.3259,0.8245,1.4119,0.8211,1.605,0.737,7,0
2012,E0,West Brom,38,1.0028,1.0744,0.9406,1.0812,1.289,-0.105,8,0
2012,E0,West Ham,38,0.8477,0.9909,0.9388,1.2693,1.211,-0.211,9,0
2012,E0,Swansea,38,0.8837,0.9553,0.9797,1.1907,1.211,-0.105,10,0
2012,E0,Norwich,38,0.776,1.0804,0.7495,0.9499,1.158,-0.447,11,0
2012,E0,Fulham,38,0.9487,1.1277,0.9133,1.2087,1.132,-0.263,12,0
2012,E0,Stoke,38,0.6352,0.8321,0.6097,0.9649,1.105,-0.289,13,0
2012,E0,Southampton,38,0.9297,1.1266,0.9319,0.8299,1.079,-0.289,14,0
2012,E0,Newcastle,38,0.8604,1.2722,0.929,0.922,1.079,-0.605,15,0
2012,E0,Aston Villa,38,0.8997,1.2936,0.8367,1.0864,1.079,-0.579,16,0
2012,E0,Sunderland,38,0.7729,1.0057,0.8252,1.1628,1.026,-0.342,17,0
2012,E0,Wigan,38,0.9033,1.3688,0.9532,1.0377,0.947,-0.684,18,0
2012,E0,Reading,38,0.8262,1.3633,0.6731,1.2955,0.737,-0.789,19,0
2012,E0,QPR,38,0.5686,1.1057,0.9167,1.2015,0.658,-0.789,20,0
2013,E0,Man City,38,1.9177,0.7409,1.3863,0.7355,2.263,1.711,1,0
2013,E0,Liverpool,38,1.925,1.0016,1.5225,0.9109,2.211,1.342,2,0
2013,E0,Chelsea,38,1.32,0.5234,1.3287,0.7452,2.158,1.158,3,0
2013,E0,Arsenal,38,1.2819,0.7931,1.2355,0.9269,2.079,0.711,4,0
2013,E0,Everton,38,1.1473,0.749,1.1463,0.9106,1.895,0.579,5,0
2013,E0,Tottenham,38,1.0467,0.9743,1.1123,0.9328,1.816,0.105,6,0
2013,E0,Man United,38,1.2088,0.8286,1.0614,0.8651,1.684,0.553,7,0
2013,E0,Southampton,38,1.0225,0.8777,1.0328,0.7691,1.474,0.211,8,0
2013,E0,Stoke,38,0.8568,0.9836,0.823,1.0474,1.316,-0.184,9,0
2013,E0,Newcastle,38,0.8244,1.1141,1.0869,1.0027,1.289,-0.421,10,0
2013,E0,Crystal Palace,38,0.6255,0.8971,0.8438,0.9841,1.184,-0.395,11,0
2013,E0,Swansea,38,1.0308,1.0308,0.9577,0.9016,1.105,0.0,12,0
2013,E0,West Ham,38,0.7607,0.9598,0.7102,1.1984,1.053,-0.289,13,0
2013,E0,Aston Villa,38,0.749,1.1473,0.7909,0.9872,1.0,-0.579,14,0
2013,E0,Sunderland,38,0.7868,1.1308,0.8197,1.2461,1.0,-0.5,15,0
2013,E0,Hull,38,0.724,0.9956,0.7594,0.939,0.974,-0.395,16,0
2013,E0,West Brom,38,0.8244,1.1141,0.8562,0.9965,0.947,-0.421,17,0
2013,E0,Norwich,38,0.538,1.1535,0.868,1.1261,0.868,-0.895,18,0
2013,E0,Fulham,38,0.7872,1.6019,0.9,1.4218,0.842,-1.184,19,0
2013,E0,Cardiff,38,0.6224,1.3828,0.7582,1.353,0.789,-1.105,20,0
2014,E0,Chelsea,38,1.4749,0.6745,1.3019,0.7898,2.289,1.079,1,0
2014,E0,Man City,38,1.6888,0.8103,1.4162,0.8267,2.079,1.184,2,0
2014,E0,Arsenal,38,1.4407,0.7574,1.4167,0.8331,1.974,0.921,3,0
2014,E0,Man United,38,1.2589,0.7709,1.1151,0.8829,1.842,0.658,4,0
2014,E0,Tottenham,38,1.1983,1.1006,1.0828,1.0828,1.684,0.132,5,0
2014,E0,Liverpool,38,1.068,0.99,1.21,0.9063,1.632,0.105,6,0
2014,E0,Southampton,38,1.0914,0.6814,1.0499,0.7164,1.579,0.553,7,0
2014,E0,Swansea,38,0.9455,1.0041,0.9311,1.1991,1.474,-0.079,8,0
2014,E0,Stoke,38,0.9825,0.9239,0.8475,0.8892,1.421,0.079,9,0
2014,E0,Crystal Palace,38,0.9682,1.0463,0.8685,0.94,1.263,-0.105,10,0
2014,E0,West Ham,38,0.9023,0.9609,0.9588,1.1195,1.237,-0.079,11,0
2014,E0,Everton,38,0.9878,1.0268,1.0298,0.8036,1.237,-0.053,12,0
2014,E0,West Brom,38,0.7824,1.0362,0.8215,1.155,1.158,-0.342,13,0
2014,E0,Leicester,38,0.9517,1.1274,0.8622,1.0766,1.079,-0.237,14,0
2014,E0,Newcastle,38,0.8345,1.2835,0.8971,1.0162,1.026,-0.605,15,0
2014,E0,Aston Villa,38,0.6421,1.1497,0.7983,1.0544,1.0,-0.684,16,0
2014,E0,Sunderland,38,0.6394,1.0689,0.8182,1.2231,1.0,-0.579,17,0
2014,E0,Hull,38,0.6793,1.0307,0.82,0.9748,0.921,-0.474,18,0
2014,E0,Burnley,38,0.5774,1.0655,0.7901,1.1593,0.868,-0.658,19,0
2014,E0,QPR,38,0.886,1.4912,0.9643,1.3513,0.789,-0.816,20,0
2015,E0,Leicester,38,1.3081,0.7145,1.1139,0.8904,2.132,0.842,1,0
2015,E0,Arsenal,38,1.2503,0.7123,1.2968,0.9557,1.868,0.763,2,0
2015,E0,Tottenham,38,1.326,0.6953,1.5289,0.7704,1.842,0.895,3,0
2015,E0,Man United,38,0.941,0.6813,0.8739,0.7563,1.737,0.368,4,0
2015,E0,Man City,38,1.3731,0.8166,1.2853,0.7855,1.737,0.789,5,0
2015,E0,Southampton,38,1.1404,0.8065,1.0388,0.8683,1.658,0.474,6,0
2015,E0,West Ham,38,1.2699,1.0102,1.1417,1.0476,1.632,0.368,7,0
2015,E0,Liverpool,38,1.2294,0.9882,1.2456,0.834,1.579,0.342,8,0
2015,E0,Stoke,38,0.8032,1.0629,0.8082,1.0846,1.342,-0.368,9,0
2015,E0,Chelsea,38,1.1547,1.0434,1.0771,1.1124,1.316,0.158,10,0
2015,E0,Swansea,38,0.8203,1.0058,0.8434,1.0375,1.237,-0.263,11,0
2015,E0,Everton,38,1.1571,1.0829,1.0918,1.1506,1.237,0.105,12,0
2015,E0,Watford,38,0.7796,0.9651,0.8448,1.0682,1.184,-0.263,13,0
2015,E0,West Brom,38,0.6611,0.9208,0.6551,0.9727,1.132,-0.368,14,0
2015,E0,Crystal Palace,38,0.7609,0.9835,0.9438,1.0614,1.105,-0.316,15,0
2015,E0,Bournemouth,38,0.8928,1.3009,0.8888,0.9476,1.105,-0.579,16,0
2015,E0,Sunderland,38,0.9476,1.2073,0.9013,1.3423,1.026,-0.368,17,0
2015,E0,Newcastle,38,0.8711,1.2606,0.9457,1.0986,0.974,-0.553,18,0
2015,E0,Norwich,38,0.7734,1.2928,0.782,1.0525,0.895,-0.737,19,0
2015,E0,Aston Villa,38,0.54,1.4489,0.693,1.1634,0.447,-1.289,20,0
2016,E0,Chelsea,38,1.5729,0.6415,1.2189,0.6465,2.447,1.368,1,0
2016,E0,Tottenham,38,1.5803,0.5056,1.5395,0.6953,2.263,1.579,2,0
2016,E0,Man City,38,1.4891,0.7547,1.2972,0.6554,2.053,1.079,3,0
2016,E0,Liverpool,38,1.4562,0.8113,1.4147,0.7093,2.0,0.947,4,0
2016,E0,Arsenal,38,1.4403,0.8493,1.2191,1.0283,1.974,0.868,5,0
2016,E0,Man United,38,0.9944,0.5466,1.2585,0.7034,1.816,0.658,6,0
2016,E0,Everton,38,1.159,0.8366,1.163,0.9086,1.605,0.474,7,0
2016,E0,Bournemouth,38,1.0517,1.2667,0.9815,1.1492,1.211,-0.316,8,0
2016,E0,Southampton,38,0.7687,0.8941,1.0771,0.7822,1.211,-0.184,9,0
2016,E0,West Ham,38,0.8956,1.2001,0.844,1.0926,1.184,-0.447,10,0
2016,E0,West Brom,38,0.8087,0.952,0.7475,0.973,1.184,-0.211,11,0
2016,E0,Leicester,38,0.9138,1.1824,0.8898,1.1558,1.158,-0.395,12,0
2016,E0,Stoke,38,0.7748,1.0435,0.8379,1.0923,1.158,-0.395,13,0
2016,E0,Swansea,38,0.8625,1.3103,0.8942,1.1197,1.079,-0.658,14,0
2016,E0,Crystal Palace,38,0.952,1.1848,0.8429,1.0684,1.079,-0.342,15,0
2016,E0,Burnley,38,0.7362,1.0228,0.7408,1.2669,1.053,-0.421,16,0
2016,E0,Watford,38,0.7649,1.2664,0.8831,1.1433,1.053,-0.737,17,0
2016,E0,Hull,38,0.7159,1.4861,0.7851,1.2939,0.895,-1.132,18,0
2016,E0,Middlesbrough,38,0.5084,0.9741,0.6094,1.0257,0.737,-0.684,19,0
2016,E0,Sunderland,38,0.5547,1.2711,0.7559,1.4902,0.632,-1.053,20,0
2017,E0,Man City,38,2.0417,0.5629,1.6031,0.5645,2.632,2.079,1,0
2017,E0,Man United,38,1.3096,0.5609,1.1327,0.9238,2.132,1.053,2,0
2017,E0,Tottenham,38,1.4374,0.7261,1.3497,0.8065,2.026,1.0,3,0
2017,E0,Liverpool,38,1.6357,0.7747,1.4384,0.6624,1.974,1.211,4,0
2017,E0,Chelsea,38,1.2062,0.757,1.3657,0.7688,1.842,0.632,5,0
2017,E0,Arsenal,38,1.4604,1.0299,1.4671,0.9598,1.658,0.605,6,0
2017,E0,Burnley,38,0.7004,0.7565,0.7988,1.0196,1.421,-0.079,7,0
2017,E0,Everton,38,0.8732,1.1353,0.7721,1.1362,1.289,-0.368,8,0
2017,E0,Leicester,38,1.1145,1.1894,0.9324,1.0518,1.237,-0.105,9,0
2017,E0,Newcastle,38,0.765,0.9148,0.9416,0.9834,1.158,-0.211,10,0
2017,E0,Bournemouth,38,0.8959,1.1954,0.9986,1.112,1.158,-0.421,11,0
2017,E0,Crystal Palace,38,0.8903,1.0775,0.9539,1.1031,1.158,-0.263,12,0
2017,E0,West Ham,38,0.9629,1.3373,0.8438,1.1841,1.105,-0.526,13,0
2017,E0,Watford,38,0.8787,1.2531,0.8292,0.9963,1.079,-0.526,14,0
2017,E0,Brighton,38,0.6716,1.0459,0.7462,1.1222,1.053,-0.526,15,0
2017,E0,Huddersfield,38,0.5551,1.1167,0.6982,1.0205,0.974,-0.789,16,0
2017,E0,Southampton,38,0.7324,1.0881,0.9141,1.0633,0.947,-0.5,17,0
2017,E0,Stoke,38,0.7014,1.3192,0.8395,1.3707,0.868,-0.868,18,0
2017,E0,Swansea,38,0.554,1.0781,0.6597,1.1789,0.868,-0.737,19,0
2017,E0,West Brom,38,0.6135,1.0814,0.7152,0.9719,0.816,-0.658,20,0
2018,E0,Man City,38,1.7286,0.4478,1.5351,0.5171,2.579,1.895,1,0
2018,E0,Liverpool,38,1.6176,0.4258,1.3399,0.598,2.553,1.763,2,0
2018,E0,Chelsea,38,1.1635,0.7366,1.1848,0.7764,1.895,0.632,3,0
2018,E0,Tottenham,38,1.2376,0.7395,1.1424,0.9699,1.868,0.737,4,0
2018,E0,Arsenal,38,1.365,0.9737,1.0352,1.11,1.842,0.579,5,0
2018,E0,Man United,38,1.2186,1.0229,1.3671,1.068,1.737,0.289,6,0
2018,E0,Wolves,38,0.8734,0.8557,0.909,0.8918,1.5,0.026,7,0
2018,E0,Everton,38,1.0038,0.8615,1.0141,0.8301,1.421,0.211,8,0
2018,E0,Leicester,38,0.9498,0.8964,1.105,0.8462,1.368,0.079,9,0
2018,E0,West Ham,38,0.9752,1.0285,0.9611,1.2084,1.368,-0.079,10,0
2018,E0,Watford,38,0.979,1.1036,0.9195,1.1093,1.316,-0.184,11,0
2018,E0,Crystal Palace,38,0.9545,0.9901,0.8833,0.9868,1.289,-0.053,12,0
2018,E0,Newcastle,38,0.7819,0.8886,0.8547,0.8892,1.184,-0.158,13,0
2018,E0,Bournemouth,38,1.0663,1.3153,0.9899,1.0589,1.184,-0.368,14,0
2018,E0,Burnley,38,0.8545,1.2636,0.7056,1.252,1.053,-0.605,15,0
2018,E0,Southampton,38,0.8519,1.2077,0.9851,1.0829,1.026,-0.526,16,0
2018,E0,Brighton,38,0.659,1.1037,0.6553,1.0406,0.947,-0.658,17,0
2018,E0,Cardiff,38,0.6458,1.2684,0.7738,1.2684,0.895,-0.921,18,0
2018,E0,Fulham,38,0.6535,1.4896,0.9193,1.3565,0.684,-1.237,19,0
2018,E0,Huddersfield,38,0.4204,1.381,0.7197,1.1396,0.421,-1.421,20,0
2019,E0,Liverpool,38,1.6193,0.6614,1.4011,0.6866,2.605,1.368,1,0
2019,E0,Man City,38,1.9485,0.7143,1.599,0.7321,2.132,1.763,2,0
2019,E0,Man United,38,1.2604,0.7078,1.3181,0.8026,1.737,0.789,3,0
2019,E0,Chelsea,38,1.3426,1.0663,1.356,0.7352,1.737,0.395,4,0
2019,E0,Leicester,38,1.2861,0.8072,1.1624,0.852,1.632,0.684,5,0
2019,E0,Tottenham,38,1.1779,0.92,0.9932,1.1279,1.553,0.368,6,0
2019,E0,Wolves,38,0.9773,0.7747,0.8843,0.7906,1.553,0.289,7,0
2019,E0,Arsenal,38,1.0821,0.9348,0.9405,1.1924,1.474,0.211,8,0
2019,E0,Sheffield United,38,0.7463,0.7463,0.7035,0.8499,1.421,0.0,9,0
2019,E0,Burnley,38,0.8321,0.961,0.8279,1.0387,1.421,-0.184,10,0
2019,E0,Southampton,38,0.9975,1.1633,1.1185,1.0423,1.368,-0.237,11,0
2019,E0,Everton,38,0.8567,1.0777,0.9942,0.9122,1.289,-0.316,12,0
2019,E0,Newcastle,38,0.7411,1.1095,0.8172,1.2214,1.158,-0.526,13,0
2019,E0,Crystal Palace,38,0.5995,0.9495,0.7424,1.0646,1.132,-0.5,14,0
2019,E0,Brighton,38,0.7576,1.0339,0.8774,1.0414,1.079,-0.395,15,0
2019,E0,West Ham,38,0.9602,1.1997,1.0139,1.1662,1.026,-0.342,16,0
2019,E0,Aston Villa,38,0.8072,1.2861,0.9315,1.1365,0.921,-0.684,17,0
2019,E0,Watford,38,0.7063,1.2221,0.7443,1.1133,0.895,-0.737,18,0
2019,E0,Bournemouth,38,0.7858,1.2463,0.7535,1.1869,0.895,-0.658,19,0
2019,E0,Norwich,38,0.5155,1.4181,0.821,1.3071,0.553,-1.289,20,0
2020,E0,Man City,38,1.5946,0.6465,1.3113,0.6209,2.263,1.342,1,0
2020,E0,Man United,38,1.4197,0.8805,1.2858,0.868,1.947,0.763,2,0
2020,E0,Liverpool,38,1.3193,0.836,1.2996,0.8935,1.816,0.684,3,0
2020,E0,Chelsea,38,1.1179,0.7089,1.2549,0.6747,1.763,0.579,4,0
2020,E0,Leicester,38,1.3304,0.9958,1.1212,0.8543,1.737,0.474,5,0
2020,E0,West Ham,38,1.2089,0.93,1.0039,0.9285,1.711,0.395,6,0
2020,E0,Tottenham,38,1.3235,0.8959,1.0731,0.9686,1.632,0.605,7,0
2020,E0,Arsenal,38,1.0632,0.7658,0.9187,0.8027,1.605,0.421,8,0
2020,E0,Leeds,38,1.2177,1.069,1.231,1.2426,1.553,0.211,9,0
2020,E0,Everton,38,0.9166,0.9352,0.9034,0.9904,1.553,-0.026,10,0
2020,E0,Aston Villa,38,1.0709,0.9036,1.1519,1.1635,1.447,0.237,11,0
2020,E0,Wolves,38,0.7046,1.002,0.9383,0.9557,1.184,-0.421,12,0
2020,E0,Newcastle,38,0.9101,1.2076,0.8751,1.171,1.184,-0.421,13,0
2020,E0,Crystal Palace,38,0.8143,1.2791,0.803,1.0698,1.158,-0.658,14,0
2020,E0,Southampton,38,0.9358,1.3263,1.0191,1.1004,1.132,-0.553,15,0
2020,E0,Brighton,38,0.7783,0.8898,0.8629,0.77,1.079,-0.158,16,0
2020,E0,Burnley,38,0.6477,1.0567,0.7994,1.1301,1.026,-0.579,17,0
2020,E0,Fulham,38,0.5287,1.0121,0.8326,1.0473,0.737,-0.684,18,0
2020,E0,West Brom,38,0.7021,1.4643,0.7017,1.4791,0.684,-1.079,19,0
2020,E0,Sheffield United,38,0.3954,1.1949,0.6133,1.2689,0.605,-1.132,20,0
2021,E0,Man City,38,1.8092,0.5091,1.4823,0.5397,2.447,1.921,1,0
2021,E0,Liverpool,38,1.7176,0.5066,1.5045,0.6754,2.421,1.789,2,0
2021,E0,Chelsea,38,1.3977,0.6319,1.2429,0.7205,1.947,1.132,3,0
2021,E0,Tottenham,38,1.2775,0.761,1.1743,0.8506,1.868,0.763,4,0
2021,E0,Arsenal,38,1.138,0.9064,1.1705,0.8866,1.816,0.342,5,0
2021,E0,Man United,38,1.0727,1.0727,1.1237,1.101,1.526,0.0,6,0
2021,E0,West Ham,38,1.1226,0.9623,0.9442,0.9953,1.474,0.237,7,0
2021,E0,Leicester,38,1.1695,1.116,1.0198,1.1788,1.368,0.079,8,0
2021,E0,Wolves,38,0.7047,0.7938,0.8134,1.0122,1.342,-0.132,9,0
2021,E0,Brighton,38,0.7798,0.8154,0.904,0.904,1.342,-0.053,10,0
2021,E0,Newcastle,38,0.8315,1.1521,0.8854,1.016,1.289,-0.474,11,0
2021,E0,Crystal Palace,38,0.9305,0.8592,0.8726,0.8669,1.263,0.105,12,0
2021,E0,Brentford,38,0.902,1.0444,0.9249,1.0895,1.211,-0.211,13,0
2021,E0,Aston Villa,38,0.9754,1.011,0.9651,0.9367,1.184,-0.053,14,0
2021,E0,Southampton,38,0.8166,1.244,1.0232,1.1311,1.053,-0.632,15,0
2021,E0,Everton,38,0.8158,1.2254,0.8304,1.1256,1.026,-0.605,16,0
2021,E0,Leeds,38,0.8072,1.4661,0.9391,1.3763,1.0,-0.974,17,0
2021,E0,Burnley,38,0.6366,0.9749,0.7512,1.1033,0.921,-0.5,18,0
2021,E0,Watford,38,0.6517,1.4175,0.7647,1.1395,0.605,-1.132,19,0
2021,E0,Norwich,38,0.4436,1.5299,0.6638,1.3509,0.579,-1.605,20,0
2022,E0,Man City,38,1.7048,0.6335,1.2827,0.5833,2.342,1.605,1,0
2022,E0,Arsenal,38,1.6116,0.8213,1.2098,0.8232,2.211,1.184,2,0
2022,E0,Man United,38,1.0609,0.7974,1.273,0.8806,1.974,0.395,3,0
2022,E0,Newcastle,38,1.2322,0.6176,1.1667,0.7971,1.868,0.921,4,0
2022,E0,Liverpool,38,1.3782,0.8865,1.2671,0.9714,1.763,0.737,5,0
2022,E0,Brighton,38,1.3308,0.9971,1.3692,0.8119,1.632,0.5,6,0
2022,E0,Aston Villa,38,0.9353,0.8475,0.9013,0.9468,1.605,0.132,7,0
2022,E0,Tottenham,38,1.3066,1.1837,1.2009,1.0587,1.579,0.184,8,0
2022,E0,Brentford,38,1.064,0.8532,0.9814,1.2259,1.553,0.316,9,0
2022,E0,Fulham,38,1.0157,0.9806,0.9009,1.1909,1.368,0.053,10,0
2022,E0,Crystal Palace,38,0.7353,0.8934,0.8124,0.9602,1.184,-0.237,11,0
2022,E0,Chelsea,38,0.6971,0.8552,0.9459,1.0028,1.158,-0.237,12,0
2022,E0,Wolves,38,0.5745,1.0487,0.7512,1.0753,1.079,-0.711,13,0
2022,E0,West Ham,38,0.7766,1.0049,0.8695,1.0344,1.053,-0.342,14,0
2022,E0,Bournemouth,38,0.6946,1.2917,0.8055,1.2206,1.026,-0.895,15,0
2022,E0,Nott'm Forest,38,0.7114,1.2382,0.7108,1.1202,1.0,-0.789,16,0
2022,E0,Everton,38,0.6296,1.0335,0.9171,1.1502,0.947,-0.605,17,0
2022,E0,Leicester,38,0.9556,1.2541,0.9127,1.0606,0.895,-0.447,18,0
2022,E0,Leeds,38,0.9081,1.4349,0.8747,1.1477,0.816,-0.789,19,0
2022,E0,Southampton,38,0.6771,1.3269,0.8472,0.9382,0.658,-0.974,20,0
2023,E0,Man City,38,1.5098,0.5621,1.4551,0.6075,2.395,1.632,1,0
2023,E0,Arsenal,38,1.4249,0.4773,1.1797,0.4692,2.342,1.632,2,0
2023,E0,Liverpool,38,1.3602,0.6724,1.4656,0.816,2.158,1.184,3,0
2023,E0,Aston Villa,38,1.2224,0.9931,1.0133,0.9676,1.789,0.395,4,0
2023,E0,Tottenham,38,1.1901,0.9914,1.1388,0.9256,1.737,0.342,5,0
2023,E0,Chelsea,38,1.2406,1.0266,1.1493,1.0123,1.658,0.368,6,0
2023,E0,Newcastle,38,1.3688,1.0173,1.1431,1.0873,1.579,0.605,7,0
2023,E0,Man United,38,0.9137,0.929,1.0378,1.1241,1.579,-0.026,8,0
2023,E0,West Ham,38,0.9751,1.1891,0.8142,1.3015,1.368,-0.368,9,0
2023,E0,Crystal Palace,38,0.9137,0.929,0.8945,0.8235,1.289,-0.026,10,0
2023,E0,Bournemouth,38,0.8721,1.0708,0.991,1.0519,1.263,-0.342,11,0
2023,E0,Brighton,38,0.8845,0.9915,1.1052,0.8971,1.263,-0.184,12,0
2023,E0,Everton,38,0.637,0.8052,0.8612,0.9069,1.263,-0.289,13,0
2023,E0,Fulham,38,0.8838,0.9755,0.9531,1.0445,1.237,-0.158,14,0
2023,E0,Wolves,38,0.806,1.0352,0.8552,1.1293,1.211,-0.395,15,0
2023,E0,Brentford,38,0.9029,1.0405,0.9186,0.9947,1.026,-0.237,16,0
2023,E0,Nott'm Forest,38,0.7911,1.0663,0.7866,0.9034,0.947,-0.474,17,0
2023,E0,Luton,38,0.8527,1.3571,0.7622,1.2241,0.684,-0.868,18,0
2023,E0,Burnley,38,0.6679,1.2334,0.7707,1.2985,0.632,-0.974,19,0
2023,E0,Sheffield United,38,0.5827,1.6373,0.7045,1.415,0.421,-1.816,20,0
2024,E0,Liverpool,38,1.5265,0.758,1.3258,0.8307,2.211,1.184,1,0
2024,E0,Arsenal,38,1.2159,0.6182,1.0716,0.6975,1.947,0.921,2,0
2024,E0,Man City,38,1.281,0.8028,1.2418,0.7742,1.868,0.737,3,0
2024,E0,Chelsea,38,1.1372,0.7786,1.2571,0.9216,1.816,0.553,4,0
2024,E0,Aston Villa,38,1.0381,0.9186,0.9805,0.9255,1.737,0.184,5,0
2024,E0,Newcastle,38,1.2131,0.8544,1.0055,0.9615,1.737,0.553,6,0
2024,E0,Nott'm Forest,38,1.0333,0.8283,0.9621,1.0171,1.711,0.316,7,0
2024,E0,Brighton,38,1.1909,1.0713,1.0983,0.8673,1.605,0.184,8,0
2024,E0,Brentford,38,1.1886,1.0349,1.0777,1.2152,1.474,0.237,9,0
2024,E0,Bournemouth,38,1.0333,0.8283,1.1707,1.0167,1.474,0.316,10,0
2024,E0,Fulham,38,0.9691,0.9691,0.9985,0.938,1.421,0.0,11,0
2024,E0,Crystal Palace,38,0.9126,0.9126,1.0714,0.9009,1.395,0.0,12,0
2024,E0,Everton,38,0.7464,0.7805,0.8328,0.9758,1.263,-0.053,13,0
2024,E0,West Ham,38,0.8315,1.1047,0.8487,1.0743,1.132,-0.421,14,0
2024,E0,Wolves,38,0.9831,1.2392,0.9267,1.0037,1.105,-0.395,15,0
2024,E0,Man United,38,0.7893,0.96,1.0012,0.8802,1.105,-0.263,16,0
2024,E0,Tottenham,38,1.1614,1.1784,1.0759,1.0814,1.0,-0.026,17,0
2024,E0,Leicester,38,0.6062,1.4089,0.6506,1.2282,0.658,-1.237,18,0
2024,E0,Ipswich,38,0.6628,1.4483,0.7446,1.2342,0.579,-1.211,19,0
2024,E0,Southampton,38,0.4801,1.5047,0.6586,1.4562,0.316,-1.579,20,0
2025,E0,Arsenal,38,1.3277,0.5266,1.1441,0.5704,2.237,1.158,1,0
2025,E0,Man City,38,1.4518,0.6871,1.2767,0.8106,2.053,1.105,2,0
2025,E0,Man United,38,1.3207,0.9747,1.3518,0.9036,1.868,0.5,3,0
2025,E0,Aston Villa,38,1.07,0.9426,1.0727,1.0608,1.711,0.184,4,0
2025,E0,Liverpool,38,1.2092,1.0271,1.0988,0.9674,1.579,0.263,5,0
2025,E0,Bournemouth,38,1.114,1.0412,1.1211,1.0255,1.5,0.105,6,0
2025,E0,Sunderland,38,0.8012,0.9104,0.7942,1.0392,1.421,-0.158,7,0
2025,E0,Brighton,38,0.9904,0.8812,1.1033,0.936,1.395,0.158,8,0
2025,E0,Brentford,38,1.0541,0.9995,0.9253,1.015,1.395,0.079,9,0
2025,E0,Chelsea,38,1.1118,1.0025,1.0306,0.9828,1.368,0.158,10,0
2025,E0,Fulham,38,0.8995,0.9723,0.8648,0.9306,1.368,-0.105,11,0
2025,E0,Newcastle,38,1.0187,1.0551,1.1107,1.0629,1.289,-0.053,12,0
2025,E0,Everton,38,0.8986,0.9532,0.9064,1.014,1.289,-0.079,13,0
2025,E0,Leeds,38,0.9426,1.07,0.9506,1.0163,1.237,-0.184,14,0
2025,E0,Crystal Palace,38,0.7844,0.9665,0.8875,1.013,1.184,-0.263,15,0
2025,E0,Nott'm Forest,38,0.9187,0.9733,0.9822,1.018,1.158,-0.079,16,0
2025,E0,Tottenham,38,0.9242,1.0881,0.9418,0.9657,1.079,-0.237,17,0
2025,E0,West Ham,38,0.8928,1.2388,0.9033,1.2141,1.026,-0.5,18,0
2025,E0,Burnley,38,0.7447,1.4184,0.7558,1.3414,0.579,-0.974,19,0
2025,E0,Wolves,38,0.525,1.2715,0.7783,1.1129,0.526,-1.079,20,0
2026,E0,Arsenal,2,0.9037,0.0,0.9324,0.2228,3.0,2.0,1,0
2026,E0,Hull,2,0.6743,0.0,0.6356,0.646,3.0,1.5,2,0
2026,E0,Man City,2,1.4409,1.4227,1.147,0.7302,3.0,2.0,3,0
2026,E0,Chelsea,2,1.6612,1.1295,1.1913,1.3404,3.0,1.0,4,0
2026,E0,Brentford,2,1.7266,1.0671,1.9156,0.7657,2.0,1.5,5,0
2026,E0,Newcastle,2,0.9097,1.0671,0.6093,1.3287,2.0,1.0,6,0
2026,E0,Everton,2,0.7204,0.7114,0.9176,1.3144,2.0,1.0,7,0
2026,E0,Leeds,2,0.9373,0.2742,0.714,0.728,2.0,0.5,8,0
2026,E0,Brighton,2,1.7347,1.4071,1.3472,1.1337,1.5,1.5,9,0
2026,E0,Man United,2,2.096,1.1641,1.6996,1.2069,1.5,0.5,10,0
2026,E0,Sunderland,2,0.4721,0.5815,0.6927,0.3467,1.5,0.0,11,0
2026,E0,Ipswich,2,1.3704,1.5075,1.4089,1.3563,1.5,-1.0,12,0
2026,E0,Liverpool,2,1.8619,1.6573,1.168,1.5332,1.0,0.0,13,0
2026,E0,Nott'm Forest,2,0.6872,1.0671,0.5751,0.8674,0.5,-0.5,14,0
2026,E0,Bournemouth,2,1.4409,0.7114,1.3272,0.9845,0.5,-0.5,15,0
2026,E0,Coventry,2,0.0,1.4246,0.9717,1.3399,0.0,-2.0,16,0
2026,E0,Tottenham,2,0.0,1.2552,1.1133,1.0258,0.0,-2.5,17,0
2026,E0,Crystal Palace,2,0.7204,1.4227,0.7373,1.0602,0.0,-2.5,18,0
2026,E0,Aston Villa,2,0.0,1.0184,0.0,0.887,0.0,-2.5,19,0
2026,E0,Fulham,2,0.6422,1.1112,0.8962,1.1824,0.0,-1.0,20,0
2003,E1,Norwich,46,1.04216,0.8266249999999999,0.9371200000000001,1.4642499999999998,2.043,0.87,1,1
2003,E1,West Brom,46,0.8458399999999999,0.880625,0.76736,0.941375,1.87,0.478,2,1
2003,E1,Sunderland,46,0.8212,0.94225,0.9328799999999999,0.977375,1.717,0.37,3,1
2003,E1,West Ham,46,0.88752,0.94575,0.89432,0.943375,1.609,0.478,4,1
2003,E1,Ipswich,46,1.13568,1.534,0.9828,1.2562499999999999,1.587,0.261,5,1
2003,E1,Crystal Palace,46,0.96504,1.287375,0.7899200000000001,1.2429999999999999,1.587,0.239,6,1
2003,E1,Wigan,46,0.79464,0.941,0.8942399999999999,1.034875,1.543,0.326,7,1
2003,E1,Sheffield United,46,0.8678400000000001,1.175625,0.8219200000000001,1.240625,1.543,0.196,8,1
2003,E1,Reading,46,0.7346400000000001,1.188,0.69408,1.25475,1.522,-0.043,9,1
2003,E1,Millwall,46,0.72992,1.000125,0.67432,1.158375,1.5,0.152,10,1
2003,E1,Stoke,46,0.77368,1.14875,0.7738400000000001,1.401125,1.435,0.065,11,1
2003,E1,Cardiff,46,0.9093600000000001,1.2203749999999998,0.9478400000000001,1.2583749999999998,1.413,0.217,12,1
2003,E1,Coventry,46,0.8932800000000001,1.1352499999999999,1.01088,0.9769999999999999,1.413,0.283,13,1
2003,E1,Nott'm Forest,46,0.8155200000000001,1.214125,0.7222400000000001,1.3337499999999998,1.304,0.065,14,1
2003,E1,Preston,46,0.9316000000000001,1.4957500000000001,1.0026400000000002,1.2391249999999998,1.283,-0.043,15,1
2003,E1,Watford,46,0.7270400000000001,1.4166249999999998,0.7279200000000001,1.211625,1.239,-0.304,16,1
2003,E1,Rotherham,46,0.70992,1.269625,0.63224,1.228,1.174,-0.174,17,1
2003,E1,Crewe,46,0.7664,1.378,0.70872,1.967375,1.152,-0.196,18,1
2003,E1,Burnley,46,0.8134399999999999,1.61175,0.67256,1.208,1.152,-0.37,19,1
2003,E1,Derby,46,0.71304,1.3947499999999997,0.94144,1.152375,1.13,-0.304,20,1
2003,E1,Walsall,46,0.6044,1.34525,0.6014400000000001,1.42875,1.109,-0.435,21,1
2003,E1,Gillingham,46,0.64568,1.3897499999999998,0.74184,1.2988749999999998,1.109,-0.413,22,1
2003,E1,Bradford,46,0.5117600000000001,1.421,0.7160000000000001,1.433125,0.783,-0.674,23,1
2003,E1,Wimbledon,46,0.56032,1.8376249999999998,0.61144,1.3483749999999999,0.63,-1.043,24,1
2004,E1,Wigan,33,1.21496,0.85775,1.1372,0.8883749999999999,2.0,1.091,1,1
2004,E1,Derby,32,0.9931200000000001,1.152,0.9561600000000001,1.329625,1.781,0.375,2,1
2004,E1,Ipswich,31,1.14856,1.3583749999999999,1.24456,1.3659999999999999,1.774,0.484,3,1
2004,E1,West Ham,35,1.0465600000000002,1.249625,0.7716000000000001,0.9681249999999999,1.771,0.429,4,1
2004,E1,Sunderland,33,0.9848000000000001,1.03675,0.9268800000000001,1.07625,1.758,0.545,5,1
2004,E1,Preston,32,1.0395200000000002,1.299375,0.8771200000000001,1.142375,1.656,0.312,6,1
2004,E1,Reading,35,0.7412000000000001,0.896875,0.68264,1.1598749999999998,1.629,0.229,7,1
2004,E1,Millwall,32,0.7231200000000001,0.9239999999999999,0.6124,0.957125,1.5,0.219,8,1
2004,E1,QPR,34,0.7520800000000001,1.159125,0.7116,1.0134999999999998,1.471,0.029,9,1
2004,E1,Wolves,35,1.0914400000000002,1.3692499999999999,0.8637600000000001,1.0852499999999998,1.429,0.314,10,1
2004,E1,Sheffield United,34,0.7819200000000001,1.227625,0.9936,1.1288749999999999,1.412,0.029,11,1
2004,E1,Stoke,32,0.53296,0.7968749999999999,0.6956800000000001,1.179125,1.406,0.031,12,1
2004,E1,Leeds,33,0.5241600000000001,0.9657499999999999,0.74504,1.2737499999999997,1.333,-0.091,13,1
2004,E1,Crewe,30,0.9559200000000001,1.6784999999999999,0.6652800000000001,2.03025,1.233,-0.2,14,1
2004,E1,Burnley,28,0.49920000000000003,0.7983750000000001,0.5564,1.01,1.214,-0.036,15,1
2004,E1,Leicester,33,0.7476,1.196375,0.9316800000000001,1.2725,1.212,0.0,16,1
2004,E1,Brighton,32,0.67848,1.461,0.5876,1.3368749999999998,1.156,-0.406,17,1
2004,E1,Plymouth,34,0.7372000000000001,1.5562500000000001,0.8398400000000001,0.9757499999999999,1.147,-0.412,18,1
2004,E1,Watford,33,0.7887200000000001,1.2898749999999999,0.74232,1.4226249999999998,1.091,-0.152,19,1
2004,E1,Cardiff,32,0.656,1.242875,0.8076000000000001,1.031375,1.062,-0.219,20,1
2004,E1,Gillingham,33,0.6724000000000001,1.5991250000000001,0.6816,1.601875,1.0,-0.545,21,1
2004,E1,Coventry,34,0.8300000000000001,1.811625,0.7466400000000001,1.5215,0.882,-0.559,22,1
2004,E1,Nott'm Forest,33,0.61056,1.589,0.80192,1.6161249999999998,0.818,-0.697,23,1
2004,E1,Rotherham,31,0.44944,1.4835,0.6208,1.61275,0.645,-0.839,24,1
2005,E1,Reading,46,1.3936000000000002,0.7402499999999999,0.88368,1.17025,2.304,1.457,1,1
2005,E1,Sheffield United,46,1.08112,1.04575,0.83704,1.1364999999999998,1.957,0.652,2,1
2005,E1,Watford,46,1.10144,1.206125,0.9816000000000001,1.0785,1.761,0.522,3,1
2005,E1,Preston,46,0.82864,0.672625,0.8008800000000001,1.0065,1.739,0.63,4,1
2005,E1,Leeds,46,0.8054399999999999,0.8508749999999999,0.7452000000000001,1.1104999999999998,1.696,0.413,5,1
2005,E1,Crystal Palace,46,0.9543200000000001,1.0836249999999998,0.8735200000000001,1.051625,1.63,0.413,6,1
2005,E1,Wolves,46,0.7085600000000001,0.9354999999999999,0.8284800000000001,1.064375,1.457,0.174,7,1
2005,E1,Coventry,46,0.8948800000000001,1.4626249999999998,0.8023199999999999,1.645375,1.37,-0.065,8,1
2005,E1,Norwich,46,0.80808,1.455625,0.8043200000000001,1.3644999999999998,1.348,-0.196,9,1
2005,E1,Luton,46,0.9542400000000001,1.5125,0.9140800000000001,1.100125,1.326,-0.022,10,1
2005,E1,Cardiff,46,0.83304,1.3231249999999999,0.7727200000000001,1.16825,1.304,-0.022,11,1
2005,E1,Southampton,46,0.69864,1.113125,0.8687200000000002,1.3231249999999999,1.261,-0.022,12,1
2005,E1,Stoke,46,0.7779200000000001,1.408625,0.7730400000000001,1.1784999999999999,1.261,-0.196,13,1
2005,E1,Ipswich,46,0.7652800000000001,1.4746249999999999,0.7984,1.6245,1.217,-0.283,14,1
2005,E1,Plymouth,46,0.55424,1.016125,0.714,1.1644999999999999,1.217,-0.152,15,1
2005,E1,Burnley,46,0.6578400000000001,1.1995,0.67232,1.1974999999999998,1.174,-0.174,16,1
2005,E1,Leicester,46,0.7323200000000001,1.315875,0.9396000000000001,1.08625,1.174,-0.174,17,1
2005,E1,Hull,46,0.7013600000000001,1.2246249999999999,0.84328,1.57225,1.13,-0.13,18,1
2005,E1,Sheffield Weds,46,0.5568,1.1488749999999999,0.7065600000000001,1.1285,1.13,-0.283,19,1
2005,E1,QPR,46,0.72128,1.448875,0.6464000000000001,1.059,1.087,-0.326,20,1
2005,E1,Derby,46,0.76592,1.4969999999999999,0.9673600000000001,1.42825,1.087,-0.304,21,1
2005,E1,Crewe,46,0.8364000000000001,1.9289999999999998,0.7512800000000001,1.844625,0.913,-0.63,22,1
2005,E1,Millwall,46,0.50344,1.365875,0.6231200000000001,1.1841249999999999,0.87,-0.587,23,1
2005,E1,Brighton,46,0.5650400000000001,1.56925,0.6520800000000001,1.3127499999999999,0.826,-0.696,24,1
2006,E1,Sunderland,46,1.0056,0.9914999999999999,1.04648,0.976375,1.913,0.63,1,1
2006,E1,Birmingham,46,0.8831200000000001,0.8801249999999999,0.7532800000000001,1.1492499999999999,1.87,0.543,2,1
2006,E1,Derby,46,0.81952,0.960625,0.85536,1.155625,1.826,0.348,3,1
2006,E1,Wolves,46,0.78544,1.16725,0.8194400000000001,1.3034999999999999,1.652,0.065,4,1
2006,E1,West Brom,46,1.07824,1.165,1.0658400000000001,1.0855,1.652,0.565,5,1
2006,E1,Southampton,46,1.02336,1.1192499999999999,1.0887200000000001,1.03775,1.63,0.522,6,1
2006,E1,Preston,46,0.85032,1.108625,0.75704,1.41025,1.609,0.239,7,1
2006,E1,Stoke,46,0.81656,0.8561249999999999,0.6755200000000001,1.125125,1.587,0.457,8,1
2006,E1,Sheffield Weds,46,0.93904,1.3872499999999999,0.6657600000000001,1.1004999999999998,1.543,0.087,9,1
2006,E1,Colchester,46,0.9321600000000001,1.176625,0.6832,1.3179999999999998,1.5,0.304,10,1
2006,E1,Plymouth,46,0.84248,1.2963749999999998,0.94704,1.12725,1.457,0.022,11,1
2006,E1,Crystal Palace,46,0.78264,1.0628749999999998,0.64624,1.195375,1.413,0.174,12,1
2006,E1,Cardiff,46,0.75712,1.103125,0.73584,1.1915,1.391,0.087,13,1
2006,E1,Ipswich,46,0.854,1.234375,0.86832,1.175875,1.348,0.109,14,1
2006,E1,Burnley,46,0.68864,1.0159999999999998,0.8096800000000001,1.176875,1.239,0.065,15,1
2006,E1,Norwich,46,0.7536,1.4773749999999999,0.76968,1.416,1.239,-0.326,16,1
2006,E1,Coventry,46,0.62816,1.2813749999999997,0.7412000000000001,1.3993749999999998,1.217,-0.326,17,1
2006,E1,QPR,46,0.72504,1.41275,0.66864,1.225625,1.152,-0.304,18,1
2006,E1,Leicester,46,0.6559200000000001,1.32475,0.7904,1.1515,1.152,-0.326,19,1
2006,E1,Barnsley,46,0.72056,1.7655,0.8380000000000001,1.726875,1.087,-0.696,20,1
2006,E1,Hull,46,0.68424,1.3889999999999998,0.77056,1.333875,1.065,-0.348,21,1
2006,E1,Leeds,46,0.61928,1.487375,0.67616,1.2838749999999999,1.0,-0.565,22,1
2006,E1,Southend,46,0.63648,1.6541249999999998,0.85968,1.612375,0.913,-0.717,23,1
2006,E1,Luton,46,0.7184,1.68225,0.66776,1.3217499999999998,0.87,-0.609,24,1
2007,E1,West Brom,46,1.21032,1.2105,1.17936,1.0387499999999998,1.761,0.717,1,1
2007,E1,Stoke,46,0.9484,1.193125,0.7048800000000001,1.4294999999999998,1.717,0.304,2,1
2007,E1,Hull,46,0.8880000000000001,1.0162499999999999,0.8772000000000001,1.074875,1.63,0.391,3,1
2007,E1,Bristol City,46,0.7408000000000001,1.1368749999999999,0.8538399999999999,1.6345,1.609,0.022,4,1
2007,E1,Crystal Palace,46,0.7892800000000001,0.90325,0.6901600000000001,1.0783749999999999,1.543,0.348,5,1
2007,E1,Wolves,46,0.7243200000000001,1.028625,0.77616,1.19425,1.522,0.109,6,1
2007,E1,Watford,46,0.8526400000000001,1.2085,0.65984,0.9569999999999999,1.522,0.13,7,1
2007,E1,Ipswich,46,0.894,1.21125,0.9843999999999999,0.979,1.5,0.196,8,1
2007,E1,Sheffield United,46,0.76712,1.0955,0.74952,1.3559999999999999,1.435,0.109,9,1
2007,E1,Cardiff,46,0.8107200000000001,1.18425,0.9506399999999999,1.161875,1.391,0.087,10,1
2007,E1,Plymouth,46,0.82136,1.07725,0.7952,1.21475,1.391,0.217,11,1
2007,E1,Charlton,46,0.8677600000000001,1.2527499999999998,0.93248,1.267625,1.391,0.109,12,1
2007,E1,Burnley,46,0.8319200000000001,1.4442499999999998,0.7555200000000001,1.34675,1.348,-0.152,13,1
2007,E1,QPR,46,0.83136,1.4226249999999998,0.68184,1.245625,1.261,-0.13,14,1
2007,E1,Preston,46,0.68736,1.19775,0.7236,1.3108749999999998,1.217,-0.13,15,1
2007,E1,Barnsley,46,0.7197600000000001,1.392625,0.74816,1.42325,1.196,-0.283,16,1
2007,E1,Sheffield Weds,46,0.74192,1.1798749999999998,0.7377600000000001,1.2590000000000001,1.196,-0.022,17,1
2007,E1,Norwich,46,0.67512,1.261,0.75664,1.390125,1.196,-0.217,18,1
2007,E1,Southampton,46,0.77928,1.5476249999999998,0.7754400000000001,1.170125,1.174,-0.348,19,1
2007,E1,Blackpool,46,0.8162400000000001,1.378375,0.8752000000000001,1.4137499999999998,1.174,-0.109,20,1
2007,E1,Coventry,46,0.7192000000000001,1.3712499999999999,0.9241600000000001,1.3932499999999999,1.152,-0.261,21,1
2007,E1,Leicester,46,0.5725600000000001,0.9564999999999999,0.7790400000000001,1.0739999999999998,1.13,-0.065,22,1
2007,E1,Scunthorpe,46,0.63848,1.4718749999999998,0.6994400000000001,1.333125,1.0,-0.5,23,1
2007,E1,Colchester,46,0.8723200000000001,1.857875,0.5894400000000001,1.2537499999999997,0.826,-0.522,24,1
2008,E1,Wolves,46,1.13504,1.177125,0.88128,1.1199999999999999,1.957,0.609,1,1
2008,E1,Birmingham,46,0.7568,0.820375,0.68504,1.187625,1.804,0.37,2,1
2008,E1,Sheffield United,46,0.8984800000000001,0.871375,0.8807200000000001,1.20025,1.739,0.543,3,1
2008,E1,Reading,46,1.01176,0.899375,0.68608,1.1035,1.674,0.696,4,1
2008,E1,Burnley,46,1.02768,1.35025,0.8795999999999999,1.162375,1.652,0.261,5,1
2008,E1,Preston,46,0.93744,1.209125,0.78088,1.50875,1.609,0.261,6,1
2008,E1,Cardiff,46,0.9224800000000001,1.1857499999999999,0.8302400000000001,1.01325,1.609,0.261,7,1
2008,E1,Swansea,46,0.892,1.1168749999999998,0.94072,1.104625,1.478,0.283,8,1
2008,E1,Ipswich,46,0.8798400000000002,1.183,1.01584,1.280625,1.435,0.196,9,1
2008,E1,QPR,46,0.5916,0.9669999999999999,0.6724800000000001,1.1635,1.326,-0.043,10,1
2008,E1,Sheffield Weds,46,0.7262400000000001,1.2838749999999999,0.7626400000000001,1.169125,1.326,-0.152,11,1
2008,E1,Bristol City,46,0.7667200000000001,1.198,1.0028000000000001,1.6841249999999999,1.326,0.0,12,1
2008,E1,Doncaster,46,0.5956800000000001,1.165,0.68728,1.0287499999999998,1.261,-0.239,13,1
2008,E1,Watford,46,0.97968,1.6159999999999999,0.68056,1.2527499999999998,1.261,-0.087,14,1
2008,E1,Crystal Palace,46,0.7388,1.218375,0.64056,1.0775,1.239,-0.065,15,1
2008,E1,Blackpool,46,0.6692,1.28,0.77616,1.44725,1.217,-0.239,16,1
2008,E1,Coventry,46,0.6692,1.28,0.8047200000000001,1.5999999999999999,1.174,-0.239,17,1
2008,E1,Derby,46,0.78888,1.4881249999999997,0.8959199999999999,1.206,1.174,-0.261,18,1
2008,E1,Nott'm Forest,46,0.71584,1.438,0.71664,1.12875,1.152,-0.326,19,1
2008,E1,Barnsley,46,0.64072,1.2779999999999998,0.80152,1.2703749999999998,1.13,-0.283,20,1
2008,E1,Plymouth,46,0.62592,1.255,0.6255200000000001,1.3516249999999999,1.109,-0.283,21,1
2008,E1,Norwich,46,0.81952,1.557375,0.7912,1.2226249999999999,1.0,-0.283,22,1
2008,E1,Southampton,46,0.66056,1.522,0.9552,1.271625,0.978,-0.5,23,1
2008,E1,Charlton,46,0.7498400000000001,1.640125,0.8064,1.444875,0.848,-0.478,24,1
2009,E1,Newcastle,46,1.19272,0.753375,0.89864,1.269625,2.217,1.196,1,1
2009,E1,West Brom,46,1.19088,1.033,1.0174400000000001,1.0215,1.978,0.891,2,1
2009,E1,Nott'm Forest,46,0.86416,0.8454999999999999,0.7356,1.014875,1.717,0.543,3,1
2009,E1,Cardiff,46,0.98072,1.14875,0.7844000000000001,1.225625,1.652,0.413,4,1
2009,E1,Leicester,46,0.8138400000000001,0.9486249999999999,0.7912,1.15825,1.652,0.348,5,1
2009,E1,Blackpool,46,0.99712,1.2349999999999999,0.9588800000000002,1.33775,1.522,0.348,6,1
2009,E1,Swansea,46,0.5304000000000001,0.7681250000000001,0.76776,0.8178749999999999,1.5,0.065,7,1
2009,E1,Sheffield United,46,0.8332800000000001,1.160625,0.75352,1.151375,1.413,0.152,8,1
2009,E1,Reading,46,0.91952,1.33575,0.7683200000000001,1.1657499999999998,1.37,0.109,9,1
2009,E1,Bristol City,46,0.758,1.3661249999999998,0.92136,1.526375,1.37,-0.196,10,1
2009,E1,Middlesbrough,46,0.77656,1.051875,0.8092000000000001,1.182,1.348,0.174,11,1
2009,E1,Doncaster,46,0.79464,1.2213749999999999,0.83288,1.101875,1.304,0.022,12,1
2009,E1,Crystal Palace,46,0.6708000000000001,1.108625,0.6796000000000001,1.0792499999999998,1.283,-0.065,13,1
2009,E1,QPR,46,0.78512,1.368125,0.79976,1.2583749999999998,1.239,-0.152,14,1
2009,E1,Ipswich,46,0.6747200000000001,1.2762499999999999,1.05968,1.3131249999999999,1.217,-0.239,15,1
2009,E1,Derby,46,0.7163200000000001,1.3211249999999999,0.6821600000000001,1.1873749999999998,1.217,-0.217,16,1
2009,E1,Barnsley,46,0.7194400000000001,1.4471249999999998,0.6916000000000001,1.2195,1.174,-0.348,17,1
2009,E1,Watford,46,0.82768,1.4346249999999998,0.7305600000000001,1.1588749999999999,1.174,-0.152,18,1
2009,E1,Coventry,46,0.6355200000000001,1.33625,0.7328800000000001,1.4747499999999998,1.174,-0.37,19,1
2009,E1,Preston,46,0.78984,1.536875,0.80464,1.6389999999999998,1.174,-0.326,20,1
2009,E1,Scunthorpe,46,0.8513600000000001,1.7743749999999998,0.80488,1.648,1.13,-0.478,21,1
2009,E1,Sheffield Weds,46,0.6650400000000001,1.4428750000000001,0.76592,1.292125,1.022,-0.435,22,1
2009,E1,Plymouth,46,0.58304,1.41575,0.62024,1.264125,0.891,-0.543,23,1
2009,E1,Peterboro,46,0.62936,1.66975,0.7888000000000001,1.4927499999999998,0.739,-0.739,24,1
2010,E1,QPR,46,0.8844799999999999,0.6389999999999999,0.79752,1.1586249999999998,1.913,0.848,1,1
2010,E1,Norwich,46,1.0529600000000001,1.169,0.95392,1.3111249999999999,1.826,0.543,2,1
2010,E1,Swansea,46,0.8654400000000001,0.8378749999999999,0.90632,1.0094999999999998,1.739,0.587,3,1
2010,E1,Cardiff,46,0.96128,1.0828749999999998,0.9236800000000001,1.2814999999999999,1.739,0.478,4,1
2010,E1,Reading,46,0.9719200000000001,1.023375,0.8396800000000001,1.2069999999999999,1.674,0.565,5,1
2010,E1,Nott'm Forest,46,0.8701599999999999,0.99775,0.73968,1.0594999999999999,1.63,0.413,6,1
2010,E1,Leeds,46,1.03624,1.409625,0.9736000000000001,1.289625,1.565,0.239,7,1
2010,E1,Burnley,46,0.82592,1.21425,0.8196,1.2193749999999999,1.478,0.087,8,1
2010,E1,Millwall,46,0.7807200000000001,0.9531249999999999,0.7784,1.2074999999999998,1.457,0.304,9,1
2010,E1,Leicester,46,0.9728,1.4247499999999997,0.84712,0.965125,1.457,0.109,10,1
2010,E1,Hull,46,0.656,1.0058749999999999,0.7222400000000001,1.176625,1.413,0.022,11,1
2010,E1,Ipswich,46,0.79152,1.351125,0.88368,1.3107499999999999,1.348,-0.13,12,1
2010,E1,Middlesbrough,46,0.86832,1.35675,0.8266400000000002,1.261,1.348,0.0,13,1
2010,E1,Watford,46,0.9856,1.42575,0.76736,1.229625,1.326,0.13,14,1
2010,E1,Bristol City,46,0.7899200000000001,1.2913749999999997,0.7618400000000001,1.4613749999999999,1.304,-0.065,15,1
2010,E1,Portsmouth,46,0.67272,1.1844999999999999,0.5863200000000001,1.077875,1.261,-0.152,16,1
2010,E1,Barnsley,46,0.70104,1.305,0.7449600000000001,1.2645,1.217,-0.239,17,1
2010,E1,Coventry,46,0.6844800000000001,1.1457499999999998,0.94664,1.5359999999999998,1.196,-0.087,18,1
2010,E1,Derby,46,0.74192,1.4068749999999999,0.7217600000000001,1.272,1.065,-0.283,19,1
2010,E1,Crystal Palace,46,0.56184,1.3541249999999998,0.6178400000000001,1.197125,1.043,-0.543,20,1
2010,E1,Doncaster,46,0.7084,1.602125,0.722,1.2811249999999998,1.043,-0.565,21,1
2010,E1,Preston,46,0.6945600000000001,1.5615,0.79656,1.4413749999999999,0.913,-0.543,22,1
2010,E1,Scunthorpe,46,0.55592,1.7067499999999998,0.76328,1.516125,0.913,-0.957,23,1
2010,E1,Sheffield United,46,0.56568,1.550625,0.7595200000000001,1.2654999999999998,0.913,-0.761,24,1
2011,E1,Reading,46,0.9218400000000001,0.872875,0.7212000000000001,1.1949999999999998,1.935,0.609,1,1
2011,E1,Southampton,46,1.1402400000000001,0.99125,0.88464,0.99125,1.913,0.848,2,1
2011,E1,West Ham,46,1.0880800000000002,1.031375,0.9032,1.297625,1.87,0.717,3,1
2011,E1,Birmingham,46,1.0500800000000001,1.0935,0.79568,0.9295,1.652,0.587,4,1
2011,E1,Blackpool,46,1.06992,1.2663749999999998,0.89656,1.378125,1.63,0.435,5,1
2011,E1,Cardiff,46,0.8895200000000001,1.126375,0.8589600000000002,1.242125,1.63,0.283,6,1
2011,E1,Middlesbrough,46,0.69952,1.0727499999999999,0.9189600000000001,1.12675,1.522,0.022,7,1
2011,E1,Hull,46,0.6289600000000001,0.922,0.8803200000000001,1.14825,1.478,0.065,8,1
2011,E1,Leicester,46,0.89088,1.169,0.7992,1.1668749999999999,1.435,0.239,9,1
2011,E1,Brighton,46,0.70008,1.093875,0.63232,1.1517499999999998,1.435,0.0,10,1
2011,E1,Watford,46,0.76064,1.350625,0.7741600000000001,1.1368749999999999,1.391,-0.174,11,1
2011,E1,Derby,46,0.676,1.2185,0.82928,1.4776249999999997,1.391,-0.174,12,1
2011,E1,Burnley,46,0.8250400000000001,1.228375,0.9087999999999999,1.2836249999999998,1.348,0.065,13,1
2011,E1,Leeds,46,0.88584,1.444875,0.8782400000000001,1.27675,1.326,-0.065,14,1
2011,E1,Ipswich,46,0.94688,1.641625,0.95608,1.334875,1.326,-0.174,15,1
2011,E1,Millwall,46,0.7432000000000001,1.2017499999999999,0.7585600000000001,1.1169999999999998,1.239,-0.043,16,1
2011,E1,Crystal Palace,46,0.61872,1.068125,0.66056,1.327625,1.217,-0.109,17,1
2011,E1,Peterboro,46,0.9193600000000001,1.6391249999999997,0.9510400000000001,1.6404999999999998,1.087,-0.217,18,1
2011,E1,Portsmouth,46,0.67656,1.2395,0.676,1.2062499999999998,1.087,-0.196,19,1
2011,E1,Nott'm Forest,46,0.65136,1.3217499999999998,0.7627200000000001,0.9326249999999999,1.087,-0.326,20,1
2011,E1,Bristol City,46,0.5992000000000001,1.4226249999999998,0.8464,1.3316249999999998,1.065,-0.522,21,1
2011,E1,Barnsley,46,0.67032,1.554125,0.67544,1.4418749999999998,1.043,-0.543,22,1
2011,E1,Coventry,46,0.5570400000000001,1.35675,0.68864,1.480625,0.87,-0.522,23,1
2011,E1,Doncaster,46,0.59072,1.672875,0.54296,1.3847499999999997,0.783,-0.804,24,1
2012,E1,Cardiff,46,0.91472,0.9095,0.93904,1.3696249999999999,1.891,0.587,1,1
2012,E1,Hull,46,0.77856,1.04325,0.87296,1.043,1.717,0.196,2,1
2012,E1,Watford,46,1.09016,1.183625,0.86632,1.2326249999999999,1.674,0.587,3,1
2012,E1,Brighton,46,0.8753600000000001,0.86725,0.78496,1.09625,1.63,0.565,4,1
2012,E1,Crystal Palace,46,0.9385600000000001,1.25475,0.7772000000000001,1.153875,1.565,0.239,5,1
2012,E1,Bolton,46,0.8864000000000001,1.2309999999999999,0.98184,1.343375,1.478,0.174,6,1
2012,E1,Leicester,46,0.90392,0.9696249999999998,1.00376,1.0799999999999998,1.478,0.5,7,1
2012,E1,Nott'm Forest,46,0.80808,1.185625,0.8090400000000001,1.073375,1.457,0.087,8,1
2012,E1,Charlton,46,0.8337600000000001,1.18725,0.7887200000000001,1.4602499999999998,1.413,0.13,9,1
2012,E1,Birmingham,46,0.8137600000000001,1.3869999999999998,0.6974400000000001,1.18275,1.326,-0.13,10,1
2012,E1,Derby,46,0.83552,1.24775,0.9193600000000001,1.241125,1.326,0.065,11,1
2012,E1,Burnley,46,0.79576,1.204875,0.8517600000000001,1.26575,1.326,0.043,12,1
2012,E1,Leeds,46,0.7345600000000001,1.321,0.7074400000000001,1.3379999999999999,1.326,-0.196,13,1
2012,E1,Ipswich,46,0.61624,1.213125,0.7578400000000001,1.2398749999999998,1.304,-0.283,14,1
2012,E1,Middlesbrough,46,0.7884000000000001,1.405125,0.7819200000000001,1.212375,1.283,-0.196,15,1
2012,E1,Blackpool,46,0.79744,1.26525,0.85056,1.119625,1.283,-0.022,16,1
2012,E1,Blackburn,46,0.70672,1.2389999999999999,0.7982400000000001,1.3542499999999997,1.261,-0.152,17,1
2012,E1,Huddersfield,46,0.6862400000000001,1.45725,0.6040000000000001,1.162375,1.261,-0.435,18,1
2012,E1,Sheffield Weds,46,0.68056,1.2173749999999999,0.77216,1.19725,1.261,-0.174,19,1
2012,E1,Millwall,46,0.6552800000000001,1.235625,0.68232,1.201125,1.217,-0.239,20,1
2012,E1,Barnsley,46,0.72368,1.40025,0.79376,1.4169999999999998,1.196,-0.304,21,1
2012,E1,Peterboro,46,0.85616,1.5110000000000001,0.8320000000000001,1.55125,1.174,-0.196,22,1
2012,E1,Wolves,46,0.7102400000000001,1.3792499999999999,0.6498400000000001,1.2712499999999998,1.109,-0.304,23,1
2012,E1,Bristol City,46,0.7700800000000001,1.6844999999999999,0.6776,1.393625,0.891,-0.543,24,1
2013,E1,Leicester,46,1.0993600000000001,0.915125,0.99072,1.0438749999999999,2.217,0.87,1,1
2013,E1,Burnley,46,0.9492800000000001,0.781,0.8776,1.0311249999999998,2.022,0.761,2,1
2013,E1,Derby,46,1.1199999999999999,1.1079999999999999,0.9193600000000001,1.078125,1.848,0.696,3,1
2013,E1,QPR,46,0.79488,0.9209999999999999,0.82272,1.085125,1.739,0.348,4,1
2013,E1,Wigan,46,0.81048,1.0054999999999998,0.82456,1.14875,1.587,0.283,5,1
2013,E1,Brighton,46,0.72648,0.834125,0.71048,1.110125,1.565,0.326,6,1
2013,E1,Reading,46,0.9356800000000001,1.181125,0.7284,1.5026249999999999,1.543,0.304,7,1
2013,E1,Blackburn,46,0.9398400000000001,1.3079999999999998,0.9432800000000001,1.1945,1.522,0.174,8,1
2013,E1,Ipswich,46,0.80064,1.130625,0.8168799999999999,1.021375,1.478,0.13,9,1
2013,E1,Bournemouth,46,0.90216,1.3894999999999997,0.908,1.2303749999999998,1.435,0.022,10,1
2013,E1,Nott'm Forest,46,0.9007999999999999,1.34725,0.86176,1.1764999999999999,1.413,0.065,11,1
2013,E1,Middlesbrough,46,0.8249599999999999,1.04825,0.87608,1.11375,1.391,0.261,12,1
2013,E1,Watford,46,0.99512,1.3542499999999997,0.8752800000000001,1.3555,1.304,0.217,13,1
2013,E1,Bolton,46,0.79072,1.2554999999999998,0.8856,1.292625,1.283,-0.022,14,1
2013,E1,Leeds,46,0.7948000000000001,1.4023749999999997,0.7320800000000001,1.16825,1.239,-0.174,15,1
2013,E1,Sheffield Weds,46,0.8475199999999999,1.364375,0.78984,1.2098749999999998,1.152,-0.043,16,1
2013,E1,Huddersfield,46,0.78016,1.3593749999999998,0.8164,1.28775,1.152,-0.152,17,1
2013,E1,Charlton,46,0.5496000000000001,1.26,0.6532,1.2574999999999998,1.109,-0.435,18,1
2013,E1,Millwall,46,0.62256,1.5345,0.7363200000000001,1.332625,1.043,-0.609,19,1
2013,E1,Blackpool,46,0.51112,1.3605,0.57808,1.1522499999999998,1.0,-0.609,20,1
2013,E1,Doncaster,46,0.52616,1.444,0.6136,1.49325,0.957,-0.674,21,1
2013,E1,Birmingham,46,0.7852800000000001,1.5479999999999998,0.7981600000000001,1.5082499999999999,0.957,-0.348,22,1
2013,E1,Barnsley,46,0.59672,1.5945,0.69576,1.50625,0.848,-0.717,23,1
2013,E1,Yeovil,46,0.59584,1.553,0.7458400000000001,1.699875,0.804,-0.674,24,1
2014,E1,Bournemouth,46,1.26432,0.9406249999999999,1.05912,0.9667499999999999,1.957,1.152,1,1
2014,E1,Watford,46,1.17808,1.040125,0.9996,1.2889999999999997,1.935,0.891,2,1
2014,E1,Norwich,46,1.13752,0.99625,0.9530400000000001,0.961125,1.87,0.87,3,1
2014,E1,Middlesbrough,46,0.87176,0.756875,0.8384,0.930375,1.848,0.674,4,1
2014,E1,Brentford,46,1.0159200000000002,1.216375,1.05736,1.349625,1.696,0.413,5,1
2014,E1,Ipswich,46,0.93424,1.1083749999999999,0.89792,1.0827499999999999,1.696,0.391,6,1
2014,E1,Wolves,46,0.9096000000000001,1.147875,0.7844800000000001,1.255375,1.696,0.304,7,1
2014,E1,Derby,46,1.10496,1.16025,0.8507199999999999,1.2165,1.674,0.63,8,1
2014,E1,Blackburn,46,0.8593600000000001,1.206,0.8628800000000001,1.360125,1.457,0.152,9,1
2014,E1,Birmingham,46,0.7053600000000001,1.297375,0.8139200000000001,1.455625,1.37,-0.217,10,1
2014,E1,Cardiff,46,0.7429600000000001,1.2389999999999999,0.68232,1.1255,1.348,-0.087,11,1
2014,E1,Charlton,46,0.70336,1.216125,0.66784,1.3519999999999999,1.304,-0.13,12,1
2014,E1,Sheffield Weds,46,0.5556,0.98525,0.6544,1.1115,1.304,-0.13,13,1
2014,E1,Nott'm Forest,46,0.9312,1.416,0.8444000000000002,1.271875,1.283,0.043,14,1
2014,E1,Leeds,46,0.6516000000000001,1.232875,0.62776,1.3367499999999999,1.217,-0.239,15,1
2014,E1,Huddersfield,46,0.7636000000000001,1.5251249999999998,0.9412000000000001,1.322375,1.196,-0.37,16,1
2014,E1,Fulham,46,0.8211200000000001,1.693125,0.77176,1.5202499999999999,1.13,-0.457,17,1
2014,E1,Bolton,46,0.7068,1.35825,0.77528,1.502,1.109,-0.283,18,1
2014,E1,Reading,46,0.62904,1.392875,0.73304,1.258125,1.087,-0.457,19,1
2014,E1,Rotherham,46,0.60192,1.350625,0.7488000000000001,1.253,1.065,-0.457,20,1
2014,E1,Brighton,46,0.57048,1.0867499999999999,0.72912,1.1036249999999999,1.022,-0.217,21,1
2014,E1,Millwall,46,0.5530400000000001,1.5279999999999998,0.67936,1.3343749999999999,0.891,-0.739,22,1
2014,E1,Wigan,46,0.50912,1.2837499999999997,0.61168,1.1396249999999999,0.848,-0.543,23,1
2014,E1,Blackpool,46,0.47896000000000005,1.8223749999999999,0.61544,1.501375,0.565,-1.196,24,1
2015,E1,Burnley,46,1.0185600000000001,0.7953749999999999,0.75032,1.1786249999999998,2.022,0.804,1,1
2015,E1,Brighton,46,1.02416,0.9546250000000001,0.8489599999999999,1.112625,1.935,0.652,2,1
2015,E1,Middlesbrough,46,0.8883200000000001,0.699375,0.9043200000000001,1.0102499999999999,1.935,0.696,3,1
2015,E1,Hull,46,0.9760800000000001,0.7935,0.9492000000000002,0.9796249999999999,1.804,0.739,4,1
2015,E1,Derby,46,0.93936,0.9728749999999999,0.85864,1.014375,1.696,0.5,5,1
2015,E1,Sheffield Weds,46,0.9408799999999999,1.0182499999999999,0.8140000000000001,1.057875,1.609,0.457,6,1
2015,E1,Ipswich,46,0.7588,1.142625,0.79776,1.227625,1.5,0.043,7,1
2015,E1,Cardiff,46,0.80184,1.1452499999999999,0.8402400000000001,1.243625,1.478,0.109,8,1
2015,E1,Brentford,46,1.04464,1.524625,0.9290400000000001,1.5207499999999998,1.413,0.109,9,1
2015,E1,Birmingham,46,0.7576,1.09775,0.7755200000000001,1.337625,1.37,0.087,10,1
2015,E1,Preston,46,0.64112,1.00175,0.7344,1.04675,1.348,0.0,11,1
2015,E1,QPR,46,0.7749600000000001,1.210875,0.82576,1.176875,1.304,0.0,12,1
2015,E1,Leeds,46,0.71968,1.2966250000000001,0.65808,1.3617499999999998,1.283,-0.174,13,1
2015,E1,Wolves,46,0.7629600000000001,1.29975,0.7036,1.325875,1.261,-0.109,14,1
2015,E1,Nott'm Forest,46,0.6135200000000001,1.0447499999999998,0.83256,1.2695,1.196,-0.087,15,1
2015,E1,Blackburn,46,0.6559200000000001,1.024875,0.77688,1.0755,1.196,0.0,16,1
2015,E1,Bristol City,46,0.7853600000000001,1.593,0.77624,1.2065,1.13,-0.37,17,1
2015,E1,Reading,46,0.74912,1.3211249999999999,0.84152,1.145,1.13,-0.152,18,1
2015,E1,Huddersfield,46,0.8576000000000001,1.57675,0.8051200000000001,1.18875,1.109,-0.239,19,1
2015,E1,Fulham,46,0.9666399999999999,1.7899999999999998,0.8916000000000001,1.544125,1.109,-0.283,20,1
2015,E1,Rotherham,46,0.7708,1.59175,0.7665600000000001,1.4746249999999999,1.065,-0.391,21,1
2015,E1,Charlton,46,0.58552,1.775625,0.7807200000000001,1.5282499999999999,0.87,-0.87,22,1
2015,E1,Milton Keynes Dons,46,0.5659200000000001,1.5298749999999999,0.6343200000000001,1.431625,0.848,-0.652,23,1
2015,E1,Bolton,46,0.6006400000000001,1.79925,0.70472,1.5415,0.652,-0.87,24,1
2016,E1,Newcastle,46,1.1173600000000001,0.84775,1.03176,0.9209999999999999,2.043,0.978,1,1
2016,E1,Brighton,46,0.9725600000000001,0.8409999999999999,0.8287200000000001,1.0085,2.022,0.739,2,1
2016,E1,Reading,46,0.9092800000000001,1.3408749999999998,0.83128,1.529125,1.848,0.087,3,1
2016,E1,Sheffield Weds,46,0.79112,0.9367499999999999,0.8073600000000001,1.13075,1.761,0.326,4,1
2016,E1,Huddersfield,46,0.74528,1.204375,0.84576,1.029,1.761,-0.043,5,1
2016,E1,Fulham,46,1.13136,1.208875,0.9534400000000001,1.2905,1.739,0.609,6,1
2016,E1,Leeds,46,0.80552,0.9791249999999999,0.6332,1.120125,1.63,0.304,7,1
2016,E1,Norwich,46,1.14152,1.4642499999999998,1.00144,1.23475,1.522,0.348,8,1
2016,E1,Derby,46,0.71448,1.0365,0.7878400000000001,1.1749999999999998,1.457,0.087,9,1
2016,E1,Brentford,46,1.00384,1.3688749999999998,0.95712,1.526625,1.391,0.217,10,1
2016,E1,Aston Villa,46,0.6208800000000001,0.99,0.72928,0.990125,1.348,-0.022,11,1
2016,E1,Preston,46,0.85504,1.3159999999999998,0.7803200000000001,1.35625,1.348,0.022,12,1
2016,E1,Cardiff,46,0.80032,1.2705,0.7981600000000001,1.09775,1.348,-0.022,13,1
2016,E1,Wolves,46,0.7185600000000001,1.2026249999999998,0.76624,1.1412499999999999,1.261,-0.087,14,1
2016,E1,Barnsley,46,0.8575200000000001,1.3997499999999998,0.8864000000000001,1.546875,1.261,-0.065,15,1
2016,E1,Ipswich,46,0.6386400000000001,1.1974999999999998,0.68608,1.2525,1.196,-0.217,16,1
2016,E1,Bristol City,46,0.80328,1.374875,0.84952,1.29625,1.174,-0.13,17,1
2016,E1,QPR,46,0.6959200000000001,1.3668749999999998,0.78016,1.34975,1.152,-0.304,18,1
2016,E1,Birmingham,46,0.60128,1.318625,0.7030400000000001,1.2665,1.152,-0.413,19,1
2016,E1,Burton,46,0.65432,1.30175,0.6788000000000001,1.297125,1.13,-0.304,20,1
2016,E1,Nott'm Forest,46,0.8337600000000001,1.5022499999999999,0.8252000000000002,1.3205,1.109,-0.217,21,1
2016,E1,Blackburn,46,0.7088800000000001,1.3471250000000001,0.6546400000000001,1.3341249999999998,1.109,-0.261,22,1
2016,E1,Wigan,46,0.53168,1.170125,0.6286400000000001,1.100625,0.913,-0.37,23,1
2016,E1,Rotherham,46,0.5476800000000001,2.0135,0.7556,1.6848750000000001,0.5,-1.261,24,1
2017,E1,Wolves,46,1.10328,0.845375,0.92464,0.968,2.152,0.935,1,1
2017,E1,Cardiff,46,0.92808,0.8372499999999999,0.96824,0.9975,1.957,0.652,2,1
2017,E1,Fulham,46,1.0684,0.995125,0.8947200000000001,1.1016249999999999,1.913,0.717,3,1
2017,E1,Aston Villa,46,0.9706400000000001,0.9037499999999999,0.8806400000000001,1.202,1.804,0.652,4,1
2017,E1,Middlesbrough,46,0.90512,0.964875,0.75392,1.1199999999999999,1.652,0.478,5,1
2017,E1,Derby,46,0.9478400000000001,1.0315,0.77216,1.0002499999999999,1.63,0.478,6,1
2017,E1,Preston,46,0.7704,0.9791249999999999,0.8231999999999999,0.996375,1.587,0.239,7,1
2017,E1,Millwall,46,0.7563200000000001,0.9569999999999999,0.87304,1.23525,1.565,0.239,8,1
2017,E1,Sheffield United,46,0.84368,1.17525,0.8111200000000001,1.022625,1.5,0.152,9,1
2017,E1,Brentford,46,0.84184,1.111125,1.0328,1.253,1.5,0.217,10,1
2017,E1,Bristol City,46,0.9139200000000001,1.244125,0.80392,1.2238749999999998,1.457,0.196,11,1
2017,E1,Norwich,46,0.6690400000000001,1.27,0.7984800000000001,1.337875,1.304,-0.239,12,1
2017,E1,Leeds,46,0.8082400000000001,1.365,0.7316,1.2526249999999999,1.304,-0.109,13,1
2017,E1,Ipswich,46,0.7784,1.277625,0.66696,1.4351249999999998,1.304,-0.065,14,1
2017,E1,Sheffield Weds,46,0.8058400000000001,1.2795,0.6747200000000001,1.39575,1.239,-0.022,15,1
2017,E1,QPR,46,0.7980800000000001,1.492125,0.89696,1.3112499999999998,1.217,-0.261,16,1
2017,E1,Nott'm Forest,46,0.69896,1.378125,0.83448,1.387625,1.152,-0.304,17,1
2017,E1,Hull,46,0.9636,1.5056249999999998,0.90496,1.2914999999999999,1.065,0.0,18,1
2017,E1,Birmingham,46,0.52168,1.428,0.75112,1.341125,1.0,-0.652,19,1
2017,E1,Reading,46,0.6601600000000001,1.481,0.6461600000000001,1.4735,0.957,-0.478,20,1
2017,E1,Bolton,46,0.53784,1.555375,0.6298400000000001,1.518875,0.935,-0.761,21,1
2017,E1,Barnsley,46,0.6612,1.5233749999999997,0.8541600000000001,1.3216249999999998,0.891,-0.522,22,1
2017,E1,Burton,46,0.52672,1.7014999999999998,0.5488000000000001,1.373,0.891,-0.935,23,1
2017,E1,Sunderland,46,0.72072,1.6981249999999999,0.72336,1.4394999999999998,0.804,-0.609,24,1
2018,E1,Norwich,46,1.21032,1.188,1.05528,1.2759999999999998,2.043,0.783,1,1
2018,E1,Sheffield United,46,1.00312,0.8448749999999999,0.8064,0.99275,1.935,0.804,2,1
2018,E1,Leeds,46,0.9447200000000001,1.027,0.9941599999999999,0.9504999999999999,1.804,0.5,3,1
2018,E1,West Brom,46,1.13608,1.287,0.85064,1.37875,1.739,0.543,4,1
2018,E1,Aston Villa,46,1.06984,1.261625,0.9783200000000001,1.211625,1.652,0.457,5,1
2018,E1,Derby,46,0.89544,1.106125,0.90336,1.06975,1.609,0.326,6,1
2018,E1,Middlesbrough,46,0.6298400000000001,0.8278749999999999,0.7234400000000001,1.130375,1.587,0.174,7,1
2018,E1,Bristol City,46,0.76488,1.078,0.89336,1.27775,1.522,0.13,8,1
2018,E1,Nott'm Forest,46,0.79144,1.099875,0.74912,1.3259999999999998,1.435,0.152,9,1
2018,E1,Swansea,46,0.8482400000000001,1.26675,0.88616,1.1795,1.413,0.065,10,1
2018,E1,Sheffield Weds,46,0.78288,1.2622499999999999,0.74216,1.3771249999999997,1.391,-0.043,11,1
2018,E1,Brentford,46,0.9508,1.2122499999999998,1.00504,1.131875,1.391,0.304,12,1
2018,E1,Hull,46,0.86504,1.390625,0.6999200000000001,1.354625,1.348,-0.043,13,1
2018,E1,Preston,46,0.8775200000000001,1.371125,0.8122400000000001,1.35,1.326,0.0,14,1
2018,E1,Birmingham,46,0.8328,1.184,0.8493600000000001,1.196625,1.326,0.13,15,1
2018,E1,Blackburn,46,0.83936,1.409125,0.7698400000000001,1.321,1.304,-0.109,16,1
2018,E1,Stoke,46,0.5828000000000001,1.04725,0.61672,1.16875,1.196,-0.152,17,1
2018,E1,Wigan,46,0.6661600000000001,1.29475,0.6992,1.1546249999999998,1.13,-0.283,18,1
2018,E1,QPR,46,0.69576,1.43875,0.8558400000000002,1.2751249999999998,1.109,-0.391,19,1
2018,E1,Reading,46,0.6408800000000001,1.333375,0.7312000000000001,1.6025,1.022,-0.37,20,1
2018,E1,Millwall,46,0.62696,1.292,0.6884800000000001,1.050875,0.957,-0.348,21,1
2018,E1,Rotherham,46,0.6884800000000001,1.68125,0.7873600000000001,1.50375,0.87,-0.674,22,1
2018,E1,Bolton,46,0.38224,1.55425,0.54168,1.4526249999999998,0.696,-1.065,23,1
2018,E1,Ipswich,46,0.47432,1.5418749999999999,0.56072,1.26775,0.674,-0.891,24,1
2019,E1,Leeds,46,0.9972799999999999,0.729,1.1078400000000002,0.894625,2.022,0.913,1,1
2019,E1,West Brom,46,1.0044000000000002,0.9376249999999999,0.9788800000000001,1.0981249999999998,1.804,0.696,2,1
2019,E1,Fulham,46,0.8364000000000001,0.990875,0.95496,1.1735,1.761,0.348,3,1
2019,E1,Brentford,46,1.0384,0.79325,1.01328,0.946,1.761,0.913,4,1
2019,E1,Cardiff,46,0.89512,1.20125,0.81664,1.13,1.587,0.217,5,1
2019,E1,Swansea,46,0.8131200000000001,1.0927499999999999,0.83096,1.165625,1.522,0.196,6,1
2019,E1,Nott'm Forest,46,0.7589600000000001,1.0278749999999999,0.67712,1.204,1.522,0.174,7,1
2019,E1,Millwall,46,0.7464000000000001,1.04775,0.7821600000000001,1.3216249999999998,1.478,0.13,8,1
2019,E1,Preston,46,0.77424,1.111,0.7231200000000001,1.09675,1.435,0.109,9,1
2019,E1,Derby,46,0.81952,1.32,0.8057600000000001,1.3718749999999997,1.391,-0.043,10,1
2019,E1,Bristol City,46,0.7936000000000001,1.3387499999999999,0.68696,1.4318749999999998,1.37,-0.109,11,1
2019,E1,Blackburn,46,0.8719200000000001,1.3031249999999999,0.7984,1.267375,1.37,0.065,12,1
2019,E1,Wigan,46,0.74904,1.150625,0.8162400000000001,1.116125,1.283,0.022,13,1
2019,E1,QPR,46,0.8935200000000001,1.5738750000000001,0.84952,1.347375,1.261,-0.196,14,1
2019,E1,Reading,46,0.7764800000000001,1.1935,0.78688,1.4949999999999999,1.217,0.022,15,1
2019,E1,Sheffield Weds,46,0.76768,1.3575,0.83072,1.1586249999999998,1.217,-0.174,16,1
2019,E1,Stoke,46,0.8219200000000001,1.40275,0.78776,1.204375,1.217,-0.13,17,1
2019,E1,Middlesbrough,46,0.6328800000000001,1.2454999999999998,0.69208,1.2738749999999999,1.152,-0.283,18,1
2019,E1,Huddersfield,46,0.69008,1.433625,0.7172000000000001,1.2135,1.109,-0.391,19,1
2019,E1,Luton,46,0.72296,1.6825,0.5732,1.539375,1.109,-0.609,20,1
2019,E1,Birmingham,46,0.71928,1.5384999999999998,0.73584,1.24925,1.087,-0.457,21,1
2019,E1,Barnsley,46,0.6497600000000001,1.410125,0.85336,1.3267499999999999,1.065,-0.435,22,1
2019,E1,Charlton,46,0.66112,1.3292499999999998,0.66688,1.526625,1.043,-0.326,23,1
2019,E1,Hull,46,0.766,1.78925,0.7141600000000001,1.4477499999999999,0.978,-0.652,24,1
2020,E1,Norwich,46,1.1164,0.8633749999999999,1.1475199999999999,1.2,2.109,0.848,1,1
2020,E1,Watford,46,0.93296,0.7122499999999999,0.8051200000000001,0.853,1.978,0.717,2,1
2020,E1,Brentford,46,1.18192,1.011,0.9801600000000001,1.0975,1.891,0.804,3,1
2020,E1,Swansea,46,0.8352,0.9209999999999999,0.7732000000000001,1.085125,1.739,0.37,4,1
2020,E1,Barnsley,46,0.87296,1.18325,0.8597600000000001,1.09025,1.696,0.174,5,1
2020,E1,Bournemouth,46,1.0956,1.102,0.96448,1.347875,1.674,0.587,6,1
2020,E1,Reading,46,0.9363200000000002,1.282375,0.9460800000000001,1.232375,1.522,0.174,7,1
2020,E1,Cardiff,46,0.9928000000000001,1.16725,0.94736,1.2705,1.478,0.37,8,1
2020,E1,QPR,46,0.86136,1.3007499999999999,0.8308800000000001,1.42125,1.478,0.043,9,1
2020,E1,Middlesbrough,46,0.8297599999999999,1.2512499999999998,0.7240000000000001,1.0371249999999999,1.391,0.043,10,1
2020,E1,Millwall,46,0.70824,1.219625,0.7452000000000001,1.30175,1.348,-0.109,11,1
2020,E1,Luton,46,0.6177600000000001,1.213625,0.7268,1.150125,1.348,-0.239,12,1
2020,E1,Preston,46,0.7408800000000001,1.31575,0.7538400000000001,1.26475,1.326,-0.152,13,1
2020,E1,Stoke,46,0.75352,1.2226249999999999,0.67096,1.02675,1.304,-0.043,14,1
2020,E1,Blackburn,46,0.9817600000000001,1.2854999999999999,1.10496,1.220125,1.239,0.239,15,1
2020,E1,Coventry,46,0.74392,1.4335,0.79216,1.2522499999999999,1.196,-0.261,16,1
2020,E1,Birmingham,46,0.56144,1.4193749999999998,0.62432,1.30825,1.13,-0.522,17,1
2020,E1,Nott'm Forest,46,0.55424,1.04675,0.64256,1.257125,1.13,-0.174,18,1
2020,E1,Bristol City,46,0.70232,1.594375,0.6294400000000001,1.5403749999999998,1.109,-0.478,19,1
2020,E1,Huddersfield,46,0.76544,1.670375,0.7372000000000001,1.556875,1.065,-0.457,20,1
2020,E1,Sheffield Weds,46,0.60704,1.4228750000000001,0.6524000000000001,1.26525,1.022,-0.457,21,1
2020,E1,Derby,46,0.54496,1.3483749999999999,0.7190400000000001,1.22475,0.957,-0.478,22,1
2020,E1,Wycombe,46,0.5957600000000001,1.6084999999999998,0.69936,1.6062499999999997,0.935,-0.652,23,1
2020,E1,Rotherham,46,0.6673600000000001,1.4041249999999998,0.7232000000000001,1.390375,0.913,-0.348,24,1
2021,E1,Fulham,46,1.6049600000000002,1.0639999999999998,1.16296,1.049375,1.957,1.37,2,1
2021,E1,Bournemouth,46,1.11616,0.941375,0.8910399999999999,1.16125,1.913,0.761,3,1
2021,E1,Huddersfield,47,0.97096,1.126375,0.80288,1.4779999999999998,1.745,0.34,4,1
2021,E1,Nott'm Forest,46,1.10184,0.964875,0.836,1.292875,1.739,0.717,5,1
2021,E1,Sheffield United,46,0.9543200000000001,1.0775,0.7893600000000001,1.1095,1.63,0.391,6,1
2021,E1,Luton,47,0.9350400000000001,1.2913749999999997,0.6796000000000001,1.22775,1.617,0.17,7,1
2021,E1,Blackburn,47,0.89168,1.1673749999999998,0.8091200000000001,1.3359999999999999,1.532,0.213,8,1
2021,E1,Millwall,47,0.81616,1.048,0.76536,1.226,1.532,0.213,9,1
2021,E1,Middlesbrough,47,0.8970400000000001,1.194375,0.8231999999999999,1.0945,1.511,0.191,10,1
2021,E1,West Brom,47,0.78776,1.0687499999999999,0.7869600000000001,0.8935,1.447,0.149,11,1
2021,E1,QPR,47,0.9015200000000001,1.4018749999999998,0.78264,1.508875,1.404,0.0,12,1
2021,E1,Preston,47,0.794,1.33025,0.7116,1.365875,1.383,-0.085,13,1
2021,E1,Coventry,47,0.91848,1.41025,0.96344,1.2038749999999998,1.383,0.021,14,1
2021,E1,Blackpool,47,0.8138400000000001,1.3516249999999999,0.68024,1.38825,1.34,-0.064,15,1
2021,E1,Stoke,47,0.8542400000000001,1.2611249999999998,0.69376,1.174875,1.319,0.064,16,1
2021,E1,Swansea,47,0.89392,1.6233749999999998,0.78712,1.521625,1.319,-0.213,17,1
2021,E1,Derby,46,0.68544,1.252375,0.63224,1.3968749999999999,1.196,-0.174,18,1
2021,E1,Cardiff,47,0.77032,1.6135,0.7176,1.26175,1.191,-0.362,19,1
2021,E1,Bristol City,47,0.9588800000000002,1.862625,0.7040000000000001,1.665375,1.17,-0.34,20,1
2021,E1,Hull,47,0.63648,1.26675,0.5957600000000001,1.643125,1.149,-0.255,21,1
2021,E1,Birmingham,47,0.7577600000000001,1.7385,0.68424,1.49875,1.021,-0.532,22,1
2021,E1,Wigan,1,0.0,0.0,0.96184,0.7384999999999999,1.0,0.0,23,1
2021,E1,Rotherham,1,0.59336,1.0776249999999998,1.38136,1.6689999999999998,1.0,0.0,24,1
2021,E1,Reading,47,0.82576,2.0524999999999998,0.6924000000000001,1.7627499999999998,1.0,-0.723,25,1
2021,E1,Sunderland,1,0.6830400000000001,1.0487499999999998,1.0912000000000002,0.5453749999999999,1.0,0.0,26,1
2021,E1,Peterboro,46,0.672,2.054375,0.6498400000000001,1.6362499999999998,0.804,-0.957,27,1
2021,E1,Barnsley,46,0.51,1.7101250000000001,0.67176,1.668,0.652,-0.87,28,1
2022,E1,Burnley,45,1.23144,0.810125,0.99712,1.0298749999999999,2.178,1.133,1,1
2022,E1,Sheffield United,46,1.02264,0.875375,1.04312,0.98275,1.978,0.739,2,1
2022,E1,Luton,45,0.8170400000000001,0.881875,0.79032,0.936875,1.756,0.4,3,1
2022,E1,Middlesbrough,45,1.2040800000000003,1.27675,0.9077600000000001,1.21475,1.644,0.622,4,1
2022,E1,Coventry,45,0.82016,1.0259999999999998,0.92296,1.16425,1.533,0.267,5,1
2022,E1,Sunderland,45,0.9676800000000001,1.2362499999999998,0.90552,1.24525,1.511,0.289,6,1
2022,E1,Blackburn,45,0.7432000000000001,1.2149999999999999,0.7692800000000001,1.309875,1.467,-0.067,7,1
2022,E1,Millwall,45,0.7936000000000001,1.13275,0.85032,1.146125,1.444,0.111,8,1
2022,E1,Swansea,45,0.9800800000000001,1.4385,1.01288,1.24125,1.444,0.089,9,1
2022,E1,West Brom,45,0.84016,1.19475,0.8961600000000001,1.07375,1.444,0.133,10,1
2022,E1,Preston,45,0.65672,1.3179999999999998,0.74248,1.2808749999999998,1.378,-0.311,11,1
2022,E1,Norwich,45,0.82608,1.195875,0.92128,1.305375,1.378,0.089,12,1
2022,E1,Watford,46,0.79264,1.17475,0.7989600000000001,1.379125,1.37,0.065,13,1
2022,E1,Bristol City,45,0.784,1.22,0.69152,1.2133749999999999,1.311,0.0,14,1
2022,E1,Hull,45,0.71304,1.352875,0.63224,1.37825,1.222,-0.244,15,1
2022,E1,Huddersfield,45,0.6799200000000001,1.390125,0.7265600000000001,1.470625,1.178,-0.311,16,1
2022,E1,Stoke,45,0.7942400000000001,1.1781249999999999,0.9481600000000001,1.1269999999999998,1.178,0.067,17,1
2022,E1,Birmingham,45,0.6787200000000001,1.3064999999999998,0.7013600000000001,1.2631249999999998,1.156,-0.244,18,1
2022,E1,Reading,45,0.6778400000000001,1.504125,0.63456,1.3051249999999999,1.111,-0.467,19,1
2022,E1,QPR,45,0.6452800000000001,1.5707499999999999,0.7369600000000001,1.36725,1.111,-0.578,20,1
2022,E1,Rotherham,45,0.7008800000000001,1.3367499999999999,0.59616,1.66525,1.089,-0.244,21,1
2022,E1,Cardiff,45,0.58072,1.299875,0.7125600000000001,1.151125,1.022,-0.4,22,1
2022,E1,Wigan,45,0.55584,1.448,0.59104,1.181375,0.978,-0.6,23,1
2022,E1,Blackpool,45,0.6940000000000001,1.617,0.67088,1.5676249999999998,0.911,-0.556,24,1
2023,E1,Leicester,46,1.13952,0.8473749999999999,0.9948800000000001,1.0607499999999999,2.109,1.043,1,1
2023,E1,Ipswich,46,1.1916,1.1815,1.06264,1.1235,2.087,0.761,2,1
2023,E1,Leeds,46,1.0384,0.8837499999999999,0.9960800000000001,0.859125,1.957,0.826,3,1
2023,E1,Southampton,46,1.1316000000000002,1.3014999999999999,1.0834400000000002,1.131375,1.891,0.522,4,1
2023,E1,West Brom,46,0.89968,0.958625,0.6773600000000001,0.965875,1.63,0.5,5,1
2023,E1,Norwich,46,1.028,1.314625,0.8384800000000001,1.31625,1.587,0.326,6,1
2023,E1,Hull,46,0.8820000000000001,1.2226249999999999,0.954,1.18825,1.522,0.174,7,1
2023,E1,Middlesbrough,46,0.92232,1.2661249999999997,0.9381600000000001,1.20675,1.5,0.196,8,1
2023,E1,Coventry,46,0.9073600000000002,1.2038749999999998,0.8170400000000001,1.2889999999999997,1.391,0.239,9,1
2023,E1,Preston,46,0.7296800000000001,1.3539999999999999,0.61272,1.383125,1.37,-0.239,10,1
2023,E1,Cardiff,46,0.6920000000000001,1.4117499999999998,0.7262400000000001,1.289125,1.348,-0.37,11,1
2023,E1,Bristol City,46,0.6828000000000001,1.028,0.70816,1.22375,1.348,0.043,12,1
2023,E1,Millwall,46,0.58128,1.102625,0.6925600000000001,1.08825,1.283,-0.217,13,1
2023,E1,Swansea,46,0.76776,1.31625,0.7408000000000001,1.3735,1.239,-0.13,14,1
2023,E1,Stoke,46,0.6352000000000001,1.206375,0.69216,1.241875,1.217,-0.239,15,1
2023,E1,QPR,46,0.6084,1.1644999999999999,0.7280000000000001,1.193,1.217,-0.239,16,1
2023,E1,Watford,46,0.7916000000000001,1.236875,0.7853600000000001,1.33825,1.217,0.0,17,1
2023,E1,Sunderland,46,0.67136,1.087875,0.91176,1.153125,1.217,-0.043,18,1
2023,E1,Sheffield Weds,46,0.57352,1.36275,0.64136,1.1809999999999998,1.152,-0.522,19,1
2023,E1,Blackburn,46,0.78584,1.4999999999999998,0.80992,1.4753749999999999,1.152,-0.304,20,1
2023,E1,Plymouth,46,0.77048,1.41775,0.8908,1.4041249999999998,1.109,-0.239,21,1
2023,E1,Birmingham,46,0.6504800000000001,1.3079999999999998,0.72536,1.41725,1.087,-0.326,22,1
2023,E1,Huddersfield,46,0.62968,1.54775,0.71152,1.3584999999999998,0.978,-0.63,23,1
2023,E1,Rotherham,46,0.48936,1.7755,0.46112000000000003,1.73875,0.587,-1.13,24,1
2024,E1,Burnley,46,0.9508,0.35812499999999997,0.82488,0.789625,2.174,1.152,1,1
2024,E1,Leeds,46,1.3236,0.6855,1.15968,0.7323749999999999,2.174,1.413,2,1
2024,E1,Sheffield United,46,0.88128,0.8026249999999999,0.85472,1.052125,2.0,0.587,3,1
2024,E1,Sunderland,46,0.8162400000000001,0.977625,0.85344,1.00975,1.652,0.304,4,1
2024,E1,Coventry,46,0.9106400000000001,1.29525,0.9007999999999999,1.238875,1.5,0.13,5,1
2024,E1,Bristol City,46,0.83744,1.2233749999999999,0.8556800000000001,1.23575,1.478,0.087,6,1
2024,E1,Millwall,46,0.66376,1.07975,0.7488000000000001,1.1092499999999998,1.435,-0.043,7,1
2024,E1,Blackburn,46,0.7480800000000001,1.0625,0.7214400000000001,1.2688749999999998,1.435,0.109,8,1
2024,E1,West Brom,46,0.8039999999999999,1.0434999999999999,0.7804000000000001,1.11825,1.391,0.217,9,1
2024,E1,Middlesbrough,45,0.88712,1.2485,0.98112,1.24075,1.356,0.133,10,1
2024,E1,Swansea,46,0.72424,1.2379999999999998,0.74232,1.207125,1.326,-0.109,11,1
2024,E1,Sheffield Weds,46,0.8609600000000001,1.53675,0.8193600000000001,1.226375,1.261,-0.196,12,1
2024,E1,Watford,46,0.7556,1.35075,0.7618400000000001,1.43325,1.239,-0.174,13,1
2024,E1,Norwich,46,1.01848,1.5276249999999998,0.8660000000000001,1.2788749999999998,1.239,0.065,14,1
2024,E1,QPR,46,0.7568,1.39525,0.7899200000000001,1.30175,1.217,-0.217,15,1
2024,E1,Portsmouth,46,0.83352,1.5788749999999998,0.7643200000000001,1.5247499999999998,1.174,-0.283,16,1
2024,E1,Oxford,46,0.70064,1.4351249999999998,0.68984,1.455625,1.152,-0.348,17,1
2024,E1,Stoke,45,0.6408,1.33025,0.7304,1.5347499999999998,1.133,-0.333,18,1
2024,E1,Hull,45,0.642,1.1886249999999998,0.7489600000000001,1.26575,1.089,-0.2,19,1
2024,E1,Derby,46,0.6816,1.2351249999999998,0.65144,1.166375,1.087,-0.174,20,1
2024,E1,Preston,46,0.6831200000000001,1.3013749999999997,0.70648,1.211875,1.087,-0.239,21,1
2024,E1,Luton,46,0.64536,1.518875,0.72512,1.416375,1.065,-0.522,22,1
2024,E1,Plymouth,46,0.7425600000000001,1.947375,0.6466400000000001,1.7524999999999997,1.0,-0.804,23,1
2024,E1,Cardiff,45,0.69136,1.639375,0.87632,1.4289999999999998,0.911,-0.578,24,1
2025,E1,Coventry,46,1.28336,0.964875,1.0893599999999999,1.13275,2.065,1.13,1,1
2025,E1,Ipswich,46,1.0596,0.99525,0.99504,1.113375,1.826,0.717,2,1
2025,E1,Millwall,46,0.84856,1.02575,0.82272,1.183125,1.804,0.326,3,1
2025,E1,Southampton,46,1.09336,1.1881249999999999,1.04368,1.16375,1.739,0.565,4,1
2025,E1,Middlesbrough,46,0.9534400000000001,0.9894999999999999,0.9704000000000002,1.0107499999999998,1.739,0.543,5,1
2025,E1,Hull,46,0.9398400000000001,1.3884999999999998,0.8137600000000001,1.4698749999999998,1.587,0.087,6,1
2025,E1,Wrexham,46,0.92576,1.366375,0.7416,1.3442499999999997,1.543,0.087,7,1
2025,E1,Derby,46,0.8948800000000001,1.23825,0.70592,1.288625,1.5,0.174,8,1
2025,E1,Norwich,46,0.8395200000000002,1.1717499999999998,0.87416,1.193125,1.413,0.152,9,1
2025,E1,Swansea,46,0.76112,1.22925,0.76808,1.372875,1.391,-0.043,10,1
2025,E1,Birmingham,46,0.7594400000000001,1.166625,0.8072800000000001,1.088625,1.391,0.022,11,1
2025,E1,Bristol City,46,0.7878400000000001,1.2309999999999999,0.8058400000000001,1.342375,1.348,0.0,12,1
2025,E1,Preston,46,0.7359200000000001,1.29,0.7064,1.3084999999999998,1.304,-0.152,13,1
2025,E1,Sheffield United,46,0.886,1.384375,0.8392,1.3112499999999998,1.304,0.0,14,1
2025,E1,QPR,46,0.82296,1.526,0.7996800000000001,1.2751249999999998,1.261,-0.261,15,1
2025,E1,Watford,46,0.71064,1.3505,0.8719200000000001,1.26,1.239,-0.261,16,1
2025,E1,Stoke,46,0.67936,1.1615,0.7420800000000001,1.197875,1.196,-0.109,17,1
2025,E1,Portsmouth,46,0.6564800000000001,1.325875,0.7208800000000001,1.20325,1.196,-0.326,18,1
2025,E1,Charlton,46,0.5868800000000001,1.1969999999999998,0.69312,1.287625,1.152,-0.304,19,1
2025,E1,West Brom,46,0.64024,1.2005,0.78768,0.9941249999999999,1.152,-0.217,20,1
2025,E1,Leicester,46,0.7795200000000001,1.418125,0.81608,1.2495,1.13,-0.217,21,1
2025,E1,Blackburn,46,0.5593600000000001,1.1541249999999998,0.6212,1.130625,1.13,-0.304,22,1
2025,E1,Oxford,46,0.6006400000000001,1.2186249999999998,0.6670400000000001,1.272625,1.022,-0.304,23,1
2025,E1,Sheffield Weds,46,0.39528,1.8181249999999998,0.49672000000000005,1.806125,0.391,-1.304,24,1
2026,E1,Charlton,4,0.6528,0.7058749999999999,0.46264000000000005,1.450375,2.5,0.75,1,1
2026,E1,Swansea,4,1.16792,0.219875,1.1728,0.6174999999999999,2.5,1.5,2,1
2026,E1,QPR,4,0.8376,0.642375,0.9812,0.748875,2.5,1.0,3,1
2026,E1,Wolves,4,1.3208000000000002,2.2855,0.8364000000000001,1.6445,1.75,0.75,4,1
2026,E1,West Brom,4,0.73568,1.593,0.8012000000000001,1.2758749999999999,1.75,0.25,5,1
2026,E1,Middlesbrough,4,0.7536,1.4931249999999998,0.8332800000000001,1.3568749999999998,1.75,0.5,6,1
2026,E1,Bristol City,4,0.82864,1.549625,0.7796000000000001,0.8594999999999999,1.75,0.25,7,1
2026,E1,Southampton,4,1.6776800000000003,1.2151249999999998,1.20856,1.111875,1.75,1.25,8,1
2026,E1,Millwall,4,0.75112,1.26975,0.8444000000000002,0.68375,1.5,-0.5,9,1
2026,E1,Sheffield United,4,0.9592800000000001,0.704375,0.52528,1.13375,1.5,0.25,10,1
2026,E1,Birmingham,4,0.79456,0.5725,0.7254400000000001,1.0115,1.5,0.25,11,1
2026,E1,Blackburn,4,0.58792,0.9884999999999999,0.6094400000000001,1.014125,1.25,0.0,12,1
2026,E1,West Ham,4,0.89024,1.4071249999999997,0.85984,1.512125,1.25,0.25,13,1
2026,E1,Wrexham,4,1.00688,0.7747499999999999,0.95384,0.81375,1.25,0.5,14,1
2026,E1,Watford,4,0.73448,0.6773750000000001,0.99856,0.7818749999999999,1.25,-0.25,15,1
2026,E1,Bolton,4,0.60928,1.3083749999999998,0.8088,2.083,1.0,-0.25,16,1
2026,E1,Lincoln,4,0.34664000000000006,1.2295,0.36008,1.69275,1.0,-0.5,17,1
2026,E1,Derby,4,0.80496,1.23825,0.7243200000000001,1.6618749999999998,1.0,-0.5,18,1
2026,E1,Stoke,4,0.48136,1.2338749999999998,0.44608000000000003,1.175375,0.75,-1.25,19,1
2026,E1,Norwich,4,0.50664,1.863125,1.16032,1.4674999999999998,0.75,-0.5,20,1
2026,E1,Cardiff,4,1.17944,1.2526249999999999,1.23232,1.6969999999999998,0.75,-0.25,21,1
2026,E1,Portsmouth,4,0.71296,1.8329999999999997,0.80192,1.48675,0.75,-0.75,22,1
2026,E1,Burnley,4,0.5181600000000001,2.2455,0.67832,1.0975,0.5,-1.25,23,1
2026,E1,Preston,4,0.34144,1.6967499999999998,0.39544,1.622125,0.0,-1.5,24,1
